timestamp,tf,side,signal_price,direction,momentum,atr,future_return_5,future_return_15
2026-04-14 17:59:00,1m,LONG,73981.5,down,exhaustion_down,150.174,0.0035562944790252403,0.0024343923818793325
2026-04-14 18:55:00,1m,SHORT,74168.2,down,exhaustion_up,128.282,0.0001860635690228819,0.0013752524666905764
2026-04-14 18:58:00,1m,SHORT,74228.1,down,exhaustion_up,129.597,-0.0016139440454491344,0.001066981372283503
2026-04-14 18:59:00,1m,SHORT,74203.0,down,exhaustion_up,129.597,-0.0011724593345282537,0.0014662479953641081
2026-04-14 19:14:00,1m,SHORT,74311.8,down,exhaustion_up,133.583,-0.003249820351545784,-0.00495883560888042
2026-04-14 19:26:00,1m,LONG,74019.8,down,exhaustion_down,139.092,-0.0008146468917776447,-0.0003080256904234125
2026-04-14 22:04:00,1m,SHORT,74587.1,up,exhaustion_up,145.831,0.0011677622537944398,0.0008607386531987044
2026-04-14 22:06:00,1m,SHORT,74605.3,up,exhaustion_up,144.286,8.042324070809983e-05,0.0003243737375226303
2026-04-14 22:07:00,1m,SHORT,74622.0,up,exhaustion_up,144.286,0.0001152475141379998,-0.0008295140843182196
2026-04-14 22:39:00,1m,LONG,74472.7,up,exhaustion_down,134.794,0.0015415044707658364,0.0008875735672267263
2026-04-15 10:39:00,1m,LONG,74024.9,up,exhaustion_down,133.474,-0.00264235412678695,-0.002073626577003144
2026-04-15 13:16:00,1m,SHORT,74006.5,neutral,exhaustion_up,167.797,0.0009701850513130996,0.00030537858161115337
2026-04-15 16:09:00,1m,SHORT,74602.3,up,exhaustion_up,128.294,-3.2170589914905186e-05,-0.00020374706946028594
2026-04-15 16:12:00,1m,SHORT,74602.9,up,exhaustion_up,125.316,0.0007546623522678463,-0.00011929831145966417
2026-04-15 16:32:00,1m,SHORT,74800.6,up,exhaustion_up,129.896,0.0056804357184299875,0.0021109456341258516
2026-04-15 16:44:00,1m,SHORT,75056.2,up,exhaustion_up,145.168,-0.0009366314841412557,-0.0010152392473905833
2026-04-15 17:14:00,1m,LONG,74636.8,up,exhaustion_down,158.415,-0.0008708840679128794,0.0005118118676041455
2026-04-15 17:15:00,1m,LONG,74625.8,up,exhaustion_down,158.415,-0.0009353333565603706,0.001283738331783417
2026-04-15 17:16:00,1m,LONG,74634.0,up,exhaustion_down,159.592,-0.000635099284508323,0.002949058070048581
2026-04-15 17:19:00,1m,LONG,74514.3,up,exhaustion_down,159.592,0.0011366945673514626,0.002574002574002613
2026-04-15 17:21:00,1m,LONG,74556.0,up,exhaustion_down,154.136,-0.0002628896400022241,0.0028166747143087076
2026-04-15 18:44:00,1m,SHORT,74762.8,up,exhaustion_up,133.094,-0.0009041929943769604,-0.0008292894327125254
2026-04-15 19:05:00,1m,SHORT,74955.6,up,exhaustion_up,139.984,0.0013394596267656343,-0.0010753032461884877
2026-04-15 19:07:00,1m,SHORT,74901.9,up,exhaustion_up,151.142,0.0016207866556123241,0.001309713104741079
2026-04-15 19:09:00,1m,SHORT,74904.6,up,exhaustion_up,151.142,0.0012736200446967765,0.0010172939979653732
2026-04-15 19:40:00,1m,SHORT,75251.1,up,exhaustion_up,172.073,-0.0024119248755167695,-0.0026046130887123244
2026-04-15 20:02:00,1m,LONG,74776.0,up,exhaustion_down,176.242,0.00046405263720976104,-0.0012931956777575305
2026-04-15 20:10:00,1m,LONG,74745.3,up,exhaustion_down,177.103,-0.0013980812171467637,-0.0010716392870187934
2026-04-15 20:17:00,1m,LONG,74679.3,up,exhaustion_down,168.711,-7.632637156477216e-05,0.00037761468037323715
2026-04-15 20:18:00,1m,LONG,74661.6,up,exhaustion_down,168.711,-3.884192141621303e-05,0.00040449173336758236
2026-04-15 21:06:00,1m,LONG,74614.3,neutral,exhaustion_down,135.012,2.278383634232432e-05,-0.0013013591228491833
2026-04-15 22:03:00,1m,LONG,74612.0,neutral,exhaustion_down,130.935,-0.0009408674207901824,-0.001361711252881652
2026-04-15 23:53:00,1m,LONG,74860.0,neutral,exhaustion_down,154.637,0.000764092973550589,0.0026983702912102593
2026-04-15 23:54:00,1m,LONG,74806.0,neutral,exhaustion_down,154.637,0.0004652033259364611,0.0023407213325135124
2026-04-16 00:08:00,1m,SHORT,75061.9,up,exhaustion_up,153.18,-0.00177320318297287,-0.0011084185185826244
2026-04-16 01:50:00,1m,LONG,74775.0,up,exhaustion_down,130.001,0.001893681043129466,0.0025182213306586816
2026-04-16 10:57:00,1m,LONG,73700.0,down,exhaustion_down,223.797,-0.0011451831750338424,0.0018398914518318293
2026-04-16 10:58:00,1m,LONG,73647.0,down,exhaustion_down,223.797,0.0005974445666490149,0.003142015289149513
2026-04-16 11:02:00,1m,LONG,73686.6,down,exhaustion_down,222.797,0.001538950094046871,0.0005849096036455918
2026-04-16 11:05:00,1m,LONG,73664.7,down,exhaustion_down,222.797,0.002975645051157435,-0.0015896351984056307
2026-04-16 11:06:00,1m,LONG,73618.3,down,exhaustion_down,233.954,0.0029517117347181735,-0.0009739426202451984
2026-04-16 11:19:00,1m,LONG,73575.2,down,exhaustion_down,242.743,-0.000622492361556651,0.004074742576302925
2026-04-16 11:21:00,1m,LONG,73546.7,down,exhaustion_down,240.547,-0.00021618916960236393,0.004053207009967896
2026-04-16 11:24:00,1m,LONG,73482.1,down,exhaustion_down,240.547,0.003577742062352521,0.005031157247819497
2026-04-16 11:25:00,1m,LONG,73529.3,down,exhaustion_down,240.547,0.004682487117380458,0.004361526629520437
2026-04-16 11:26:00,1m,LONG,73535.1,down,exhaustion_down,244.272,0.003872980386237162,0.003875700175834397
2026-04-16 11:27:00,1m,LONG,73530.9,down,exhaustion_down,244.272,0.0037943232028983735,0.004421270513484886
2026-04-16 11:30:00,1m,SHORT,73744.9,down,exhaustion_up,244.272,0.0013546699500576818,0.002534412549206911
2026-04-16 11:33:00,1m,SHORT,73809.9,down,exhaustion_up,241.81,0.0005676745260460823,0.0019658609481926657
2026-04-16 11:35:00,1m,SHORT,73870.2,down,exhaustion_up,241.81,-0.000678216655701369,0.0022309402167586243
2026-04-16 11:37:00,1m,SHORT,73884.5,down,exhaustion_up,232.466,-0.00023820963801617147,0.0032672617396070107
2026-04-16 11:38:00,1m,SHORT,73890.0,down,exhaustion_up,232.466,0.0008133712275004171,0.0010420895926377047
2026-04-16 11:45:00,1m,SHORT,73931.8,down,exhaustion_up,232.076,0.0013052570071336014,7.033509261234123e-05
2026-04-16 11:48:00,1m,SHORT,73954.9,down,exhaustion_up,227.149,-1.7578280816935166e-05,-1.7578280816935166e-05
2026-04-16 12:07:00,1m,SHORT,74054.0,down,exhaustion_up,223.908,0.0019796364814865615,0.003895805763361871
2026-04-16 12:09:00,1m,SHORT,74140.8,down,exhaustion_up,223.908,0.0017426302386809567,0.00198676032629811
2026-04-16 12:11:00,1m,SHORT,74325.5,down,exhaustion_up,224.872,-0.0018109531721953545,-0.00010494379452547121
2026-04-16 12:14:00,1m,SHORT,74219.2,down,exhaustion_up,224.872,-1.7515683273370105e-05,0.0002708194106108099
2026-04-16 12:15:00,1m,SHORT,74270.1,down,exhaustion_up,224.872,0.00044028485218139044,-0.0015995669859068845
2026-04-16 12:16:00,1m,SHORT,74221.2,down,exhaustion_up,222.738,0.0016343039455034803,-0.00044731154979974847
2026-04-16 12:26:00,1m,SHORT,74317.7,down,exhaustion_up,218.59,-0.0014424558348818263,0.002858000180307097
2026-04-16 13:25:00,1m,LONG,74590.0,up,exhaustion_down,233.283,-0.0006006167046521372,-0.0027336104035392706
2026-04-16 14:26:00,1m,SHORT,74206.7,neutral,exhaustion_up,214.051,0.0004568320650292862,0.0006913122399999314
2026-04-16 14:32:00,1m,SHORT,74240.6,neutral,exhaustion_up,206.898,-0.0016190601907852527,0.0018426575216254765
2026-04-16 14:33:00,1m,SHORT,74257.9,neutral,exhaustion_up,206.898,-0.0015324968791197754,0.001547310117846165
2026-04-16 15:03:00,1m,SHORT,74442.8,neutral,exhaustion_up,189.898,-0.0019195946417922046,-0.0012452513876425536
2026-04-16 15:54:00,1m,SHORT,74899.8,up,exhaustion_up,190.075,0.0013377872838111328,-0.0007543411330871377
2026-04-16 15:56:00,1m,SHORT,74878.4,up,exhaustion_up,191.813,0.0010323404346247104,-0.0010016239663240669
2026-04-16 15:57:00,1m,SHORT,74881.6,up,exhaustion_up,191.813,0.0009628533578341176,-0.001195220187602829
2026-04-16 16:00:00,1m,SHORT,75000.1,up,exhaustion_up,191.813,-0.001237331683557794,-0.0027679963093383314
2026-04-16 16:01:00,1m,SHORT,74962.6,up,exhaustion_up,191.076,-0.0018702659726318408,-0.0021637456544998657
2026-04-16 16:02:00,1m,SHORT,74955.6,up,exhaustion_up,191.076,-0.0012567439924436818,-0.0023533932087797136
2026-04-16 16:03:00,1m,SHORT,74953.6,up,exhaustion_up,191.076,-0.0014715770823549889,-0.0013501686376639899
2026-04-16 16:04:00,1m,SHORT,74946.3,up,exhaustion_up,191.076,-0.001457043242961922,-0.001346297282187496
2026-04-16 16:33:00,1m,SHORT,75109.0,up,exhaustion_up,178.335,0.0006643677854850175,0.002250063241422466
2026-04-16 16:42:00,1m,SHORT,75182.5,up,exhaustion_up,182.827,0.0012702424101353374,0.002108203371795298
2026-04-16 16:43:00,1m,SHORT,75206.4,up,exhaustion_up,182.827,9.573653306117088e-05,0.0017884116245425923
2026-04-16 16:44:00,1m,SHORT,75221.6,up,exhaustion_up,182.827,0.0001355993491230855,0.0015141927318748096
2026-04-16 16:46:00,1m,SHORT,75202.3,up,exhaustion_up,177.246,5.983859536210993e-05,0.0028017760095103085
2026-04-16 16:47:00,1m,SHORT,75224.7,up,exhaustion_up,177.246,2.6587011978391357e-06,0.0017108742208343415
2026-04-16 16:54:00,1m,SHORT,75272.1,up,exhaustion_up,178.85,0.0004955355304287825,-0.0005725893126404845
2026-04-16 16:58:00,1m,SHORT,75340.9,up,exhaustion_up,174.318,-0.0013007543047667337,0.0005295928240837146
2026-04-16 16:59:00,1m,SHORT,75335.6,up,exhaustion_up,174.318,-0.000609273703269221,-4.513138542745702e-05
2026-04-16 17:01:00,1m,SHORT,75413.1,up,exhaustion_up,180.859,-0.0016442766575038023,-0.0005794749188139944
2026-04-16 17:13:00,1m,SHORT,75380.8,up,exhaustion_up,178.502,-0.001552119372572326,-0.0029264746460637963
2026-04-16 17:22:00,1m,LONG,75123.1,up,exhaustion_down,177.961,0.0004938560842136609,-0.0015680929035144038
2026-04-16 18:26:00,1m,LONG,74877.6,up,exhaustion_down,149.941,-0.00016293257262534644,0.0010123187709006212
2026-04-16 18:31:00,1m,LONG,74864.4,up,exhaustion_down,148.746,0.00042076073540962063,0.0006772244217546877
2026-04-17 05:46:00,1m,SHORT,75313.9,up,exhaustion_up,134.963,0.0016743257220779408,0.004424150123682503
2026-04-17 05:56:00,1m,SHORT,75763.9,up,exhaustion_up,151.857,-0.0008645278292168171,-0.0008447294819828442
2026-04-17 05:57:00,1m,SHORT,75745.6,up,exhaustion_up,151.857,-0.0012159122114024552,0.00017954838300827068
2026-04-17 05:59:00,1m,SHORT,75695.9,up,exhaustion_up,151.857,-0.0006037315098967988,0.0012986172302595373
2026-04-17 06:14:00,1m,SHORT,75794.2,up,exhaustion_up,157.152,-0.0007731462301863635,0.006350090112436082
2026-04-17 06:17:00,1m,SHORT,75815.7,up,exhaustion_up,164.684,0.000420757178262665,0.000503853423499316
2026-04-17 06:30:00,1m,SHORT,76249.6,up,exhaustion_up,191.249,-0.008540372670807605,-0.006974462816854159
2026-04-17 06:35:00,1m,LONG,75678.5,up,exhaustion_down,229.817,1.5856551067966326e-05,0.0004968386001308934
2026-04-17 06:40:00,1m,LONG,75610.0,up,exhaustion_down,231.659,0.0009258034651501124,0.002909668033328925
2026-04-17 06:55:00,1m,SHORT,75830.0,up,exhaustion_up,220.058,-0.0020321772385600134,-0.0019082157457470275
2026-04-17 07:13:00,1m,LONG,75590.1,up,exhaustion_down,200.55,0.0006971812446338487,-0.00032411651790379954
2026-04-17 07:29:00,1m,LONG,75317.8,up,exhaustion_down,214.756,-0.0009506384944861085,-0.00264612083730543
2026-04-17 07:32:00,1m,LONG,75142.4,up,exhaustion_down,218.224,0.0006986734520057918,-0.0003380248701132008
2026-04-17 07:34:00,1m,LONG,75217.3,up,exhaustion_down,218.224,-0.0008575154917818108,9.838162231287455e-05
2026-04-17 07:37:00,1m,LONG,75241.7,up,exhaustion_down,217.415,-0.0004226379786740984,-0.0004585223353539327
2026-04-17 07:40:00,1m,LONG,75152.8,up,exhaustion_down,217.415,-0.0012334869758677933,0.0011576414983872855
2026-04-17 08:32:00,1m,SHORT,75492.0,up,exhaustion_up,157.756,-0.0006583479044136742,-0.0013855772797118347
2026-04-17 09:21:00,1m,SHORT,75691.2,up,exhaustion_up,132.184,-0.0012894497643053786,0.000466368613524464
2026-04-17 09:49:00,1m,SHORT,76067.9,up,exhaustion_up,168.745,0.0015065487544681242,-4.2067679007795535e-05
2026-04-17 09:51:00,1m,SHORT,76076.0,up,exhaustion_up,176.034,0.0006782690993218074,0.00042194647457813
2026-04-17 09:54:00,1m,SHORT,76102.3,up,exhaustion_up,176.034,0.0012259813435336765,0.005717304207625673
2026-04-17 10:00:00,1m,SHORT,76195.7,up,exhaustion_up,177.296,-0.0011496711756699036,0.00894669909194347
2026-04-17 10:10:00,1m,SHORT,76568.1,up,exhaustion_up,226.364,0.00220065536430968,0.0034727255867651693
2026-04-17 10:13:00,1m,SHORT,76700.9,up,exhaustion_up,241.16,0.0007340200701687062,-0.0031329488962970236
2026-04-17 10:19:00,1m,SHORT,76757.2,up,exhaustion_up,247.962,0.0010005576024138831,-0.0054275038693437395
2026-04-17 10:20:00,1m,SHORT,76768.2,up,exhaustion_up,247.962,0.0018171586672606627,-0.0037997504174905375
2026-04-17 10:22:00,1m,SHORT,76714.8,up,exhaustion_up,245.179,-0.003313571827078961,-0.0029055671135166713
2026-04-17 10:25:00,1m,SHORT,76833.9,up,exhaustion_up,245.179,-0.005563950287568379,-0.004305391240064456
2026-04-17 10:52:00,1m,SHORT,77164.6,up,exhaustion_up,308.91,0.0008099568973337514,-0.00016328731050255972
2026-04-17 10:56:00,1m,SHORT,77190.3,up,exhaustion_up,306.581,0.0011672451072219083,-0.0010402861499437482
2026-04-17 10:58:00,1m,SHORT,77227.0,up,exhaustion_up,306.581,0.0008015331425536946,-0.002875937172232585
2026-04-17 11:00:00,1m,SHORT,77294.2,up,exhaustion_up,306.581,-0.0015072282266974755,-0.0032913206941787895
2026-04-17 11:01:00,1m,SHORT,77399.0,up,exhaustion_up,308.254,-0.0031912557009780487,-0.0030762671352343807
2026-04-17 11:02:00,1m,SHORT,77280.5,up,exhaustion_up,308.254,-0.0008553257290002759,-0.0013470409741138556
2026-04-17 11:03:00,1m,SHORT,77224.7,up,exhaustion_up,308.254,0.00035998844929152087,-0.0010268735262163908
2026-04-17 11:05:00,1m,SHORT,77259.1,up,exhaustion_up,308.254,-0.001929869749971276,-0.00020838969131151954
2026-04-17 11:09:00,1m,SHORT,77252.5,up,exhaustion_up,300.179,-0.0027533089544027325,0.0049034011844277265
2026-04-17 11:13:00,1m,LONG,77004.9,up,exhaustion_down,292.809,0.0022271310007544974,0.008529327354493065
2026-04-17 11:14:00,1m,LONG,76998.6,up,exhaustion_down,292.809,0.0031740836846383463,0.0065637557046491
2026-04-17 11:23:00,1m,SHORT,77376.7,up,exhaustion_up,305.699,0.0016451981022711348,0.004823157358739738
2026-04-17 11:32:00,1m,SHORT,77548.4,up,exhaustion_up,311.808,0.002598377271484647,0.0029865219656370194
2026-04-17 11:33:00,1m,SHORT,77571.2,up,exhaustion_up,311.808,0.002629842003217689,0.0028090322181429286
2026-04-17 11:38:00,1m,SHORT,77749.9,up,exhaustion_up,305.429,0.000670097324884094,0.0028051483024416216
2026-04-17 11:39:00,1m,SHORT,77775.2,up,exhaustion_up,305.429,0.002040496199302568,0.000642878449685761
2026-04-17 11:41:00,1m,SHORT,77835.4,up,exhaustion_up,301.555,-0.0007117584029887967,-0.0018821770042936764
2026-04-17 11:49:00,1m,SHORT,77835.2,up,exhaustion_up,300.094,-0.0009250313482845807,-0.0030898616564228013
2026-04-17 12:04:00,1m,LONG,77594.7,up,exhaustion_down,302.588,0.0021290113886643946,0.0032321795174155314
2026-04-17 12:05:00,1m,LONG,77662.2,up,exhaustion_down,302.588,0.0018979632305034977,0.0020138497235464453
2026-04-17 12:27:00,1m,LONG,77692.8,up,exhaustion_down,269.148,-0.001126230487252358,-0.001140388813377891
2026-04-17 12:57:00,1m,SHORT,77777.0,up,exhaustion_up,255.174,0.0005592913071987862,0.0011082967972536493
2026-04-17 12:58:00,1m,SHORT,77771.5,up,exhaustion_up,255.174,0.0011263766289708417,0.0021203139967725217
2026-04-17 13:06:00,1m,SHORT,77854.8,up,exhaustion_up,248.616,0.00010789315494990904,0.003527078613007692
2026-04-17 13:23:00,1m,SHORT,78027.1,up,exhaustion_up,254.89,0.0008394519340075435,0.0023402125671720627
2026-04-17 13:26:00,1m,SHORT,78125.7,up,exhaustion_up,246.448,0.001194229299705512,5.5039506846055915e-05
2026-04-17 13:27:00,1m,SHORT,78138.1,up,exhaustion_up,246.448,-0.0006168565654912474,-0.0010366261785223854
2026-04-17 13:29:00,1m,SHORT,78092.7,up,exhaustion_up,246.448,-0.0004891622392361526,-0.001498219423838592
2026-04-17 13:49:00,1m,LONG,77923.1,up,exhaustion_down,238.908,-0.001724777376670188,-0.0010933856584249297
2026-04-17 13:51:00,1m,LONG,77860.0,up,exhaustion_down,230.7,-0.0013318777292576046,-0.001015926021063522
2026-04-17 13:57:00,1m,LONG,77756.4,up,exhaustion_down,221.079,0.000622456800983697,-0.004107700459383333
2026-04-17 14:01:00,1m,LONG,77764.3,up,exhaustion_down,215.373,-0.0007921372660720385,-0.003718930151753402
2026-04-17 14:10:00,1m,LONG,77534.4,up,exhaustion_down,225.232,-0.0007648218081263074,-0.004839142367774783
2026-04-17 14:14:00,1m,LONG,77362.5,up,exhaustion_down,226.508,0.0012318629827112995,-0.0031345936338665376
2026-04-17 14:19:00,1m,LONG,77471.2,up,exhaustion_down,218.686,-0.004027303049391258,-0.00026977767221876233
2026-04-17 14:26:00,1m,LONG,77157.7,up,exhaustion_down,227.632,0.0026102385115161384,0.0028059415975333637
2026-04-17 14:27:00,1m,LONG,77136.9,up,exhaustion_down,227.632,0.003737510841114991,0.003193024350213749
2026-04-17 14:28:00,1m,LONG,77185.5,up,exhaustion_down,227.632,0.0034306961799820293,0.0022465359426316364
2026-04-17 15:05:00,1m,LONG,77285.1,up,exhaustion_down,211.59,-0.0028064918076059773,-0.0017571304171179554
2026-04-17 15:07:00,1m,LONG,77269.0,up,exhaustion_down,207.427,-0.001854560043484488,-0.0025197686006030503
2026-04-17 15:08:00,1m,LONG,77256.0,up,exhaustion_down,207.427,-0.0025991508750129815,-0.0018652272962618544
2026-04-17 15:10:00,1m,LONG,77187.1,up,exhaustion_down,207.427,0.00019821965069277583,0.000405508174293222
2026-04-17 15:53:00,1m,LONG,77142.6,neutral,exhaustion_down,178.824,-0.0007259283456870782,-0.0008218545913672695
2026-04-17 15:54:00,1m,LONG,77128.7,neutral,exhaustion_down,178.824,-0.00021522468290002646,-0.0005406547757189877
2026-04-17 15:56:00,1m,LONG,77072.6,neutral,exhaustion_down,173.079,0.001826848970970077,1.5569735548003954e-05
2026-04-17 16:06:00,1m,LONG,77036.7,neutral,exhaustion_down,172.581,0.0009372156387799204,0.0037787184549702394
2026-04-17 17:33:00,1m,LONG,77153.9,neutral,exhaustion_down,148.196,7.906275638698525e-05,0.0006934192568360122
2026-04-17 17:34:00,1m,LONG,77169.3,neutral,exhaustion_down,148.196,0.0003900514842040976,0.0006297841239973832
2026-04-17 17:36:00,1m,LONG,77140.4,neutral,exhaustion_down,143.925,0.0007829879025777509,0.0018239469849781911
2026-04-18 07:11:00,1m,LONG,76231.9,down,exhaustion_down,120.093,0.0008788971546032567,0.00102188191557614
2026-04-18 07:15:00,1m,LONG,76249.9,down,exhaustion_down,120.093,0.0003606562106966698,0.000491803923677277
2026-04-18 08:42:00,1m,LONG,75797.9,down,exhaustion_down,125.974,-0.00022559991767570435,0.002453893841386107
2026-04-18 08:44:00,1m,LONG,75741.2,down,exhaustion_down,125.974,0.0008634666469505201,0.0035779734147333288
2026-04-18 09:07:00,1m,SHORT,76146.7,down,exhaustion_up,132.867,-0.0006933984007186511,-0.0002468918548013625
2026-04-19 10:23:00,1m,SHORT,76160.8,up,exhaustion_up,132.104,-0.0023516034495436734,-0.0027691410804509503
2026-04-19 10:27:00,1m,SHORT,76050.1,up,exhaustion_up,132.211,-0.001314922662823586,-0.0013596300333597027
2026-04-19 10:28:00,1m,SHORT,76016.8,up,exhaustion_up,132.211,-0.0010405594552783835,-0.0008024541943359889
2026-04-19 11:04:00,1m,LONG,75769.5,up,exhaustion_down,135.219,-0.0015850705099018183,0.0003418261965565852
2026-04-19 11:05:00,1m,LONG,75758.6,up,exhaustion_down,135.219,-0.0009173875969196895,0.0006665909876898464
2026-04-19 11:07:00,1m,LONG,75665.8,up,exhaustion_down,135.146,0.0010321704125244332,0.0020313007990399503
2026-04-19 11:08:00,1m,LONG,75670.2,up,exhaustion_down,135.146,0.0011880502496360355,0.0020628992654969304
2026-04-19 11:10:00,1m,LONG,75649.5,up,exhaustion_down,135.146,0.0011262467035472422,0.0025750335428522714
2026-04-19 11:27:00,1m,SHORT,75917.8,up,exhaustion_up,134.292,-0.0016412488243864524,-0.00010932877401614523
2026-04-19 12:19:00,1m,SHORT,76089.7,up,exhaustion_up,136.851,-0.0020055276864015927,-0.004828511611952658
2026-04-19 12:23:00,1m,LONG,75866.7,up,exhaustion_down,141.947,0.0006511420689183625,-0.0040333901435016944
2026-04-19 12:37:00,1m,LONG,75475.8,up,exhaustion_down,164.261,0.0026962284599831997,0.002639256556406121
2026-04-19 12:41:00,1m,LONG,75620.0,up,exhaustion_down,162.657,0.0015088600899233777,0.002614387728114217
2026-04-19 14:06:00,1m,LONG,75057.6,down,exhaustion_down,175.238,0.0008313615143568962,0.0028298266930996217
2026-04-19 14:07:00,1m,LONG,75085.5,down,exhaustion_down,175.238,0.0014570056801911711,0.0028993613946766963
2026-04-19 14:11:00,1m,LONG,75096.2,down,exhaustion_down,174.428,0.0011332131319561553,0.0006711391521809191
2026-04-19 14:36:00,1m,LONG,75110.3,down,exhaustion_down,171.692,-7.988251944218313e-06,-0.0026773957766112744
2026-04-19 14:52:00,1m,LONG,74803.5,down,exhaustion_down,187.124,-0.00028741970629716525,-0.001481214114312872
2026-04-19 14:55:00,1m,LONG,74758.6,down,exhaustion_down,187.124,-0.0003370849641380609,0.0010192807248931505
2026-04-19 14:56:00,1m,LONG,74807.0,down,exhaustion_down,182.28,0.0002633443394334366,-0.0003234991377811848
2026-04-19 14:57:00,1m,LONG,74794.0,down,exhaustion_down,182.28,0.000267401128432762,-0.00038104660801668584
2026-04-19 15:01:00,1m,LONG,74733.4,down,exhaustion_down,186.024,-0.0005446025471876978,0.00024085616337541182
2026-04-19 15:07:00,1m,LONG,74692.7,down,exhaustion_down,186.858,0.0011326408069330179,0.0010523116716895469
2026-04-19 16:08:00,1m,SHORT,74895.5,down,exhaustion_up,151.963,0.0002523516099097299,0.0007276805682584401
2026-04-19 16:09:00,1m,SHORT,74901.5,down,exhaustion_up,151.963,6.541925061573105e-05,-0.0009959747134570846
2026-04-19 17:04:00,1m,LONG,74740.9,down,exhaustion_down,133.662,0.0004482151004336314,-0.001782156757545027
2026-04-19 17:05:00,1m,LONG,74701.9,down,exhaustion_down,133.662,0.0008031924221472279,-0.0008219335786639186
2026-04-19 17:06:00,1m,LONG,74680.1,down,exhaustion_down,133.507,0.001659076514359169,-0.0004659875924108686
2026-04-19 17:07:00,1m,LONG,74675.4,down,exhaustion_down,133.507,0.001373946440193234,-0.0007633035778850867
2026-04-19 17:42:00,1m,LONG,74648.0,down,exhaustion_down,141.247,-0.002073732718894048,-0.00032552781052409856
2026-04-19 17:43:00,1m,LONG,74632.6,down,exhaustion_down,141.247,-0.002389036426441031,8.57534107078432e-05
2026-04-19 17:45:00,1m,LONG,74490.0,down,exhaustion_down,141.247,0.0008632031145120541,0.0013639414686535886
2026-04-19 17:50:00,1m,LONG,74476.3,down,exhaustion_down,143.922,0.0024665564750128172,0.0022638074125593145
2026-04-19 18:56:00,1m,LONG,74419.7,down,exhaustion_down,137.876,-0.004928802454188917,-0.004223344087654249
2026-04-19 19:02:00,1m,LONG,74053.0,down,exhaustion_down,172.985,0.0011478265566553685,-0.001979663214184514
2026-04-19 19:05:00,1m,LONG,73840.4,down,exhaustion_down,172.985,0.0035888212956592873,0.00223861192517921
2026-04-19 19:06:00,1m,LONG,73881.4,down,exhaustion_down,188.722,0.0012019263305785071,-0.00046019701846472863
2026-04-19 19:09:00,1m,LONG,74090.8,down,exhaustion_down,188.722,-0.0014131309150393447,-0.004867001031167241
2026-04-19 19:11:00,1m,LONG,74105.4,down,exhaustion_down,190.028,-0.0026853643594124048,-0.003445093070140481
2026-04-19 19:15:00,1m,LONG,73986.1,down,exhaustion_down,190.028,-0.001874676459497279,-0.0010001878731275198
2026-04-19 19:17:00,1m,LONG,73906.4,down,exhaustion_down,192.668,-0.001248876957881704,0.0011744585042703056
2026-04-19 19:22:00,1m,LONG,73788.7,down,exhaustion_down,200.735,0.0018376797531330113,0.004506110014134956
2026-04-19 19:27:00,1m,LONG,73850.0,down,exhaustion_down,202.961,0.002708192281651997,0.003482735274204429
2026-04-19 21:05:00,1m,SHORT,74029.1,down,exhaustion_up,180.542,-0.0003782296421272175,0.0008240002917771524
2026-04-19 21:09:00,1m,SHORT,73989.3,down,exhaustion_up,190.204,7.298352599624782e-05,0.002471979056431054
2026-04-19 21:10:00,1m,SHORT,74022.8,down,exhaustion_up,190.204,0.0014792739534305647,0.002468158459285478
2026-04-19 21:13:00,1m,SHORT,74046.9,down,exhaustion_up,184.21,0.001034479498804215,0.001663810368833964
2026-04-19 21:18:00,1m,SHORT,74098.3,down,exhaustion_up,182.153,0.0009973238252428756,0.0013725011235075175
2026-04-19 21:19:00,1m,SHORT,74123.5,down,exhaustion_up,182.153,0.0011062618467827343,0.0011534803402429728
2026-04-19 21:24:00,1m,SHORT,74172.2,down,exhaustion_up,178.463,0.00019144639096584825,-0.0005460266784590454
2026-04-19 21:54:00,1m,SHORT,74302.1,down,exhaustion_up,147.911,-0.0009959341660599095,-6.998456302058275e-05
2026-04-20 04:22:00,1m,SHORT,75200.0,up,exhaustion_up,161.134,-0.0002726063829787234,-0.004001329787233965
2026-04-20 04:28:00,1m,SHORT,75179.4,up,exhaustion_up,169.096,-0.0018502408904565782,-0.0037164436002414783
2026-04-20 04:38:00,1m,LONG,74879.4,up,exhaustion_down,179.841,0.00046074087132108436,-0.0017721830036030884
2026-04-20 04:51:00,1m,LONG,74721.6,up,exhaustion_down,171.593,0.00023420269373246823,-0.000725359200017286
2026-04-20 04:56:00,1m,LONG,74690.1,up,exhaustion_down,172.015,0.00028383949144527974,0.0004538754132072949
2026-04-20 06:16:00,1m,SHORT,75003.4,up,exhaustion_up,162.758,0.000777298095819695,-0.0003626502265230255
2026-04-20 06:22:00,1m,SHORT,75061.8,up,exhaustion_up,162.968,-0.0009418905488543718,-0.0005941770647653776
2026-04-20 06:43:00,1m,SHORT,75150.0,up,exhaustion_up,149.098,-0.0004191616766467066,-0.0016167664670658684
2026-04-20 07:11:00,1m,SHORT,75241.2,up,exhaustion_up,138.834,0.0006073799992556883,0.0005781406995103746
2026-04-20 07:16:00,1m,SHORT,75295.5,up,exhaustion_up,135.86,-0.0001713249795803757,-0.0016229389538551053
2026-04-20 07:20:00,1m,SHORT,75341.2,up,exhaustion_up,135.86,-0.0007499216895934761,-0.002738209638285598
2026-04-20 09:21:00,1m,SHORT,75552.5,up,exhaustion_up,122.13,-0.0022752390721682827,-0.0022633268257172164
2026-04-20 09:22:00,1m,SHORT,75450.0,up,exhaustion_up,122.13,-0.0006520874751490668,-0.0009662027833001217
2026-04-20 09:41:00,1m,LONG,75094.1,up,exhaustion_down,141.495,0.001386260704902133,0.0017071913772186773
2026-04-20 09:43:00,1m,LONG,75124.5,up,exhaustion_down,141.495,0.0016519244720431525,0.000983700390684719
2026-04-20 10:18:00,1m,LONG,75091.5,up,exhaustion_down,145.844,-0.0003808686735516779,-1.464879513667753e-05
2026-04-20 10:22:00,1m,LONG,75044.4,up,exhaustion_down,145.069,0.0002025467589855025,0.0032807244777759786
2026-04-20 10:38:00,1m,SHORT,75286.8,up,exhaustion_up,173.476,-0.0023895291073602375,-0.0035318276244973718
2026-04-20 10:50:00,1m,LONG,75057.2,neutral,exhaustion_down,181.014,-0.00023315551339511733,0.0012963446544768911
2026-04-20 10:53:00,1m,LONG,75021.0,neutral,exhaustion_down,180.07,0.002855200543847684,0.0020554244811452405
2026-04-20 10:54:00,1m,LONG,75014.5,neutral,exhaustion_down,180.07,0.002910104046551039,0.0004825733691485925
2026-04-20 11:27:00,1m,SHORT,75633.5,up,exhaustion_up,216.521,-0.000821064739830972,-0.006274997190398511
2026-04-20 11:31:00,1m,SHORT,75587.6,up,exhaustion_up,216.484,-0.002009588874365752,-0.004042991178447335
2026-04-20 11:33:00,1m,SHORT,75571.3,up,exhaustion_up,216.484,-0.0013325164447349335,-0.004581104202256638
2026-04-20 11:44:00,1m,LONG,75265.2,up,exhaustion_down,215.487,0.0013618511609615068,-0.004187858399366468
2026-04-20 12:39:00,1m,SHORT,75590.7,up,exhaustion_up,244.037,-0.0006521966326545846,-0.000923394015401404
2026-04-20 12:42:00,1m,SHORT,75620.0,up,exhaustion_up,237.456,-0.00023670986511497194,-0.0005606982279819383
2026-04-20 13:00:00,1m,SHORT,75668.1,up,exhaustion_up,218.47,-0.0020484193471224993,-0.003849706811721226
2026-04-20 14:07:00,1m,SHORT,75458.4,up,exhaustion_up,179.527,0.0018129194364047332,0.0034509080499985256
2026-04-20 14:10:00,1m,SHORT,75518.0,up,exhaustion_up,179.527,0.000711088747053644,0.002447098704944555
2026-04-20 14:19:00,1m,SHORT,75763.0,up,exhaustion_up,183.963,-0.0007945831078494395,-0.0019270620223591991
2026-04-20 14:20:00,1m,SHORT,75811.7,up,exhaustion_up,183.963,-0.0015432974066008282,-0.002652624858695838
2026-04-20 14:22:00,1m,SHORT,75718.9,up,exhaustion_up,181.08,-0.00022715596766457373,-0.0014025560329058808
2026-04-20 14:23:00,1m,SHORT,75723.9,up,exhaustion_up,181.08,-0.00046616722065277093,-0.0008346110012822516
2026-04-20 14:51:00,1m,SHORT,75930.0,up,exhaustion_up,178.061,-0.0013380745423417072,0.002756486237323889
2026-04-20 15:01:00,1m,SHORT,75899.1,up,exhaustion_up,193.408,0.00301848111505922,0.005018504830755492
2026-04-20 15:07:00,1m,SHORT,76128.2,up,exhaustion_up,198.043,0.0012465814244919588,0.00014449310505174168
2026-04-20 15:09:00,1m,SHORT,76076.8,up,exhaustion_up,198.043,0.002109710187599899,0.0011672415243543749
2026-04-20 15:12:00,1m,SHORT,76166.8,up,exhaustion_up,193.461,0.0009978100694790907,-0.0010096262413546156
2026-04-20 15:19:00,1m,SHORT,76239.3,up,exhaustion_up,186.378,-0.0016343277023792954,-0.002687590258567546
2026-04-20 15:52:00,1m,SHORT,76362.8,up,exhaustion_up,183.332,9.82153614063392e-05,0.0006809598390839518
2026-04-20 15:55:00,1m,SHORT,76371.3,up,exhaustion_up,183.332,0.0009008619730186983,0.0004897127585885559
2026-04-20 15:57:00,1m,SHORT,76343.0,up,exhaustion_up,178.515,-0.00031699042479332867,0.0007453204616008564
2026-04-20 16:17:00,1m,LONG,76196.5,up,exhaustion_down,173.966,-0.0006785088553935822,-0.00012074045395782076
2026-04-20 17:32:00,1m,LONG,76195.1,up,exhaustion_down,134.21,6.430859727192665e-05,6.29961769193604e-05
2026-04-20 18:12:00,1m,LONG,75894.8,up,exhaustion_down,123.319,0.0006574890506331683,-0.0002081829058117672
2026-04-20 18:14:00,1m,LONG,75961.0,up,exhaustion_down,123.319,-0.0010702860678506458,-0.0009728676557706478
2026-04-20 18:15:00,1m,LONG,75956.9,up,exhaustion_down,123.319,-0.00036994664079222913,-0.0009189421895836766
2026-04-20 18:20:00,1m,LONG,75879.7,up,exhaustion_down,128.482,-2.7675386170362677e-05,-0.0008039040744757821
2026-04-20 18:27:00,1m,LONG,75879.0,up,exhaustion_down,121.711,-0.001360060095678608,-0.0005693274819119531
2026-04-20 18:33:00,1m,LONG,75775.8,neutral,exhaustion_down,124.839,0.0008881463475146803,0.000931695871241099
2026-04-20 18:34:00,1m,LONG,75786.2,neutral,exhaustion_down,124.839,0.0007310037975252583,0.0007521158205583602
2026-04-21 05:48:00,1m,SHORT,76743.9,up,exhaustion_up,151.138,-0.003129890453834078,-0.00482383616157111
2026-04-21 05:49:00,1m,SHORT,76666.4,up,exhaustion_up,151.138,-0.002170442331973253,-0.00404870973464248
2026-04-21 05:52:00,1m,SHORT,76564.6,up,exhaustion_up,149.242,-0.0010931945050325037,-0.0030875887812384407
2026-04-21 06:28:00,1m,LONG,76273.1,up,exhaustion_down,142.578,-0.0014513635869003833,-0.0002504159395646148
2026-04-21 06:30:00,1m,LONG,76204.1,up,exhaustion_down,142.578,-0.0008372252936522169,0.000824102640146506
2026-04-21 06:36:00,1m,LONG,76140.4,up,exhaustion_down,138.93,0.0016377639203367944,0.0015169345052035452
2026-04-21 07:19:00,1m,SHORT,76474.3,up,exhaustion_up,120.937,0.0006355076149764204,-5.361278233348747e-05
2026-04-21 07:56:00,1m,SHORT,76767.6,up,exhaustion_up,120.893,-0.0015318962687384497,-0.0038753328227012435
2026-04-21 08:16:00,1m,LONG,76333.2,up,exhaustion_down,137.356,0.002730135773163037,0.0037244606540797836
2026-04-21 08:25:00,1m,SHORT,76639.9,up,exhaustion_up,144.345,-0.0002922759554748138,-0.000985126546355097
2026-04-21 08:45:00,1m,LONG,76437.8,up,exhaustion_down,134.714,7.718694153931928e-05,-0.00038593470769697713
2026-04-21 09:18:00,1m,LONG,76211.3,neutral,exhaustion_down,123.759,0.0014787833300310726,0.002264756013871844
2026-04-21 10:36:00,1m,LONG,75839.3,down,exhaustion_down,155.491,0.00014504353283851512,-0.00042194482280295305
2026-04-21 10:39:00,1m,LONG,75804.9,down,exhaustion_down,155.491,0.002068467869491325,-8.442725997915939e-05
2026-04-21 11:03:00,1m,LONG,75730.0,down,exhaustion_down,179.247,0.0009230159778158482,0.005534134424930752
2026-04-21 11:04:00,1m,LONG,75712.7,down,exhaustion_down,179.247,0.0016153168490887647,0.006179940749702609
2026-04-21 11:22:00,1m,SHORT,76162.0,down,exhaustion_up,198.683,-0.0004897455423965089,0.0006039757359313044
2026-04-21 11:23:00,1m,SHORT,76136.6,down,exhaustion_up,198.683,-0.000763102108578605,0.0007302663896206459
2026-04-21 11:26:00,1m,SHORT,76108.4,down,exhaustion_up,193.87,0.00015372810359975565,0.0030101802166384506
2026-04-21 11:28:00,1m,SHORT,76124.7,down,exhaustion_up,193.87,-7.881804460198449e-06,0.003578339224982282
2026-04-21 11:59:00,1m,LONG,75730.1,down,exhaustion_down,226.588,-0.0011276889902430965,-0.00027069817681476714
2026-04-21 12:02:00,1m,LONG,75675.3,down,exhaustion_down,240.268,-0.0006144673361057042,0.0008959330190960975
2026-04-21 12:05:00,1m,LONG,75644.6,down,exhaustion_down,240.268,0.002005430658632567,0.004037300745856203
2026-04-21 12:09:00,1m,LONG,75667.4,down,exhaustion_down,238.656,0.0008497715000119327,0.0013651850070175917
2026-04-21 12:28:00,1m,LONG,75649.1,down,exhaustion_down,229.345,-0.00048513465460939574,0.00039656783755523856
2026-04-21 12:37:00,1m,LONG,75542.5,down,exhaustion_down,226.352,0.0018082536320614994,0.00218022967203888
2026-04-21 13:02:00,1m,SHORT,75861.0,down,exhaustion_up,206.161,-0.0007830110333372112,-3.163680942769248e-05
2026-04-21 13:04:00,1m,SHORT,75862.2,down,exhaustion_up,206.161,0.0008699984972753229,0.0005035445847865879
2026-04-21 13:36:00,1m,SHORT,76109.1,down,exhaustion_up,190.031,-0.0010852841513039283,-0.0021561153659681405
2026-04-21 13:45:00,1m,LONG,75853.9,down,exhaustion_down,194.207,0.0012009929614694278,-0.0015121173730025365
2026-04-21 14:00:00,1m,LONG,75739.3,down,exhaustion_down,187.629,-0.0015394913869022531,-0.0030644592701544087
2026-04-21 14:03:00,1m,LONG,75748.4,down,exhaustion_down,182.17,-0.002485861087494764,-0.007060215133256787
2026-04-21 14:05:00,1m,LONG,75710.0,down,exhaustion_down,182.17,-0.0021265354642715627,-0.00852595429929996
2026-04-21 14:06:00,1m,LONG,75622.6,down,exhaustion_down,182.929,-0.0015841825062878412,-0.005310581757305433
2026-04-21 14:07:00,1m,LONG,75587.3,down,exhaustion_down,182.929,-0.0017780764758102052,-0.004581457467061304
2026-04-21 14:09:00,1m,LONG,75560.1,down,exhaustion_down,182.929,-0.0007001049495700605,-0.0036064007326618145
2026-04-21 14:10:00,1m,LONG,75611.4,down,exhaustion_down,182.929,-0.0029003562954790993,-0.004523127464906086
2026-04-21 14:11:00,1m,LONG,75548.5,down,exhaustion_down,184.963,-0.002844530334817954,-0.0029861612077010905
2026-04-21 14:13:00,1m,LONG,75452.8,down,exhaustion_down,184.963,-0.004580346918868562,-0.002903802112048934
2026-04-21 14:22:00,1m,LONG,75241.1,down,exhaustion_down,213.628,-9.835050258447484e-05,0.0007814877772917775
2026-04-21 14:23:00,1m,LONG,75255.7,down,exhaustion_down,213.628,-0.0005421516243952672,0.00025645897918699726
2026-04-21 14:29:00,1m,LONG,75214.9,down,exhaustion_down,211.911,0.0011274361861812342,0.007260529496150442
2026-04-21 14:40:00,1m,SHORT,75568.0,down,exhaustion_up,224.546,0.0016991319076857159,0.00013365445691305606
2026-04-21 14:42:00,1m,SHORT,75747.9,down,exhaustion_up,231.778,-0.0017135788582916275,-0.003316263553180974
2026-04-21 14:44:00,1m,SHORT,75761.5,down,exhaustion_up,231.778,-0.001096863182487224,-0.003413343188822896
2026-04-21 14:46:00,1m,SHORT,75696.4,down,exhaustion_up,226.723,-3.9632003635575804e-05,-0.0019868844489301235
2026-04-21 14:51:00,1m,SHORT,75660.3,down,exhaustion_up,227.178,-0.002162296475166049,-0.0013785300877739437
2026-04-21 14:53:00,1m,SHORT,75740.1,down,exhaustion_up,227.178,-0.0031317624349586496,-0.0022722441612832013
2026-04-21 16:01:00,1m,SHORT,75607.5,down,exhaustion_up,176.826,0.0013305558311014888,-0.0007512482227292651
2026-04-21 16:02:00,1m,SHORT,75671.9,down,exhaustion_up,176.826,0.0007030350764287886,-0.0010426591641017893
2026-04-21 16:03:00,1m,SHORT,75683.7,down,exhaustion_up,176.826,0.00034353500159215264,-0.0016608596038512533
2026-04-21 16:04:00,1m,SHORT,75680.6,down,exhaustion_up,176.826,-0.00031447953636735054,-0.0010465033311048227
2026-04-21 16:05:00,1m,SHORT,75695.9,down,exhaustion_up,176.826,5.284302056105168e-06,-0.001585290616796947
2026-04-21 16:06:00,1m,SHORT,75717.8,down,exhaustion_up,171.567,-0.00010565547334972754,-0.00054940846141866
2026-04-21 16:27:00,1m,SHORT,75819.1,down,exhaustion_up,179.25,-0.002157767633749356,-0.010426132729088051
2026-04-21 16:40:00,1m,LONG,75216.4,down,exhaustion_down,197.094,-0.004190575459607175,-0.003957913433772384
2026-04-21 16:47:00,1m,LONG,74834.6,down,exhaustion_down,215.002,0.0007389629930538595,0.00385115975765217
2026-04-21 16:52:00,1m,LONG,74951.6,down,exhaustion_down,213.816,-8.138585433807711e-05,0.0004923177090281485
2026-04-21 16:58:00,1m,LONG,74945.6,down,exhaustion_down,205.701,0.002109530112508156,0.007206560491876657
2026-04-21 17:12:00,1m,SHORT,75489.3,down,exhaustion_up,230.15,0.0009511281731318598,0.00279112404009571
2026-04-21 17:15:00,1m,SHORT,75534.3,down,exhaustion_up,230.15,0.00045277443492555155,0.001011461018371709
2026-04-21 17:20:00,1m,SHORT,75471.2,down,exhaustion_up,227.396,0.0023002151814202746,0.00374182469604311
2026-04-21 17:24:00,1m,SHORT,75544.7,down,exhaustion_up,222.411,0.0008736549354223394,0.0017420149924482569
2026-04-21 17:25:00,1m,SHORT,75589.9,down,exhaustion_up,222.411,0.0006985060173383338,0.0016787957121256773
2026-04-21 19:45:00,1m,SHORT,75484.0,neutral,exhaustion_up,123.512,-6.0940066769193746e-05,0.0015182025329872001
2026-04-21 20:41:00,1m,SHORT,75909.1,up,exhaustion_up,120.322,0.004901915580608797,0.0050639514893470496
2026-04-21 20:47:00,1m,SHORT,76281.3,up,exhaustion_up,136.242,-3.932811842521173e-06,0.0002910280763437053
2026-04-21 20:53:00,1m,SHORT,76281.0,up,exhaustion_up,136.368,0.000306760530145045,0.0010880822223096184
2026-04-21 21:10:00,1m,SHORT,76400.2,up,exhaustion_up,134.126,-0.0006361239892041025,-0.002100779840890469
2026-04-21 22:21:00,1m,LONG,76172.2,up,exhaustion_down,126.097,-0.00017197875340335805,-6.564074557384453e-05
2026-04-21 23:13:00,1m,SHORT,76812.8,up,exhaustion_up,142.625,0.0041282182136309475,0.0036647537910348272
2026-04-21 23:25:00,1m,SHORT,76975.9,up,exhaustion_up,178.177,0.0028775240042662707,0.0011120363646284854
2026-04-21 23:31:00,1m,SHORT,77197.4,up,exhaustion_up,190.87,-0.0011425255254710275,-0.0002901652128179729
2026-04-21 23:36:00,1m,SHORT,77154.2,up,exhaustion_up,188.622,-0.0002929198928897101,0.0004743746937950989
2026-04-21 23:42:00,1m,SHORT,77131.6,up,exhaustion_up,192.235,0.0005691571288550241,0.004133195733006813
2026-04-21 23:45:00,1m,SHORT,77211.5,up,exhaustion_up,192.235,-0.0002680947786274984,0.0046184829979990785
2026-04-21 23:54:00,1m,SHORT,77289.2,up,exhaustion_up,198.56,0.00360852486505241,0.003096163500204465
2026-04-21 23:57:00,1m,SHORT,77450.5,up,exhaustion_up,201.413,0.0013763629673146825,0.0020180631500119808
2026-04-21 23:58:00,1m,SHORT,77436.8,up,exhaustion_up,201.413,0.0009155853547666507,0.002107525104343117
2026-04-22 00:06:00,1m,SHORT,77560.9,up,exhaustion_up,205.852,0.000591793029735456,-0.002002297549409411
2026-04-22 02:18:00,1m,SHORT,77878.5,up,exhaustion_up,149.053,0.002970010978639842,0.003766122870882245
2026-04-22 02:24:00,1m,SHORT,78109.8,up,exhaustion_up,181.414,0.0014914901843302633,-0.0012290391218515474
2026-04-22 02:25:00,1m,SHORT,78183.1,up,exhaustion_up,181.414,0.00021488019789428096,-0.002277985907440429
2026-04-22 02:26:00,1m,SHORT,78338.5,up,exhaustion_up,193.07,-0.0022390012573638017,-0.0016390408292218282
2026-04-22 02:30:00,1m,SHORT,78226.3,up,exhaustion_up,193.07,-0.000329812352111795,-0.001650340103008909
2026-04-22 02:31:00,1m,SHORT,78199.9,up,exhaustion_up,194.822,-0.0014309481214169607,-0.0013593367766453457
2026-04-22 02:32:00,1m,SHORT,78163.1,up,exhaustion_up,194.822,-0.0009748845682938834,-0.001087469662794848
2026-04-22 04:46:00,1m,SHORT,78041.1,up,exhaustion_up,123.005,-0.00024858696251089143,-0.00024986833860619597
2026-04-22 04:48:00,1m,SHORT,78053.9,up,exhaustion_up,123.005,-0.0013272879382066915,0.00035616413785861966
2026-04-22 09:31:00,1m,LONG,78111.4,up,exhaustion_down,120.554,0.0006695565564053764,0.001377519798646623
2026-04-22 09:32:00,1m,LONG,78115.2,up,exhaustion_down,120.554,0.0011572651673427033,0.0019919298676826765
2026-04-22 09:33:00,1m,LONG,78104.1,up,exhaustion_down,120.554,0.0007541217426485188,0.0017387051383984753
2026-04-22 10:16:00,1m,SHORT,78369.9,up,exhaustion_up,125.623,5.10400038790403e-05,0.0005359200407299232
2026-04-22 10:17:00,1m,SHORT,78377.7,up,exhaustion_up,125.623,0.0001658635045427462,0.002504538918595505
2026-04-22 10:20:00,1m,SHORT,78408.5,up,exhaustion_up,125.623,-0.00051652563178737,-0.00013901554040689695
2026-04-22 10:24:00,1m,SHORT,78429.9,up,exhaustion_up,125.707,-3.952574209569653e-05,-0.0007981649855474924
2026-04-22 10:43:00,1m,SHORT,78554.2,up,exhaustion_up,150.818,-3.055215379946813e-05,0.00275351286118378
2026-04-22 10:47:00,1m,SHORT,78587.4,up,exhaustion_up,159.174,0.0015231449316304097,0.003215528188997367
2026-04-22 10:48:00,1m,SHORT,78645.8,up,exhaustion_up,159.174,0.0006866228075752297,0.0020306233772178182
2026-04-22 10:55:00,1m,SHORT,78702.4,up,exhaustion_up,163.297,0.0004904551830694594,0.0009478745247922023
2026-04-22 11:05:00,1m,SHORT,78830.4,up,exhaustion_up,159.533,0.0007484422253343888,-0.0009514096084759179
2026-04-22 11:13:00,1m,SHORT,78933.6,up,exhaustion_up,170.462,-0.0019763446745112347,0.0010907902338166669
2026-04-22 11:23:00,1m,SHORT,79062.1,up,exhaustion_up,198.065,-0.0010384242260198732,-0.003900731197375338
2026-04-22 11:27:00,1m,SHORT,79038.4,up,exhaustion_up,194.281,-0.005565649102208473,-0.002157179295127432
2026-04-22 11:34:00,1m,LONG,78718.4,up,exhaustion_down,214.818,0.0012982987459096177,0.0007380739445924438
2026-04-22 11:53:00,1m,SHORT,78929.9,up,exhaustion_up,212.948,0.0011111125188301473,-0.00038008409994184716
2026-04-22 12:00:00,1m,SHORT,78996.7,up,exhaustion_up,214.173,-0.0019291945106567007,-0.0010152322818547748
2026-04-22 12:12:00,1m,SHORT,79053.6,up,exhaustion_up,211.351,-0.0011625024034327182,-0.002504629770181244
2026-04-22 12:44:00,1m,SHORT,79218.4,up,exhaustion_up,214.59,0.00026382759560921116,0.0006071821697990091
2026-04-22 13:17:00,1m,LONG,79112.8,up,exhaustion_down,189.978,-0.0008974527510086863,-0.0031651009697546886
2026-04-22 13:20:00,1m,LONG,79083.5,up,exhaustion_down,189.978,-0.0020724929979072017,-0.0018107443398432932
2026-04-22 13:27:00,1m,LONG,78891.7,up,exhaustion_down,188.974,0.00030801719319019507,-0.00040688690952269085
2026-04-22 13:28:00,1m,LONG,78928.8,up,exhaustion_down,188.974,0.00018751076919961928,-0.0015697692097182362
2026-04-22 13:43:00,1m,LONG,78804.9,up,exhaustion_down,182.378,-0.0009326831199582767,-0.0012765703655482246
2026-04-22 13:56:00,1m,LONG,78648.1,up,exhaustion_down,174.234,0.00268792253086844,0.00415776096307476
2026-04-22 14:12:00,1m,SHORT,78951.2,up,exhaustion_up,165.293,-0.002202626432530401,-0.0021975600117540963
2026-04-22 14:13:00,1m,SHORT,78940.1,up,exhaustion_up,165.293,-0.0024461585429965986,-0.0011287039160072742
2026-04-22 16:02:00,1m,LONG,78789.9,neutral,exhaustion_down,139.983,-0.0006840978348747008,0.0007488269435549481
2026-04-22 16:05:00,1m,LONG,78741.7,neutral,exhaustion_down,139.983,-0.00014477716381528695,0.0017830450701471867
2026-04-22 16:06:00,1m,LONG,78771.9,neutral,exhaustion_down,140.37,-0.00027801792263477433,0.0015018045775207012
2026-04-22 16:07:00,1m,LONG,78761.5,neutral,exhaustion_down,140.37,-0.00013839248871585965,0.0020111348818901897
2026-04-22 16:08:00,1m,LONG,78735.9,neutral,exhaustion_down,140.37,0.0006871071518837763,0.0018212784765273369
2026-04-22 21:23:00,1m,SHORT,78178.9,down,exhaustion_up,189.204,0.001980073907409837,0.003214422305762846
2026-04-22 21:25:00,1m,SHORT,78214.0,down,exhaustion_up,189.204,0.002485488531464881,0.0028498734241950824
2026-04-22 21:31:00,1m,SHORT,78408.3,down,exhaustion_up,202.978,-6.376875917473022e-05,-6.376875917473022e-05
2026-04-22 21:32:00,1m,SHORT,78328.0,down,exhaustion_up,202.978,0.0013047696864466997,-0.0001021346134204882
2026-04-22 21:38:00,1m,SHORT,78430.1,down,exhaustion_up,201.929,-0.0009843159705267702,-0.0007573622882032373
2026-04-22 21:40:00,1m,SHORT,78437.0,down,exhaustion_up,201.929,-0.000429644173030548,-0.0015643127605593928
2026-04-22 22:17:00,1m,LONG,78164.5,down,exhaustion_down,176.306,-0.0013778633522890454,-0.00044649425250585853
2026-04-22 22:18:00,1m,LONG,78134.4,down,exhaustion_down,176.306,-0.0010801900315353312,-0.000593848548142613
2026-04-22 22:21:00,1m,LONG,78106.3,down,exhaustion_down,174.37,0.00043146327504947857,0.0004084177588746897
2026-04-22 22:42:00,1m,SHORT,78302.0,down,exhaustion_up,170.941,-0.001131516436361853,0.00017496360246222433
2026-04-22 22:43:00,1m,SHORT,78328.7,down,exhaustion_up,170.941,-0.0011311307349667653,-0.0006217389028542168
2026-04-22 23:16:00,1m,LONG,78098.6,down,exhaustion_down,152.464,0.0005518664867230817,-0.002081983543879222
2026-04-22 23:29:00,1m,LONG,77982.5,down,exhaustion_down,150.302,-0.0001564453563299085,-0.002097906581604922
2026-04-22 23:32:00,1m,LONG,77969.1,down,exhaustion_down,147.502,-0.001181237182422342,-0.0011183917731513078
2026-04-22 23:49:00,1m,LONG,77763.2,down,exhaustion_down,158.471,0.001981657133451373,0.002592485905929872
2026-04-23 00:16:00,1m,LONG,77673.6,down,exhaustion_down,152.508,-0.00012745643307389808,-0.0010531248712561656
2026-04-23 00:18:00,1m,LONG,77656.8,down,exhaustion_down,152.508,-0.00017512954435420749,-0.00032579246118823993
2026-04-23 00:20:00,1m,LONG,77626.7,down,exhaustion_down,152.508,0.00019323248315334803,-0.0006518375765038482
2026-04-23 00:21:00,1m,LONG,77612.9,down,exhaustion_down,149.758,0.00013399834305906277,0.0001584788095793729
2026-04-23 00:41:00,1m,LONG,77480.0,down,exhaustion_down,148.987,0.002186370676303487,0.001830149716055794
2026-04-23 01:11:00,1m,SHORT,77784.9,down,exhaustion_up,138.96,-0.00036382382698940744,-0.0007957842717544689
2026-04-23 01:13:00,1m,SHORT,77815.8,down,exhaustion_up,138.96,0.00029428470824683647,-0.0011295906486858546
2026-04-23 06:08:00,1m,LONG,77589.9,down,exhaustion_down,121.355,-0.0008106725230989367,-0.00018816882094178843
2026-04-23 06:10:00,1m,LONG,77514.4,down,exhaustion_down,121.355,0.0006011786197146057,-0.00030058930985711504
2026-04-23 06:25:00,1m,LONG,77491.2,down,exhaustion_down,127.629,0.0018221423851998303,0.002156373885034763
2026-04-23 07:06:00,1m,LONG,77333.2,down,exhaustion_down,180.35,-0.0013435367992013028,-0.00038405238629718013
2026-04-23 07:07:00,1m,LONG,77341.7,down,exhaustion_down,180.35,-0.0019484960894316661,-3.878890688981494e-05
2026-04-23 07:12:00,1m,LONG,77229.3,down,exhaustion_down,178.06,0.00028486597703203316,0.0011808989593327544
2026-04-23 07:13:00,1m,LONG,77191.0,down,exhaustion_down,178.06,0.00072935964037262,0.0016970890388775894
2026-04-23 07:15:00,1m,LONG,77166.3,down,exhaustion_down,178.06,0.0017779782106955638,0.002322257254786054
2026-04-23 07:17:00,1m,LONG,77237.0,down,exhaustion_down,175.563,0.0008674598961637557,0.001914885352874842
2026-04-23 08:47:00,1m,SHORT,77579.9,down,exhaustion_up,120.93,0.0006071160184533084,0.0018058801313227501
2026-04-23 08:49:00,1m,SHORT,77609.0,down,exhaustion_up,120.93,0.0006738909147135372,0.0009225734128774475
2026-04-23 12:18:00,1m,SHORT,78360.9,up,exhaustion_up,184.405,0.0030525427860069454,0.0005717136990514774
2026-04-23 12:19:00,1m,SHORT,78333.1,up,exhaustion_up,184.405,0.0025749012869399662,0.0014923448708144343
2026-04-23 12:20:00,1m,SHORT,78359.2,up,exhaustion_up,184.405,0.0016296746265913524,0.0012034323984931306
2026-04-23 12:23:00,1m,SHORT,78412.0,up,exhaustion_up,193.712,0.0001963985104320025,-0.00010585114523290964
2026-04-23 12:29:00,1m,SHORT,78427.4,up,exhaustion_up,194.119,0.00033279185590757597,0.0008032906866732801
2026-04-23 12:37:00,1m,SHORT,78478.8,up,exhaustion_up,190.173,0.000510966018848291,-0.0027880140878810953
2026-04-23 12:54:00,1m,LONG,78246.7,up,exhaustion_down,184.188,0.001054357563961164,0.0014377603144924962
2026-04-23 13:57:00,1m,LONG,78042.1,up,exhaustion_down,164.183,-0.0015978555164457599,-0.003093202258780949
2026-04-23 14:43:00,1m,LONG,77100.1,down,exhaustion_down,232.064,0.0020609571193810927,0.006512313213601425
2026-04-23 14:45:00,1m,LONG,77141.0,down,exhaustion_down,232.064,0.0023645013676254416,0.00744351252900529
2026-04-23 14:46:00,1m,LONG,77086.9,down,exhaustion_down,245.773,0.0032002843544105633,0.009472426573127362
2026-04-23 14:54:00,1m,SHORT,77580.0,down,exhaustion_up,268.483,0.0017427171951533524,0.0039932972415571396
2026-04-23 15:02:00,1m,SHORT,77812.1,down,exhaustion_up,265.571,0.0023261163752167076,0.0018082020662595801
2026-04-23 15:03:00,1m,SHORT,77900.0,down,exhaustion_up,265.571,-0.0001309370988446353,-6.0333761232311805e-05
2026-04-23 15:04:00,1m,SHORT,77822.7,down,exhaustion_up,265.571,0.001148765077541755,0.0004201858840672078
2026-04-23 19:18:00,1m,SHORT,78114.4,up,exhaustion_up,123.109,0.00045062114027646173,0.0008577163749577543
2026-04-23 19:20:00,1m,SHORT,78184.2,up,exhaustion_up,123.109,-0.0009311344235792259,-0.00015220466539267756
2026-04-23 19:21:00,1m,SHORT,78188.3,up,exhaustion_up,122.615,-0.0006816876693827965,0.0005320489126888712
2026-04-24 00:33:00,1m,LONG,77573.8,down,exhaustion_down,142.566,0.0007206041214945533,0.00092557023118634
2026-04-24 08:25:00,1m,SHORT,78218.8,up,exhaustion_up,129.121,0.00019944054370549366,0.00022373137915692901
2026-04-24 08:29:00,1m,SHORT,78230.0,up,exhaustion_up,130.526,0.0012322638374024566,0.0005100345136136288
2026-04-24 08:35:00,1m,SHORT,78326.4,up,exhaustion_up,129.639,-0.0009102933366015592,-0.0017427074396372106
2026-04-24 10:02:00,1m,SHORT,78290.3,up,exhaustion_up,128.211,0.000505809787419275,-0.00011240217498212307
2026-04-24 10:03:00,1m,SHORT,78311.1,up,exhaustion_up,128.211,-1.7877414568416622e-05,-0.00017749718749971244
2026-04-24 10:07:00,1m,SHORT,78353.4,up,exhaustion_up,124.617,-0.0006623835085649656,-0.0005449667787230304
2026-04-24 10:28:00,1m,LONG,78145.8,up,exhaustion_down,127.259,-0.0004043723399082973,-0.0005041857655818832
2026-04-24 10:31:00,1m,LONG,78077.4,up,exhaustion_down,136.397,0.0006211784716191882,0.0007377294838199764
2026-04-24 10:32:00,1m,LONG,78090.8,up,exhaustion_down,136.397,0.0006658915006633304,0.001142260035753214
2026-04-24 10:55:00,1m,LONG,77974.0,up,exhaustion_down,146.858,-0.0008195039372097645,-0.0006681714417627135
2026-04-24 10:57:00,1m,LONG,77930.2,up,exhaustion_down,150.883,-0.0018439577981321374,0.00021429433005429332
2026-04-24 13:36:00,1m,SHORT,77857.7,down,exhaustion_up,156.158,-0.00397006333349163,-0.0030658496205256142
2026-04-24 14:34:00,1m,LONG,77487.1,down,exhaustion_down,145.06,-0.00014454018797982685,0.0014260438189066308
2026-04-24 14:55:00,1m,SHORT,77715.2,down,exhaustion_up,143.086,-0.0015453862307501143,-0.0016779214362183225
2026-04-24 15:21:00,1m,LONG,77377.8,down,exhaustion_down,139.368,0.0015779719764582511,0.0022978166864398176
2026-04-26 19:12:00,1m,SHORT,78460.6,up,exhaustion_up,181.014,0.0021169861051278127,0.0021412020810444984
2026-04-26 19:22:00,1m,SHORT,78678.5,up,exhaustion_up,186.319,-0.0006965053985523734,-0.006990473890580019
2026-04-26 19:23:00,1m,SHORT,78708.8,up,exhaustion_up,186.319,-0.0025003557416705996,-0.007183440733437795
2026-04-26 19:41:00,1m,LONG,78127.5,up,exhaustion_down,208.191,0.0022168890595500573,0.0017740232312566742
2026-04-26 20:46:00,1m,SHORT,78567.4,up,exhaustion_up,203.935,0.0016431751591627804,0.0022770258402341013
2026-04-26 20:47:00,1m,SHORT,78575.2,up,exhaustion_up,203.935,0.001509382095114054,0.0017651879982487743
2026-04-26 20:50:00,1m,SHORT,78719.8,up,exhaustion_up,203.935,-0.0014303898129823223,0.0005094017007155921
2026-04-26 20:52:00,1m,SHORT,78696.5,up,exhaustion_up,201.454,-0.0013507589282878262,0.0005883362030077947
2026-04-26 20:53:00,1m,SHORT,78693.9,up,exhaustion_up,201.454,-0.0011716282964752934,0.0009149374983321453
2026-04-26 21:03:00,1m,SHORT,78772.8,up,exhaustion_up,194.723,-0.0007147137082851303,-0.0025160969268579647
2026-04-26 21:04:00,1m,SHORT,78797.3,up,exhaustion_up,194.723,-0.0015343165311502897,-0.0030965528006670277
2026-04-26 21:26:00,1m,LONG,78409.6,up,exhaustion_down,177.128,5.484022364593568e-05,0.004111741419417956
2026-04-26 21:31:00,1m,LONG,78415.9,up,exhaustion_down,172.59,0.00076132519042709,0.005103556804168691
2026-04-26 21:44:00,1m,SHORT,78748.4,up,exhaustion_up,173.722,0.0003352449065632919,0.006014090445012291
2026-04-26 21:47:00,1m,SHORT,78797.1,up,exhaustion_up,167.842,0.0005330145398751984,0.007440629160210063
2026-04-26 21:55:00,1m,SHORT,78922.2,up,exhaustion_up,172.967,0.005796848035153607,0.002252851542405089
2026-04-26 22:02:00,1m,SHORT,79383.8,up,exhaustion_up,190.39,-0.0018127124173950948,-0.004822142553014631
2026-04-26 22:03:00,1m,SHORT,79380.1,up,exhaustion_up,190.39,-0.002809268317878158,-0.005371623366561754
2026-04-26 22:05:00,1m,SHORT,79309.6,up,exhaustion_up,190.39,-0.0023149782624046246,-0.004201256846586184
2026-04-26 22:17:00,1m,LONG,79001.0,up,exhaustion_down,189.164,-1.139226085738382e-05,-0.0012404906267009278
2026-04-26 22:29:00,1m,LONG,78828.6,up,exhaustion_down,193.199,3.932582844286552e-05,0.0017620508292674761
2026-04-26 22:40:00,1m,SHORT,79029.6,up,exhaustion_up,197.98,0.0005694069057669531,0.0019891281241458526
2026-04-26 22:41:00,1m,SHORT,79081.7,up,exhaustion_up,195.881,-0.00016565147183218455,0.000705599399102484
2026-04-26 22:42:00,1m,SHORT,79065.5,up,exhaustion_up,195.881,0.0032605877405442693,0.0009764056383630925
2026-04-26 22:46:00,1m,SHORT,79074.6,up,exhaustion_up,205.368,0.000963646986516493,0.0016060783108608832
2026-04-26 22:50:00,1m,SHORT,79298.8,up,exhaustion_up,205.368,-0.002034078699803817,-0.001779345967404372
2026-04-27 02:17:00,1m,LONG,78129.9,down,exhaustion_down,145.992,-0.004113661991119843,-0.004223735087335322
2026-04-27 02:24:00,1m,LONG,77879.1,down,exhaustion_down,151.779,-0.001271201130983794,-0.0028852413548694274
2026-04-27 02:25:00,1m,LONG,77944.0,down,exhaustion_down,151.779,-0.003130452632659345,-0.003257466899312252
2026-04-27 02:31:00,1m,LONG,77700.0,down,exhaustion_down,155.362,-0.0002985842985842611,0.00013513513513513514
2026-04-27 02:34:00,1m,LONG,77812.4,down,exhaustion_down,155.362,-0.0015717289275229702,-0.0011334954326045346
2026-04-27 02:41:00,1m,LONG,77691.7,down,exhaustion_down,163.012,0.0013437728869365548,0.0009730769181264643
2026-04-27 03:33:00,1m,LONG,77512.8,down,exhaustion_down,145.449,0.0009572612523350607,0.0013533248702149087
2026-04-27 12:19:00,1m,LONG,76979.6,down,exhaustion_down,213.265,-0.0050338011629054965,-0.0013951748255383077
2026-04-27 12:26:00,1m,LONG,76592.1,down,exhaustion_down,237.88,0.005325614521602021,0.005200275224207044
2026-04-27 12:31:00,1m,LONG,76860.0,down,exhaustion_down,238.574,0.0010915951079884748,0.0019529013791309631
2026-04-27 12:51:00,1m,LONG,76783.0,down,exhaustion_down,219.931,-0.0005756482554731789,-0.0004154565463708657
2026-04-27 12:54:00,1m,LONG,76796.1,down,exhaustion_down,219.931,-0.00047007595437796736,-0.002299595943023224
2026-04-27 12:57:00,1m,LONG,76738.7,down,exhaustion_down,212.579,-0.0007857834443377711,-0.00038311829624419205
2026-04-27 12:58:00,1m,LONG,76736.7,down,exhaustion_down,212.579,-0.0008118670727305567,0.00015507573299358368
2026-04-27 13:02:00,1m,LONG,76708.2,down,exhaustion_down,209.259,0.0006531244378046392,0.0012202085305092001
2026-04-27 13:04:00,1m,LONG,76674.4,down,exhaustion_down,209.259,0.00043952088311107287,0.0018872009432093586
2026-04-27 13:43:00,1m,LONG,76584.8,down,exhaustion_down,162.227,0.0003329642435574683,-0.0007586361784584646
2026-04-27 14:27:00,1m,SHORT,76832.0,down,exhaustion_up,149.635,7.41878384006285e-05,-0.0013340795501874218
2026-04-27 14:29:00,1m,SHORT,76811.8,down,exhaustion_up,149.635,0.0009503748122033333,0.000243452177920542
2026-04-27 14:32:00,1m,SHORT,76844.4,down,exhaustion_up,146.754,2.212262702307054e-05,-0.0005738869715944333
2026-04-28 10:39:00,1m,SHORT,76273.1,down,exhaustion_up,129.554,-0.0004942764880411526,-0.0023350303055730765
2026-04-28 10:48:00,1m,SHORT,76350.0,down,exhaustion_up,135.379,-0.0033398821218074658,-0.003759004584151932
2026-04-28 10:55:00,1m,LONG,76103.9,down,exhaustion_down,141.252,0.00047172352533850085,-0.00038762796650368777
2026-04-28 10:56:00,1m,LONG,76046.9,down,exhaustion_down,144.912,0.00032348458648552174,0.00038397357420238883
2026-04-28 10:57:00,1m,LONG,76075.2,down,exhaustion_down,144.912,-0.00016036763623358322,-0.00041669295644306014
2026-04-28 11:25:00,1m,LONG,75873.5,down,exhaustion_down,149.597,-0.00010280269132177783,-0.0018939418901197005
2026-04-28 11:27:00,1m,LONG,75787.1,down,exhaustion_down,150.983,0.0011057290752646341,-0.0003839703590717394
2026-04-28 11:35:00,1m,LONG,75786.7,down,exhaustion_down,149.62,-0.0015662378755111,-0.0009500347686335466
2026-04-28 11:36:00,1m,LONG,75744.9,down,exhaustion_down,149.412,0.00017294893781635227,-0.0007842112142202865
2026-04-28 11:37:00,1m,LONG,75748.9,down,exhaustion_down,149.412,0.0003511602148678835,-0.0007168420927563088
2026-04-28 12:02:00,1m,SHORT,75950.7,down,exhaustion_up,152.144,-0.001327176708048812,0.00012244785104025257
2026-04-28 13:55:00,1m,SHORT,76120.2,down,exhaustion_up,120.353,0.00045848539546675826,-0.001179713137905614
2026-04-28 14:02:00,1m,SHORT,76151.7,neutral,exhaustion_up,121.042,-0.001717624163347672,-0.0028574542656302
2026-04-29 10:33:00,1m,LONG,76842.8,down,exhaustion_down,124.925,-0.0018101891133587768,-0.00356832390282495
2026-04-29 10:39:00,1m,LONG,76703.7,down,exhaustion_down,132.495,-0.0022658620118716946,0.0011942057553938836
2026-04-29 10:40:00,1m,LONG,76673.9,down,exhaustion_down,132.495,-0.002710179083103747,0.0009638221089576601
2026-04-29 10:43:00,1m,LONG,76665.6,down,exhaustion_down,136.31,-0.0017948075799316227,0.0016187181734701255
2026-04-29 11:09:00,1m,LONG,76541.4,down,exhaustion_down,149.047,0.00015939086559707088,0.000832229355616851
2026-04-29 11:36:00,1m,SHORT,76750.7,down,exhaustion_up,147.008,-0.002118547452987286,-0.0028338503753060234
2026-04-29 11:37:00,1m,SHORT,76793.9,down,exhaustion_up,147.008,-0.0023882105219294007,-0.003241142851189928
2026-04-29 11:38:00,1m,SHORT,76784.8,down,exhaustion_up,147.008,-0.0030565945343348825,-0.002487471478730165
2026-04-29 11:48:00,1m,LONG,76494.4,down,exhaustion_down,147.97,0.0016288774080194868,-3.1374845740265684e-05
2026-04-29 12:06:00,1m,LONG,76353.0,down,exhaustion_down,147.392,-0.0016593977970740781,-0.0016148677851558276
2026-04-29 12:07:00,1m,LONG,76345.1,down,exhaustion_down,147.392,-0.0020092972567985205,-0.0023970104171715015
2026-04-29 12:08:00,1m,LONG,76345.8,down,exhaustion_down,147.392,-0.001742073565277985,-0.0018285223286677958
2026-04-29 12:11:00,1m,LONG,76265.5,down,exhaustion_down,149.664,0.00019012528600743456,-0.0006372475103422363
2026-04-29 12:13:00,1m,LONG,76191.8,down,exhaustion_down,149.664,0.0007048002540955469,0.00047511674484652006
2026-04-29 12:16:00,1m,LONG,76255.9,down,exhaustion_down,151.752,-0.0012300687553355,0.0002321131873076266
2026-04-29 12:24:00,1m,LONG,76188.6,down,exhaustion_down,147.749,0.00015094121692746682,-0.0028481951368052438
2026-04-29 12:40:00,1m,LONG,76007.0,down,exhaustion_down,159.095,-0.00012104148302126237,-0.0033667951636032756
2026-04-29 12:42:00,1m,LONG,75989.1,down,exhaustion_down,154.074,-0.0003316265095916604,-0.00316492760145863
2026-04-29 12:43:00,1m,LONG,75977.1,down,exhaustion_down,154.074,-0.0006199236348847984,-0.0024059881201046484
2026-04-29 12:44:00,1m,LONG,75990.4,down,exhaustion_down,154.074,-0.00022239651324370158,-0.0015278245673136512
2026-04-29 12:47:00,1m,LONG,75964.2,down,exhaustion_down,153.104,-0.0016165509542653371,-0.0007490370463980951
2026-04-29 12:48:00,1m,LONG,75963.9,down,exhaustion_down,153.104,-0.0033265801255596026,-0.00012505940321652786
2026-04-29 12:53:00,1m,LONG,75841.4,down,exhaustion_down,164.068,0.00043380000896619435,0.0014240243455421447
2026-04-29 12:55:00,1m,LONG,75751.2,down,exhaustion_down,164.068,0.0011392558797748804,0.0033887251951123824
2026-04-29 12:56:00,1m,LONG,75785.4,down,exhaustion_down,166.342,0.0016084892340742247,0.0041089708571836895
2026-04-29 13:20:00,1m,LONG,75850.3,down,exhaustion_down,172.093,-0.0013948527560207792,-0.00039815267704936024
2026-04-29 13:38:00,1m,LONG,75720.1,down,exhaustion_down,167.395,0.001505544762883303,-0.00034733181810381797
2026-04-29 13:53:00,1m,LONG,75693.8,down,exhaustion_down,155.781,0.0010740641901979145,0.002988355717377078
2026-04-29 14:04:00,1m,SHORT,75940.0,down,exhaustion_up,153.26,-0.0005280484593100582,-0.00018830655780883475
2026-04-29 14:23:00,1m,SHORT,76025.4,down,exhaustion_up,140.224,-0.0024399740086865707,-0.0017020627316659193
2026-04-29 15:01:00,1m,SHORT,76067.2,down,exhaustion_up,157.967,-0.003266848260485466,-0.012357494425981238
2026-04-29 15:11:00,1m,LONG,75123.1,down,exhaustion_down,226.092,0.000989043316902369,0.00183432259850816
2026-04-29 15:12:00,1m,LONG,75053.7,down,exhaustion_down,226.092,0.0018986405733494819,0.00266209394073847
2026-04-29 15:13:00,1m,LONG,75085.3,down,exhaustion_down,226.092,0.0014956323008631903,0.0018339142282177347
2026-04-29 15:15:00,1m,LONG,75146.9,down,exhaustion_down,226.092,0.00047107731656274225,-0.0005229756649973367
2026-04-29 15:16:00,1m,LONG,75127.4,down,exhaustion_down,221.729,0.0016385499830954596,-0.0021044252829192983
2026-04-29 15:18:00,1m,LONG,75196.2,down,exhaustion_down,221.729,0.0010519148573997865,-0.0020386668475269086
2026-04-29 15:19:00,1m,LONG,75197.7,down,exhaustion_down,221.729,0.0014016386139470852,-0.0013590841209238727
2026-04-29 15:21:00,1m,LONG,75182.4,down,exhaustion_down,225.191,0.0009457000574603342,0.00010640788269595012
2026-04-29 15:30:00,1m,LONG,75107.6,down,exhaustion_down,228.391,0.0011024183970728442,0.001176978095425685
2026-04-29 15:32:00,1m,LONG,75008.6,down,exhaustion_down,228.785,0.0028783366174011268,0.0031529717925677853
2026-04-29 15:33:00,1m,LONG,75042.9,down,exhaustion_down,228.785,0.0024026256981007255,0.0034926688600787795
2026-04-29 15:54:00,1m,SHORT,75397.1,down,exhaustion_up,213.626,0.0009682070000039788,-0.000265262191781912
2026-04-29 16:34:00,1m,LONG,75276.2,down,exhaustion_down,176.722,0.0015423201489980342,0.002385880264944376
2026-04-29 17:01:00,1m,SHORT,75569.5,down,exhaustion_up,153.494,0.00021437220042473603,-0.0007820615459941619
2026-04-29 17:04:00,1m,SHORT,75655.6,down,exhaustion_up,153.494,-0.0009675423894597576,-0.0013204574413527713
2026-04-29 17:37:00,1m,SHORT,75718.4,down,exhaustion_up,147.643,-0.0004146944467922484,0.00010697531907707798
2026-04-29 17:38:00,1m,SHORT,75741.8,down,exhaustion_up,147.643,-0.00012542611873496537,0.00020200206491003528
2026-04-29 18:14:00,1m,SHORT,75775.5,neutral,exhaustion_up,131.499,0.0008432804798383934,0.00017947753561515028
2026-04-30 12:31:00,1m,SHORT,76486.0,up,exhaustion_up,150.73,-0.0012198310801977213,-0.0014930837015924103
2026-05-01 09:38:00,1m,SHORT,78037.6,up,exhaustion_up,127.375,-0.001655612166442992,-0.0010353983208094932
2026-05-01 09:39:00,1m,SHORT,78012.0,up,exhaustion_up,127.375,-0.0012805722196584394,-0.0010152284263959018
2026-05-01 10:04:00,1m,SHORT,78087.6,up,exhaustion_up,141.426,0.0009181995604935621,0.0018581695429234764
2026-05-01 10:09:00,1m,SHORT,78153.8,up,exhaustion_up,136.588,0.0020357295486590704,0.0017120088850446544
2026-05-01 10:35:00,1m,SHORT,78394.4,up,exhaustion_up,148.152,-0.0033497290622798476,-0.0011710020103475295
2026-05-01 10:41:00,1m,LONG,78131.7,up,exhaustion_down,162.214,0.0014667542111589256,0.008158020368173338
2026-05-01 10:42:00,1m,LONG,78142.9,up,exhaustion_down,162.214,0.0013923209914144844,0.00767568134788961
2026-05-01 10:55:00,1m,SHORT,78732.3,up,exhaustion_up,196.065,-0.0009183016373204251,-0.001737533388456871
2026-05-01 10:56:00,1m,SHORT,78769.1,up,exhaustion_up,200.482,-0.0013368186255778333,-0.002202640375477186
2026-05-01 11:01:00,1m,SHORT,78660.1,up,exhaustion_up,201.933,-0.0005097883170756942,-0.001170860448944329
2026-05-01 11:02:00,1m,SHORT,78663.9,up,exhaustion_up,201.933,-0.0003114516315616185,-0.0007093469812708036
2026-05-01 11:14:00,1m,SHORT,78755.4,up,exhaustion_up,203.976,-0.004119082627984801,-0.006661130538350276
2026-05-01 11:21:00,1m,LONG,78443.3,up,exhaustion_down,202.621,-0.003215061069587805,-0.002975397516422801
2026-05-01 11:24:00,1m,LONG,78370.0,up,exhaustion_down,202.621,-0.0018259538088555036,-0.0028939645272426043
2026-05-01 11:27:00,1m,LONG,78191.0,up,exhaustion_down,204.962,0.0007085214410864956,-0.0009080328938113082
2026-05-01 11:29:00,1m,LONG,78230.9,up,exhaustion_down,204.962,-0.0004052107287529236,-0.0006608641853793973
2026-05-01 11:34:00,1m,LONG,78234.3,up,exhaustion_down,201.329,-0.0007605359797429004,0.0008973046349235193
2026-05-01 11:35:00,1m,LONG,78199.2,up,exhaustion_down,201.329,-0.0005089566133669259,0.0018504025616629977
2026-05-01 11:43:00,1m,LONG,78121.9,up,exhaustion_down,195.085,0.0023373727469506735,0.002691946816449714
2026-05-01 11:53:00,1m,SHORT,78393.0,up,exhaustion_up,193.994,-0.0014363527355759546,-0.002902044825430842
2026-05-01 12:24:00,1m,SHORT,78527.1,up,exhaustion_up,177.815,-0.00034510379219410646,0.0009843735474758186
2026-05-01 12:41:00,1m,SHORT,78664.1,up,exhaustion_up,164.419,-0.0007640079782264822,-0.004073014246651379
2026-05-01 12:51:00,1m,LONG,78398.0,up,exhaustion_down,182.08,-0.0005599632643689148,0.0027934386081277583
2026-05-01 12:53:00,1m,LONG,78270.1,up,exhaustion_down,182.08,0.0019317721582059698,0.0033346067016651313
2026-05-01 12:54:00,1m,LONG,78268.8,up,exhaustion_down,182.08,0.0016175027597202366,0.0028568216198535208
2026-05-01 13:03:00,1m,SHORT,78557.5,up,exhaustion_up,180.848,-0.0008286923591000964,-0.0027941316869808737
2026-05-01 13:06:00,1m,SHORT,78616.9,up,exhaustion_up,180.823,-0.0021623849325017905,-0.004050019779462103
2026-05-01 13:16:00,1m,LONG,78338.3,up,exhaustion_down,173.34,-0.0001429696585194865,-0.0008246285661037553
2026-05-01 13:17:00,1m,LONG,78331.2,up,exhaustion_down,173.34,0.0008847049451559904,-0.0011042853933043283
2026-05-01 13:20:00,1m,LONG,78291.2,up,exhaustion_down,173.34,-0.0012236368838388339,-0.000334648083053997
2026-05-01 13:21:00,1m,LONG,78298.6,up,exhaustion_down,177.83,-0.001258004613109302,-0.0007880089810036404
2026-05-01 13:26:00,1m,LONG,78195.4,up,exhaustion_down,181.299,0.0006304718691892735,0.0008312509431501086
2026-05-03 19:13:00,1m,SHORT,79087.1,up,exhaustion_up,140.931,0.0009913121103188025,-0.00037553532750615005
2026-05-03 19:45:00,1m,SHORT,79240.1,up,exhaustion_up,162.0,0.0004063599112065367,-0.0012455814669594264
2026-05-03 19:46:00,1m,SHORT,79253.6,up,exhaustion_up,158.4,-0.0006763099720391984,-0.0018409258380692956
2026-05-03 19:47:00,1m,SHORT,79315.0,up,exhaustion_up,158.4,-0.001978188236777333,-0.002162264388829351
2026-05-03 19:49:00,1m,SHORT,79300.0,up,exhaustion_up,158.4,-0.0019243379571249157,-0.0005056746532157103
2026-05-03 20:14:00,1m,LONG,79027.6,up,exhaustion_down,148.454,-0.0009654854759603342,-0.0052930874782987575
2026-05-03 21:26:00,1m,LONG,78288.0,down,exhaustion_down,143.972,0.0011061720825670067,0.0005428673615368894
2026-05-03 21:27:00,1m,LONG,78273.3,down,exhaustion_down,143.972,0.0015701394983984856,0.0006553959012843832
2026-05-03 23:01:00,1m,SHORT,79780.3,up,exhaustion_up,239.124,-1.50413071898337e-05,0.0015304530065691814
2026-05-03 23:04:00,1m,SHORT,79611.1,up,exhaustion_up,239.124,0.0037356599770634264,0.00262400594891911
2026-05-03 23:05:00,1m,SHORT,79697.6,up,exhaustion_up,239.124,0.0010577482885304997,0.0017842444439982769
2026-05-03 23:06:00,1m,SHORT,79685.6,up,exhaustion_up,240.137,0.002519903219653091,0.002550021584828339
2026-05-03 23:09:00,1m,SHORT,79738.4,up,exhaustion_up,240.137,0.002016594263240834,-0.0003386072456934175
2026-05-03 23:13:00,1m,SHORT,79899.9,up,exhaustion_up,234.92,-0.0010000012515659492,-0.0026220308160585936
2026-05-03 23:19:00,1m,SHORT,79820.0,up,exhaustion_up,228.69,-0.001790278125782939,-0.001156351791530981
2026-05-03 23:42:00,1m,SHORT,80153.0,up,exhaustion_up,227.247,-0.001106633563310133,0.002100981872169403
2026-05-03 23:43:00,1m,SHORT,80170.0,up,exhaustion_up,227.247,-0.0021803667207185096,0.0018697767244604487
2026-05-03 23:46:00,1m,SHORT,80079.6,up,exhaustion_up,224.823,0.001829429717431156,0.0006381150754997685
2026-05-03 23:53:00,1m,SHORT,80215.2,up,exhaustion_up,223.949,3.7399395626129513e-06,-0.0012478931673796396
2026-05-03 23:54:00,1m,SHORT,80186.0,up,exhaustion_up,223.949,-0.0006160676427305786,-4.988401965357784e-06
2026-05-03 23:55:00,1m,SHORT,80214.9,up,exhaustion_up,223.949,-0.001049680296304017,-0.0004687408449052641
2026-05-04 00:03:00,1m,LONG,79985.1,up,exhaustion_down,230.966,0.002506716876018158,0.003563163639227806
2026-05-04 00:13:00,1m,SHORT,80345.6,up,exhaustion_up,232.688,-0.0015371096861558067,-0.0038122809463119684
2026-05-04 00:50:00,1m,SHORT,80197.3,up,exhaustion_up,199.696,0.00015711252124437193,0.0029639401825248116
2026-05-04 01:01:00,1m,SHORT,80301.4,up,exhaustion_up,187.409,0.0005753324350510905,0.0019215107084061165
2026-05-04 01:03:00,1m,SHORT,80356.9,up,exhaustion_up,187.409,0.00037706780624940624,0.0007852468176348991
2026-05-04 01:20:00,1m,SHORT,80480.1,up,exhaustion_up,178.906,-0.003093932537360167,-0.0013953759997813486
2026-05-04 01:25:00,1m,LONG,80202.4,up,exhaustion_down,190.406,0.0016134180523277202,0.0007730441981786081
2026-05-04 02:15:00,1m,LONG,80112.9,up,exhaustion_down,159.901,-0.001410509418583025,-0.0019085565495693475
2026-05-04 02:16:00,1m,LONG,80101.8,up,exhaustion_down,158.794,-0.0012721312130315266,-0.001828922695869506
2026-05-04 02:21:00,1m,LONG,79999.9,up,exhaustion_down,148.323,-0.00031750039687542333,-0.00037250046562543654
2026-05-04 02:22:00,1m,LONG,80000.0,up,exhaustion_down,148.323,-0.00017250000000003637,-0.00024375
2026-05-04 07:08:00,1m,LONG,78771.6,down,exhaustion_down,170.392,-0.0005496904975905391,-0.0038186351426148877
2026-05-04 07:09:00,1m,LONG,78644.7,down,exhaustion_down,170.392,0.0008659197631881847,-0.004464382215203202
2026-05-04 07:12:00,1m,LONG,78676.0,down,exhaustion_down,175.885,-0.0018290202857287378,-0.005315471045808088
2026-05-04 07:15:00,1m,LONG,78712.8,down,exhaustion_down,175.885,-0.004413513431106615,-0.0031379902633370937
2026-05-04 07:21:00,1m,LONG,78365.4,down,exhaustion_down,203.19,-0.0013730549451670161,0.007024783896974941
2026-05-04 07:22:00,1m,LONG,78346.2,down,exhaustion_down,203.19,0.0003854685996257265,0.008225031973471703
2026-05-04 07:27:00,1m,LONG,78257.8,down,exhaustion_down,215.94,0.007504683239242643,0.00816020895041761
2026-05-04 07:34:00,1m,SHORT,78802.4,down,exhaustion_up,238.08,0.0012677278864604217,0.002322264296518888
2026-05-04 07:36:00,1m,SHORT,78916.0,down,exhaustion_up,229.032,-0.0002483653504993388,0.001054285569466231
2026-05-04 07:39:00,1m,SHORT,78888.7,down,exhaustion_up,229.032,-7.605652013422314e-06,0.0011649323667395804
2026-05-04 07:40:00,1m,SHORT,78902.3,down,exhaustion_up,229.032,0.0003890887844840656,-0.00025474542567207573
2026-05-04 07:41:00,1m,SHORT,78950.1,down,exhaustion_up,220.051,-0.000713108659773742,-0.0010538302041417508
2026-05-04 07:43:00,1m,SHORT,78896.9,down,exhaustion_up,220.051,0.0011217170763363326,-0.0005183980612672258
2026-05-04 07:44:00,1m,SHORT,78917.5,down,exhaustion_up,220.051,0.001381189216586942,-0.00011150885418320284
2026-05-04 07:52:00,1m,SHORT,79007.0,down,exhaustion_up,213.702,-0.001911223056184895,-0.0011644537825762273
2026-05-04 08:37:00,1m,LONG,78779.1,down,exhaustion_down,171.806,-0.0007793945348450126,0.00022975636939227877
2026-05-04 08:40:00,1m,LONG,78721.0,down,exhaustion_down,171.806,5.7163907978811246e-05,0.0009616239631101877
2026-05-04 08:41:00,1m,LONG,78717.6,down,exhaustion_down,165.662,-8.892547537166295e-06,0.0008892547537018404
2026-05-04 09:21:00,1m,SHORT,78930.8,down,exhaustion_up,147.182,-0.0002255139945370237,-0.0013150759906146005
2026-05-04 09:22:00,1m,SHORT,78923.7,down,exhaustion_up,147.182,0.00016598309506530765,-0.0008413188940710355
2026-05-04 10:01:00,1m,LONG,78683.8,down,exhaustion_down,138.006,0.0006227457240245133,0.0023689755705748093
2026-05-04 10:02:00,1m,LONG,78620.4,down,exhaustion_down,138.006,0.0016484271257842218,0.003078081515738918
2026-05-04 10:06:00,1m,LONG,78648.6,down,exhaustion_down,143.47,0.0028404828566559884,0.0033363594520435733
2026-05-04 10:54:00,1m,LONG,78734.0,down,exhaustion_down,143.209,0.00017273350776038078,-0.0018403739172402542
2026-05-04 11:09:00,1m,LONG,78589.0,down,exhaustion_down,150.894,0.0042181475779053046,0.007189301301708891
2026-05-04 11:19:00,1m,SHORT,78993.2,down,exhaustion_up,174.689,0.0029964604548239227,0.003972493834912409
2026-05-04 11:47:00,1m,SHORT,79608.8,up,exhaustion_up,219.383,0.00859075881058368,0.008482730552401278
2026-05-04 11:53:00,1m,SHORT,80292.7,up,exhaustion_up,236.049,-0.0009452914150351674,-0.002338942394514108
2026-05-04 11:54:00,1m,SHORT,80352.8,up,exhaustion_up,236.049,-0.0023981740524287526,-0.0032195517766648715
2026-05-04 11:56:00,1m,SHORT,80374.4,up,exhaustion_up,247.51,-0.0011234920571722882,-0.004487747342437357
2026-05-04 11:58:00,1m,SHORT,80181.7,up,exhaustion_up,247.51,0.0006260780202963656,-0.0022536314395927887
2026-05-04 11:59:00,1m,SHORT,80216.9,up,exhaustion_up,247.51,-0.0018948625539007367,-0.003122783353632464
2026-05-04 12:00:00,1m,SHORT,80165.2,up,exhaustion_up,247.51,-0.00021580436398840034,-0.0012374446767424905
2026-05-04 12:03:00,1m,SHORT,80297.4,up,exhaustion_up,249.295,-0.002531837892633988,-0.003869365633258326
2026-05-04 12:12:00,1m,LONG,79922.4,up,exhaustion_down,245.827,0.0008045303944826846,-0.0026350560043240856
2026-05-04 12:21:00,1m,LONG,79650.6,up,exhaustion_down,296.056,0.0007683557939299527,-0.0013584329559351925
2026-05-04 12:24:00,1m,LONG,79590.2,up,exhaustion_down,296.056,0.0008053755361841763,0.0012199994471681918
2026-05-04 12:32:00,1m,LONG,79620.3,up,exhaustion_down,297.261,-0.0004961046366316128,0.002170300790125168
2026-05-04 12:37:00,1m,LONG,79558.0,up,exhaustion_down,294.664,0.0026584378692274817,-0.0004990070137509376
2026-05-04 12:56:00,1m,SHORT,79910.4,up,exhaustion_up,289.049,0.0004454989588339668,-0.002774357280153736
2026-05-04 12:57:00,1m,SHORT,79919.3,up,exhaustion_up,289.049,0.0008408482056273902,-0.001798063796855041
2026-05-04 12:58:00,1m,SHORT,79886.7,up,exhaustion_up,289.049,0.0010201948509576688,-0.0017111734493976732
2026-05-04 13:00:00,1m,SHORT,79976.6,up,exhaustion_up,289.049,-0.0008990129612912867,-0.003816116213992738
2026-05-04 13:05:00,1m,SHORT,79978.8,up,exhaustion_up,278.981,-0.00362721121097098,0.00121032073499481
2026-05-04 13:09:00,1m,LONG,79749.7,up,exhaustion_down,287.161,-0.0009818218751920435,0.0062733778308884285
2026-05-04 13:15:00,1m,LONG,79671.4,up,exhaustion_down,277.414,0.006667386289182965,0.006530574334077259
2026-05-04 13:21:00,1m,SHORT,80202.4,up,exhaustion_up,296.419,-1.496214577116258e-05,0.00012094401165066933
2026-05-04 13:22:00,1m,SHORT,80257.6,up,exhaustion_up,296.419,-0.001341928988656671,1.2459879187923492e-06
2026-05-04 13:24:00,1m,SHORT,80250.2,up,exhaustion_up,296.419,-0.0007289701458687953,-0.0003775691524756687
2026-05-04 13:26:00,1m,SHORT,80181.7,up,exhaustion_up,288.225,0.00011099789602875383,0.000609864844472102
2026-05-04 13:27:00,1m,SHORT,80201.3,up,exhaustion_up,288.225,-0.00026558172997199434,0.00020822605119863503
2026-05-04 13:30:00,1m,SHORT,80191.6,up,exhaustion_up,288.225,0.0002556377475945111,0.0004589009322670748
2026-05-04 13:32:00,1m,SHORT,80190.6,up,exhaustion_up,277.48,0.0011759483031675577,0.0006185263609449395
2026-05-04 13:37:00,1m,SHORT,80257.7,up,exhaustion_up,266.946,-0.00037753386902444143,-0.0012459863664171786
2026-05-04 13:55:00,1m,LONG,80057.3,up,exhaustion_down,241.826,-0.0005983214522599279,0.0029703724707178846
2026-05-04 13:57:00,1m,LONG,80002.6,up,exhaustion_down,234.167,0.0017374435330851745,0.004147365210630509
2026-05-04 13:58:00,1m,LONG,79990.4,up,exhaustion_down,234.167,0.0025390546865624603,0.003869214305716686
2026-05-04 14:11:00,1m,SHORT,80371.2,up,exhaustion_up,223.273,0.00010451505016733272,0.0007527572065615544
2026-05-04 14:12:00,1m,SHORT,80334.3,up,exhaustion_up,223.273,0.0008178324825136597,0.00036099150674120516
2026-05-04 14:14:00,1m,SHORT,80337.5,up,exhaustion_up,223.273,0.0006273533530417822,0.0007580519682588352
2026-05-04 14:15:00,1m,SHORT,80339.9,up,exhaustion_up,223.273,0.00035100865199000304,0.0006758783618102949
2026-05-04 14:18:00,1m,SHORT,80399.9,up,exhaustion_up,217.732,0.0002437813977381293,-0.0007699014551012399
2026-05-04 14:19:00,1m,SHORT,80382.9,up,exhaustion_up,217.732,0.0005175230055149269,-0.0010661471531880175
2026-05-04 15:55:00,1m,LONG,80010.7,up,exhaustion_down,147.895,0.0007249030442178359,0.00019247425656829313
2026-05-04 23:46:00,1m,SHORT,80756.6,up,exhaustion_up,129.112,-0.0025347773432761113,-0.0033285205172085366
2026-05-05 00:14:00,1m,SHORT,80646.2,up,exhaustion_up,125.408,0.0008109495549698403,0.0008233493952598973
2026-05-05 00:23:00,1m,SHORT,80754.2,up,exhaustion_up,123.57,-0.0005151434847969675,0.0013621582530691902
2026-05-05 00:26:00,1m,SHORT,80757.4,up,exhaustion_up,122.758,-0.00017955010933982523,0.0016308103034522118
2026-05-05 00:42:00,1m,SHORT,80887.1,up,exhaustion_up,132.91,-0.0003399800462620121,-0.0009581255849202159
2026-05-05 02:40:00,1m,SHORT,81181.6,up,exhaustion_up,128.847,-0.00306227026813965,-0.002521507336638002
2026-05-05 02:41:00,1m,SHORT,81174.3,up,exhaustion_up,135.293,-0.003429656923435234,-0.0026387662104877664
2026-05-05 02:49:00,1m,LONG,80900.0,up,exhaustion_down,134.651,0.0009505562422743409,0.0002583436341161209
2026-05-05 10:41:00,1m,LONG,81220.1,up,exhaustion_down,132.994,0.002624965987483358,0.000296724579260445
2026-05-05 10:57:00,1m,LONG,81202.3,up,exhaustion_down,154.578,0.0011329728345133082,7.265804047415134e-05
2026-05-05 11:01:00,1m,LONG,81241.9,up,exhaustion_down,161.965,0.0005182055072567952,-0.0026808826479930723
2026-05-05 11:02:00,1m,LONG,81212.2,up,exhaustion_down,161.965,-0.00016623118201452493,-0.0008126857787376774
2026-05-05 11:16:00,1m,LONG,81024.1,up,exhaustion_down,180.448,-0.0006491895621180096,0.004881263722768904
2026-05-05 11:20:00,1m,LONG,80996.4,up,exhaustion_down,180.448,0.0027359240657610193,0.0041187015719217875
2026-05-05 11:30:00,1m,SHORT,81354.4,up,exhaustion_up,193.18,-0.00011554384274230011,-0.0020527469934017092
2026-05-05 11:31:00,1m,SHORT,81419.5,up,exhaustion_up,190.724,-0.0008536038663956423,-0.0027941709295684694
2026-05-05 11:40:00,1m,LONG,81164.1,up,exhaustion_down,200.408,0.0003437480363854731,0.0018826057333228405
2026-05-05 12:13:00,1m,SHORT,81567.4,up,exhaustion_up,193.076,-0.0005504650142090367,-0.000582340493873778
2026-05-05 12:16:00,1m,SHORT,81528.2,up,exhaustion_up,185.235,-0.0005212920192031714,0.0006353629786994305
2026-05-05 13:32:00,1m,LONG,81288.4,up,exhaustion_down,144.134,-0.0022598550346666574,-0.0023865643806496376
2026-05-05 13:33:00,1m,LONG,81282.3,up,exhaustion_down,144.134,-0.0031741227794981194,-0.0020410347640262235
2026-05-05 19:42:00,1m,LONG,80894.0,down,exhaustion_down,151.503,0.0005686453877914308,0.00292481519024904
2026-05-05 19:43:00,1m,LONG,80854.7,down,exhaustion_down,151.503,0.002105010593076186,0.0027444292044866746
2026-05-05 19:45:00,1m,LONG,80974.8,down,exhaustion_down,151.503,0.0006742838512721398,0.0012584161986197457
2026-05-05 19:46:00,1m,LONG,80964.8,down,exhaustion_down,148.488,0.00019761674209038988,0.0017513783767761164
2026-05-05 19:47:00,1m,LONG,80951.2,down,exhaustion_down,148.488,0.003442814930476597,0.0010994278034173676
2026-05-05 20:30:00,1m,LONG,80840.0,down,exhaustion_down,150.656,-0.0008461157842651432,0.000496041563582457
2026-05-05 20:31:00,1m,LONG,80844.7,down,exhaustion_down,151.416,-0.0005875462460742634,0.0006939230401004125
2026-05-05 20:35:00,1m,LONG,80801.1,down,exhaustion_down,151.416,-0.0003601436119063456,0.001096519725597687
2026-05-05 20:38:00,1m,LONG,80756.1,down,exhaustion_down,146.994,0.0018846873486956042,0.0014314708114927697
2026-05-05 21:08:00,1m,SHORT,81032.3,down,exhaustion_up,138.319,0.000835469312854221,-0.0009280249974392568
2026-05-05 21:49:00,1m,LONG,80796.6,down,exhaustion_down,146.516,0.002349108749625459,0.0034184606778007625
2026-05-05 21:50:00,1m,LONG,80755.1,down,exhaustion_down,146.516,0.0031391206251989035,0.004258554568070551
2026-05-06 05:54:00,1m,SHORT,81825.7,up,exhaustion_up,126.914,0.0009520236307175952,-0.00028841794204010804
2026-05-06 05:59:00,1m,SHORT,81869.8,up,exhaustion_up,127.534,-0.0011261783954522558,-0.0006876772631666733
2026-05-06 06:35:00,1m,SHORT,81891.2,up,exhaustion_up,139.446,0.001175950529483057,-0.00035168613965850924
2026-05-06 06:41:00,1m,SHORT,81987.4,up,exhaustion_up,132.277,-0.002312550465071356,-0.0004354327616194329
2026-05-06 06:42:00,1m,SHORT,81993.1,up,exhaustion_up,132.277,-0.0023550762198283246,-0.0007329885075696103
2026-05-06 06:43:00,1m,SHORT,81965.6,up,exhaustion_up,132.277,-0.0020594005290024463,-0.0004611690758074474
2026-05-06 07:21:00,1m,SHORT,82127.2,up,exhaustion_up,126.748,0.0005162723190369176,0.0012395406150459642
2026-05-06 07:26:00,1m,SHORT,82158.8,up,exhaustion_up,129.602,4.2600427464860735e-05,0.000769242004508307
2026-05-06 07:36:00,1m,SHORT,82228.9,up,exhaustion_up,130.627,-0.00032591947599917257,-0.0011686888672959419
2026-05-06 07:55:00,1m,SHORT,82300.0,up,exhaustion_up,139.276,-0.00047752126366953717,0.001455650060753377
2026-05-06 08:05:00,1m,SHORT,82360.9,up,exhaustion_up,139.425,0.00027683038917742416,0.001527423813970014
2026-05-06 08:25:00,1m,SHORT,82719.4,up,exhaustion_up,153.267,-0.0008172206278090904,-0.0005343365643367468
2026-05-06 08:26:00,1m,SHORT,82700.1,up,exhaustion_up,153.105,-0.0004026597307621503,-0.000683191435076862
2026-05-06 09:07:00,1m,LONG,82295.1,up,exhaustion_down,137.727,-0.00025639436612879526,0.0006877687735963778
2026-05-06 09:59:00,1m,LONG,82171.8,up,exhaustion_down,139.626,-0.0014165443619344924,-0.0009735700082023273
2026-05-06 10:10:00,1m,LONG,81989.7,up,exhaustion_down,153.952,0.001223324393186009,-0.0003976109194202597
2026-05-06 10:31:00,1m,LONG,81866.9,neutral,exhaustion_down,155.37,0.0006864801281105263,-0.0013668527817713165
2026-05-06 11:02:00,1m,LONG,81540.6,down,exhaustion_down,178.292,-0.004194229623034415,-0.0019315531158711119
2026-05-06 11:08:00,1m,LONG,81198.6,down,exhaustion_down,188.343,0.0015616032788741227,0.00331286500013547
2026-05-06 11:12:00,1m,LONG,81255.1,down,exhaustion_down,189.647,0.0013549918712793567,0.004638478077068321
2026-05-06 11:14:00,1m,LONG,81325.4,down,exhaustion_down,189.647,0.0007303991127004445,0.003910217472032108
2026-05-06 11:26:00,1m,SHORT,81591.1,down,exhaustion_up,194.646,0.001009914071510179,0.0016509153571896576
2026-05-06 11:35:00,1m,SHORT,81679.0,down,exhaustion_up,194.221,0.0005729746936177342,0.000690507964103309
2026-05-06 12:15:00,1m,LONG,81369.5,down,exhaustion_down,195.521,0.003953569826532019,0.0030269326959118945
2026-05-06 12:19:00,1m,SHORT,81628.7,down,exhaustion_up,203.833,0.0007240100601872359,0.0003944691021662368
2026-05-06 12:24:00,1m,SHORT,81735.6,down,exhaustion_up,198.56,-0.0014657016037076,-0.0031026872011706745
2026-05-06 12:40:00,1m,LONG,81458.6,down,exhaustion_down,190.513,0.002593955702651265,0.0029585580896308063
2026-05-06 13:11:00,1m,SHORT,81782.6,down,exhaustion_up,173.351,-0.000634609317874569,-0.002660712669932306
2026-05-06 13:12:00,1m,SHORT,81794.0,down,exhaustion_up,173.351,-0.0008704794972736031,-0.003288749786047876
2026-05-06 13:52:00,1m,SHORT,81710.4,down,exhaustion_up,155.733,-0.0016509526327125334,-0.001912853198613498
2026-05-06 14:19:00,1m,LONG,81396.7,down,exhaustion_down,156.046,0.0007223880083590971,0.000477906352468942
2026-05-06 15:13:00,1m,LONG,81269.4,down,exhaustion_down,126.094,0.002867007754456167,0.0023908137626216376
2026-05-07 10:48:00,1m,LONG,80383.3,down,exhaustion_down,146.26,0.000151772818483405,0.0011171474671978247
2026-05-07 10:49:00,1m,LONG,80393.9,down,exhaustion_down,146.26,0.0006231816095500507,0.0012277050870776471
2026-05-07 10:51:00,1m,LONG,80294.6,down,exhaustion_down,156.742,0.0026328046967043135,0.0006862229838618197
2026-05-07 10:52:00,1m,LONG,80278.5,down,exhaustion_down,156.742,0.0028500781653867835,0.0011746607123950112
2026-05-07 10:54:00,1m,LONG,80395.5,down,exhaustion_down,156.742,0.0007711874420832012,8.20941470605422e-05
2026-05-07 11:06:00,1m,LONG,80349.8,down,exhaustion_down,153.522,0.0027417616471976645,0.001076542816534702
2026-05-07 11:15:00,1m,SHORT,80619.2,down,exhaustion_up,158.17,-0.0022686903367931483,-0.003102238672673399
2026-05-07 11:32:00,1m,LONG,80307.9,down,exhaustion_down,171.038,-0.0030744173362769315,-0.0014270078037153416
2026-05-07 11:33:00,1m,LONG,80239.6,down,exhaustion_down,171.038,-0.002753004750771548,-0.0013459688233739948
2026-05-07 11:42:00,1m,LONG,80074.1,down,exhaustion_down,169.555,0.0007180848738855634,0.001277566653886692
2026-05-07 12:19:00,1m,LONG,79939.7,down,exhaustion_down,175.933,-0.0017250502566308627,-0.00023517726486342719
2026-05-07 12:20:00,1m,LONG,79943.2,down,exhaustion_down,175.933,-0.0012583934593560337,-3.0021315133672148e-05
2026-05-07 12:22:00,1m,LONG,79864.2,down,exhaustion_down,177.795,-0.000878992089071162,0.0015538877244122627
2026-05-07 12:23:00,1m,LONG,79852.6,down,exhaustion_down,177.795,-0.000917941306857922,0.0015804119089421894
2026-05-07 12:25:00,1m,LONG,79801.9,down,exhaustion_down,177.795,0.0007568742097620324,0.00164281802814226
2026-05-07 12:29:00,1m,LONG,79779.3,down,exhaustion_down,187.338,0.0020243346331692558,0.002139652767071121
2026-05-07 12:30:00,1m,LONG,79818.5,down,exhaustion_down,187.338,0.0013818851519384967,0.0014883767547624036
2026-05-07 13:06:00,1m,LONG,79783.4,down,exhaustion_down,169.283,-0.0004524750762688889,0.0002080633314700279
2026-05-07 13:28:00,1m,SHORT,79948.2,down,exhaustion_up,159.673,-0.00037149054012469436,-0.0019224948153929305
2026-05-07 14:28:00,1m,LONG,79601.9,down,exhaustion_down,162.456,0.0006909382816239311,0.0032863537176877167
2026-05-07 14:57:00,1m,SHORT,79977.3,down,exhaustion_up,150.162,0.001813014442848158,0.001282864012663484
2026-05-07 15:00:00,1m,SHORT,80053.3,down,exhaustion_up,150.162,0.0010330617226272632,0.0007282647935813128
2026-05-07 15:01:00,1m,SHORT,80105.0,down,exhaustion_up,148.286,0.0005430372635915361,0.0002858747893389199
2026-05-07 15:02:00,1m,SHORT,80099.4,down,exhaustion_up,148.286,0.0009300943577604827,0.0003957582703492366
2026-05-07 16:40:00,1m,SHORT,80130.7,neutral,exhaustion_up,124.13,-0.0006202366883104365,-0.0014214277424257392
2026-05-07 17:03:00,1m,SHORT,80237.8,neutral,exhaustion_up,128.964,-0.0010705677374006856,-0.0017996505387736046
2026-05-08 00:02:00,1m,LONG,79315.2,down,exhaustion_down,120.785,8.825546679540488e-06,0.002957818930041226
2026-05-08 00:05:00,1m,LONG,79242.3,down,exhaustion_down,120.785,0.0023194682637934904,0.0037341167532996163
2026-05-08 00:18:00,1m,SHORT,79525.7,down,exhaustion_up,129.694,0.00017855862947446034,0.0004828627726635381
2026-05-08 11:04:00,1m,SHORT,79762.3,down,exhaustion_up,133.25,0.0006920562721987341,0.006980741528265896
2026-05-08 12:10:00,1m,LONG,79931.2,neutral,exhaustion_down,174.799,-0.0016238965510339256,-0.0032803210761254316
2026-05-10 17:46:00,1m,LONG,80684.6,down,exhaustion_down,151.933,-0.0012331969173795245,0.0008192393591836765
2026-05-10 17:56:00,1m,LONG,80600.0,down,exhaustion_down,170.064,0.001610421836228324,0.0019540942928039703
2026-05-10 18:34:00,1m,SHORT,80875.3,down,exhaustion_up,174.137,-0.0018114306840283745,-0.0005712498129836562
2026-05-10 19:36:00,1m,SHORT,81937.1,up,exhaustion_up,241.277,-0.000599240148845954,-0.0002453101220327034
2026-05-10 19:39:00,1m,SHORT,81859.8,up,exhaustion_up,241.277,-0.00012704648679826643,0.0022440807331559212
2026-05-10 19:41:00,1m,SHORT,81890.9,up,exhaustion_up,234.593,-0.00025155420199303306,0.002415408793895328
2026-05-10 19:46:00,1m,SHORT,81890.0,up,exhaustion_up,228.629,-0.0008767859323483077,0.003382586396385395
2026-05-10 19:49:00,1m,SHORT,81882.3,up,exhaustion_up,228.629,0.0013885784839946739,0.0037785943970796397
2026-05-10 20:05:00,1m,SHORT,82191.9,up,exhaustion_up,240.402,0.002137680233697136,0.0005353325571011256
2026-05-10 20:06:00,1m,SHORT,82262.0,up,exhaustion_up,235.095,0.00023218496997405631,-0.0002759475821156438
2026-05-10 20:07:00,1m,SHORT,82228.8,up,exhaustion_up,235.095,0.00013620531979059757,0.0007065650964138023
2026-05-10 20:09:00,1m,SHORT,82274.2,up,exhaustion_up,235.095,0.0010112526162514748,-0.0009358948491750756
2026-05-10 20:16:00,1m,SHORT,82387.9,up,exhaustion_up,232.127,-0.0012259081734089594,-0.001735691770272091
2026-05-10 20:55:00,1m,LONG,82144.2,up,exhaustion_down,195.802,0.0013220653436274968,-0.0024189169777050247
2026-05-10 21:08:00,1m,LONG,81958.7,up,exhaustion_down,197.007,-0.0009895227718349762,-0.004537651280461918
2026-05-10 21:21:00,1m,LONG,81449.2,up,exhaustion_down,220.844,0.003332138314434135,0.003314949686430315
2026-05-10 21:29:00,1m,LONG,81624.2,up,exhaustion_down,219.084,0.0011283418397975823,-0.00026095202158187046
2026-05-10 21:43:00,1m,LONG,81540.8,up,exhaustion_down,209.721,0.000468477130467166,-0.0020958832878756246
2026-05-10 22:46:00,1m,LONG,81401.8,neutral,exhaustion_down,193.732,0.00021866838325446008,0.0007518261266949513
2026-05-10 22:47:00,1m,LONG,81385.7,neutral,exhaustion_down,193.732,0.0010726700145111845,0.0008342989001754453
2026-05-10 23:21:00,1m,LONG,81204.3,down,exhaustion_down,174.1,-0.0005504634606787706,-0.0008509401595729021
2026-05-10 23:22:00,1m,LONG,81205.1,down,exhaustion_down,174.1,-0.00019333761056893766,-0.0007905907387591621
2026-05-10 23:24:00,1m,LONG,81182.3,down,exhaustion_down,174.1,0.00018846472691711014,-0.0007674086592767501
2026-05-11 00:09:00,1m,LONG,80990.9,down,exhaustion_down,138.087,-0.005199349556555012,-0.004816590505846846
2026-05-11 00:16:00,1m,LONG,80596.3,down,exhaustion_down,159.932,-0.0003139101919071088,-0.00020968704518704618
2026-05-11 00:21:00,1m,LONG,80600.0,down,exhaustion_down,158.809,-0.0008523573200992195,-0.000867245657568166
2026-05-11 00:22:00,1m,LONG,80571.1,down,exhaustion_down,158.809,-0.00029290899590555196,-0.000989188431087718
2026-05-11 00:23:00,1m,LONG,80551.6,down,exhaustion_down,158.809,-0.00013655842962771687,-0.00016883587663070405
2026-05-11 12:17:00,1m,SHORT,81015.1,neutral,exhaustion_up,163.45,-0.00017280729148023023,0.004205388871950995
2026-05-11 13:08:00,1m,SHORT,81462.9,up,exhaustion_up,161.704,0.0027681312597513715,0.0036421487572872026
2026-05-11 13:09:00,1m,SHORT,81473.5,up,exhaustion_up,161.704,0.0034133798106133384,0.00405530632659692
2026-05-11 13:10:00,1m,SHORT,81533.0,up,exhaustion_up,161.704,0.002116934247482686,0.003394944378349906
2026-05-11 13:12:00,1m,SHORT,81676.0,up,exhaustion_up,166.689,0.0008925510553895169,0.0011031392330673126
2026-05-11 13:19:00,1m,SHORT,81688.9,up,exhaustion_up,166.44,0.0014800052393900364,0.001705250040091162
2026-05-11 13:21:00,1m,SHORT,81764.7,up,exhaustion_up,161.259,1.7122303390200552e-05,0.0011557554788313295
2026-05-11 13:22:00,1m,SHORT,81748.9,up,exhaustion_up,161.259,0.00028257260953977144,0.0011975696309064554
2026-05-11 13:25:00,1m,SHORT,81809.9,up,exhaustion_up,161.259,2.9336302819203193e-05,-0.0001222345950795686
2026-05-11 13:44:00,1m,LONG,81600.0,up,exhaustion_down,165.143,0.0006200980392157576,-0.0003431372549019608
2026-05-11 14:02:00,1m,LONG,81431.8,up,exhaustion_down,163.937,-0.0005587497758860789,0.0019022052809835246
2026-05-11 14:03:00,1m,LONG,81415.0,up,exhaustion_down,163.937,-0.0005674629982189656,0.0026407910090278206
2026-05-11 14:07:00,1m,LONG,81406.8,up,exhaustion_down,165.491,7.247551801562252e-05,0.002368352520919664
2026-05-11 14:08:00,1m,LONG,81386.2,up,exhaustion_down,165.491,0.0012127363115613837,0.002373866822630828
2026-05-11 14:09:00,1m,LONG,81368.8,up,exhaustion_down,165.491,0.0013420377343649787,0.002477608124981458
2026-05-11 14:10:00,1m,LONG,81389.1,up,exhaustion_down,165.491,0.001297471037276383,0.0022177416877690007
2026-05-11 14:40:00,1m,SHORT,81821.5,up,exhaustion_up,149.189,0.001680487402455345,0.0007748574641138843
2026-05-11 14:42:00,1m,SHORT,81888.2,up,exhaustion_up,150.947,5.128944096948144e-05,0.00029674605132366946
2026-05-11 14:43:00,1m,SHORT,81915.2,up,exhaustion_up,150.947,-0.0004126218333105811,-0.0005163876789656
2026-05-11 14:45:00,1m,SHORT,81936.4,up,exhaustion_up,150.947,0.00026728047607667326,-0.0005174745290248801
2026-05-11 14:46:00,1m,SHORT,81959.0,up,exhaustion_up,151.572,0.0,-0.0009834185385376325
2026-05-11 14:52:00,1m,SHORT,81958.9,up,exhaustion_up,148.024,-0.0010493064206571832,0.0006308039761394021
2026-05-11 15:08:00,1m,SHORT,82034.0,up,exhaustion_up,140.125,-0.0006838627885999198,-0.0015664236779871761
2026-05-11 15:09:00,1m,SHORT,82030.0,up,exhaustion_up,140.125,-0.0012861148360355967,-0.0015177374131415337
2026-05-11 15:32:00,1m,SHORT,82059.3,up,exhaustion_up,140.421,-0.0010882374088007443,-0.0010504598503764606
2026-05-11 16:00:00,1m,LONG,81819.3,up,exhaustion_down,140.403,-0.00029821814657432575,0.0007174346395043356
2026-05-11 16:03:00,1m,LONG,81744.7,up,exhaustion_down,142.438,0.0017199891858433124,0.00046730858392038984
2026-05-11 16:26:00,1m,SHORT,82000.0,up,exhaustion_up,150.739,-0.00153414634146345,-0.000935365853658501
2026-05-11 22:37:00,1m,LONG,80942.4,down,exhaustion_down,128.117,-0.0010229496530864957,0.0038941271817985587
2026-05-11 22:44:00,1m,LONG,80919.9,down,exhaustion_down,146.173,0.002453043070987483,0.002815129529324714
2026-05-11 23:21:00,1m,LONG,81079.7,down,exhaustion_down,139.873,0.0014356244534699653,0.0005044419256609082
2026-05-12 11:23:00,1m,SHORT,80781.2,neutral,exhaustion_up,133.673,-0.0026082801443899953,-0.002114353339638467
2026-05-12 11:43:00,1m,SHORT,80800.1,neutral,exhaustion_up,168.074,-0.0019195520797623494,-0.0035284609796275724
2026-05-12 11:44:00,1m,SHORT,80774.5,neutral,exhaustion_up,168.074,-0.002452506669803042,-0.0035097710292233317
2026-05-12 12:28:00,1m,LONG,80232.2,down,exhaustion_down,164.306,0.0019443565052435308,0.0007740034549720165
2026-05-12 13:17:00,1m,LONG,80209.5,down,exhaustion_down,156.421,0.0012878773711343782,0.0009674664472413594
2026-05-12 13:48:00,1m,LONG,79881.7,down,exhaustion_down,157.19,0.00025537763968479303,0.00204051741512762
2026-05-12 13:49:00,1m,LONG,79900.2,down,exhaustion_down,157.19,0.0005206495102641273,0.0022503072583047717
2026-05-12 14:17:00,1m,SHORT,80292.3,down,exhaustion_up,157.94,0.0006513700566555313,0.0012180495514514207
2026-05-12 14:18:00,1m,SHORT,80254.8,down,exhaustion_up,157.94,0.001484023385517019,0.0022490866589911134
2026-05-12 14:21:00,1m,SHORT,80340.4,down,exhaustion_up,156.538,0.00036220880154947977,0.0007430881598798568
2026-05-12 14:22:00,1m,SHORT,80334.2,down,exhaustion_up,156.538,0.0006945983155368811,0.0013294462383393736
2026-05-12 14:23:00,1m,SHORT,80344.6,down,exhaustion_up,156.538,0.0005476410362364116,0.0010318054978180758
2026-05-12 14:25:00,1m,SHORT,80379.9,down,exhaustion_up,156.538,0.0006904711252439976,0.0007203293360654683
2026-05-12 14:29:00,1m,SHORT,80388.7,down,exhaustion_up,150.928,0.0009217713434849155,0.0006020746696987105
2026-05-12 14:30:00,1m,SHORT,80392.8,down,exhaustion_up,150.928,9.080415161560376e-05,0.0010884059268989263
2026-05-12 14:33:00,1m,SHORT,80435.3,down,exhaustion_up,146.104,-0.0002660523426904447,0.0006924820321425678
2026-05-13 09:32:00,1m,LONG,80140.5,down,exhaustion_down,122.339,-0.0032567802796338928,0.00015597606703227456
2026-05-13 09:39:00,1m,LONG,79868.1,down,exhaustion_down,135.536,0.003284164766658883,0.0035308214418522535
2026-05-13 10:37:00,1m,LONG,80002.0,down,exhaustion_down,134.692,-0.0013387165320867707,-0.00434489137771563
2026-05-13 10:45:00,1m,LONG,79811.9,down,exhaustion_down,138.528,-0.002926881830904806,-0.002430715219159048
2026-05-13 10:53:00,1m,LONG,79688.8,down,exhaustion_down,148.786,-0.000912298842497278,-0.0001217235044322049
2026-05-13 10:59:00,1m,LONG,79616.0,down,exhaustion_down,150.644,-1.2560289389067524e-05,0.0007410570739549839
2026-05-13 11:02:00,1m,LONG,79560.2,down,exhaustion_down,156.398,0.0014944658258778728,0.0015032641949115993
2026-05-13 12:13:00,1m,LONG,79497.0,down,exhaustion_down,140.594,-0.0014629482873567922,-0.0026290300262903003
2026-05-13 12:14:00,1m,LONG,79459.0,down,exhaustion_down,140.594,-0.001875180910910029,-0.002499402207427803
2026-05-13 12:15:00,1m,LONG,79400.1,down,exhaustion_down,140.594,-0.0006536515697084604,-0.0019231713813963917
2026-05-13 12:16:00,1m,LONG,79442.2,down,exhaustion_down,140.701,-0.001033455770358717,-0.0029316912170105334
2026-05-13 12:17:00,1m,LONG,79413.6,down,exhaustion_down,140.701,-0.000846202665538543,-0.0025688295203844178
2026-05-13 12:18:00,1m,LONG,79428.8,down,exhaustion_down,140.701,-0.0011053925024676553,-0.0026275104244303966
2026-05-13 12:21:00,1m,LONG,79348.3,down,exhaustion_down,139.38,-0.001237581649512303,-0.0012980744388978718
2026-05-13 12:22:00,1m,LONG,79360.1,down,exhaustion_down,139.38,-0.0009085170003566757,-0.0014112885442432658
2026-05-13 12:23:00,1m,LONG,79346.3,down,exhaustion_down,139.38,-0.001082596163904413,-0.0010347048318573874
2026-05-13 12:25:00,1m,LONG,79323.5,down,exhaustion_down,139.38,-0.0014396742453370954,-0.0012732670646151518
2026-05-13 12:28:00,1m,LONG,79287.9,down,exhaustion_down,139.003,-0.0004805272935717969,-0.0002295432216012417
2026-05-13 12:51:00,1m,LONG,79113.1,down,exhaustion_down,131.982,-0.0014017906010510108,-0.0034987884433804626
2026-05-13 12:54:00,1m,LONG,79049.9,down,exhaustion_down,131.982,-0.0032283405798109437,-0.0035838122502367285
2026-05-13 13:03:00,1m,LONG,78896.7,down,exhaustion_down,151.055,-0.0016489916561781579,-0.0005614936999900238
2026-05-13 13:07:00,1m,LONG,78827.6,down,exhaustion_down,151.279,0.0004820646575564903,0.00116329813415602
2026-05-13 13:08:00,1m,LONG,78815.8,down,exhaustion_down,151.279,0.00027786306806495877,0.0016075456951524579
2026-05-13 13:11:00,1m,LONG,78740.4,down,exhaustion_down,153.202,0.001598925075310879,0.002520942235497915
2026-05-13 13:34:00,1m,SHORT,79081.3,down,exhaustion_up,143.473,0.00012645214481805432,0.0011418628677070674
2026-05-14 00:51:00,1m,LONG,79055.9,down,exhaustion_down,128.453,-0.0014179839834849931,0.0003238214984587592
2026-05-14 00:57:00,1m,LONG,78943.8,down,exhaustion_down,133.949,0.00034454890694389035,0.00309333981895978
2026-05-14 00:58:00,1m,LONG,78948.1,down,exhaustion_down,133.949,0.0009208581333812604,0.003280636266103934
2026-05-14 01:09:00,1m,SHORT,79184.9,down,exhaustion_up,135.32,0.0005607129642142471,0.000987562022557478
2026-05-14 01:10:00,1m,SHORT,79201.0,down,exhaustion_up,135.32,0.00017045239327786264,0.0010290274112700597
2026-05-14 01:20:00,1m,SHORT,79309.7,down,exhaustion_up,129.003,-0.00021939308810894732,-0.0005661350377065376
2026-05-14 10:37:00,1m,LONG,79702.1,up,exhaustion_down,136.918,0.0009447680801382693,0.0031078227549838342
2026-05-14 11:01:00,1m,LONG,79734.3,up,exhaustion_down,162.498,-0.002095710378093315,0.003481563141583876
2026-05-14 11:19:00,1m,SHORT,80085.5,up,exhaustion_up,184.681,0.0010825929787539204,-0.00031840969963351667
2026-05-14 11:20:00,1m,SHORT,80190.6,up,exhaustion_up,184.681,-0.0002955458619839687,-0.0011285612029340096
2026-05-14 11:21:00,1m,SHORT,80155.1,up,exhaustion_up,181.111,-0.000790966513671728,-0.0007310826135829886
2026-05-14 11:24:00,1m,SHORT,80200.0,up,exhaustion_up,181.111,-0.0010685785536159239,0.0004975062344138925
2026-05-14 11:26:00,1m,SHORT,80166.8,up,exhaustion_up,178.888,-0.0007209967218350104,0.0021604953671594362
2026-05-14 11:38:00,1m,SHORT,80223.5,up,exhaustion_up,172.76,0.0008164689897598584,0.006736180794904164
2026-05-14 11:43:00,1m,SHORT,80302.6,up,exhaustion_up,170.292,0.003714699150463227,0.007852796796118573
2026-05-14 11:50:00,1m,SHORT,80657.0,up,exhaustion_up,185.849,0.0030487124490124126,0.004138512466369973
2026-05-14 11:53:00,1m,SHORT,80763.9,up,exhaustion_up,185.51,0.0019018398071416294,0.0006104212401828405
2026-05-14 11:54:00,1m,SHORT,80772.2,up,exhaustion_up,185.51,0.0019474522174708986,0.0011588145426273623
2026-05-14 11:55:00,1m,SHORT,80809.2,up,exhaustion_up,185.51,0.0031902308153032443,0.0006286412933181236
2026-05-14 11:58:00,1m,SHORT,80933.2,up,exhaustion_up,185.888,0.0005967884625839941,-0.0005201820760823898
2026-05-14 12:02:00,1m,SHORT,81081.0,up,exhaustion_up,187.289,-0.0033028699695366722,-0.0024876358209691184
2026-05-14 12:06:00,1m,SHORT,80984.2,up,exhaustion_up,194.354,-0.0011755379444385089,0.0011088582711195876
2026-05-14 12:52:00,1m,SHORT,81113.7,up,exhaustion_up,174.821,0.0018899396772678711,0.0026826541015883363
2026-05-14 12:55:00,1m,SHORT,81251.0,up,exhaustion_up,174.821,0.0023642785934943054,0.0021378198422172907
2026-05-14 12:56:00,1m,SHORT,81240.0,up,exhaustion_up,164.691,0.0009318069916297032,0.0027843426883308355
2026-05-14 12:57:00,1m,SHORT,81237.8,up,exhaustion_up,164.691,0.000584703180046727,0.0030490732146857386
2026-05-14 13:03:00,1m,SHORT,81285.3,up,exhaustion_up,168.849,0.0013643303278697892,0.0014098490132901185
2026-05-14 13:11:00,1m,SHORT,81466.3,up,exhaustion_up,165.158,-0.0009525411120918198,0.0005646506592296446
2026-05-14 13:13:00,1m,SHORT,81465.8,up,exhaustion_up,165.158,-0.0004541783177726113,0.000418580557730867
2026-05-14 13:14:00,1m,SHORT,81470.9,up,exhaustion_up,165.158,-0.0007389141398953135,0.0009144369339236465
2026-05-14 14:05:00,1m,SHORT,81962.0,up,exhaustion_up,221.921,-0.0004624094092383565,-0.007185036968351116
2026-05-14 14:10:00,1m,SHORT,81891.1,up,exhaustion_up,217.348,-0.004166508936868739,-0.006062929915460898
2026-05-14 14:24:00,1m,LONG,81375.0,up,exhaustion_down,230.721,0.0005628264208909728,0.002101382488479263
2026-05-14 14:25:00,1m,LONG,81394.6,up,exhaustion_down,230.721,0.0006351772722022971,0.0016229577883544026
2026-05-14 14:26:00,1m,LONG,81371.2,up,exhaustion_down,224.626,0.0012092730597558932,0.0016848713058183465
2026-05-14 14:27:00,1m,LONG,81383.9,up,exhaustion_down,224.626,0.00012901814732397933,0.0016710921939105893
2026-05-14 14:50:00,1m,SHORT,81703.0,up,exhaustion_up,210.411,-5.507753693254838e-05,-0.0031357477693597187
2026-05-14 15:06:00,1m,LONG,81462.6,up,exhaustion_down,202.886,0.004063214284837459,0.004756784094787055
2026-05-14 15:22:00,1m,SHORT,81828.4,up,exhaustion_up,185.184,0.0001808663006975929,-0.004013276564126809
2026-05-14 16:26:00,1m,LONG,81409.9,up,exhaustion_down,163.343,-0.0005527583254616454,-0.0005982073433329004
2026-05-14 16:27:00,1m,LONG,81401.6,up,exhaustion_down,163.343,0.0003918841890084983,-0.0004090828681500475
2026-05-14 16:28:00,1m,LONG,81342.5,up,exhaustion_down,163.343,0.0008433475735317432,0.0005175646187418118
2026-05-14 16:31:00,1m,LONG,81315.9,up,exhaustion_down,163.083,0.0002422650428761367,0.0007587691952005899
2026-05-14 17:21:00,1m,LONG,81234.0,up,exhaustion_down,142.468,-0.00013294925770001366,-0.0007472240687396545
2026-05-14 17:22:00,1m,LONG,81226.4,up,exhaustion_down,142.468,-0.0003705691745539784,-0.0006992800370321517
