timestamp,tf,side,signal_price,dir,trend,momentum
2026-06-08T23:14:59,15m,HOLD,0.0,up,bearish,inside_bar
2026-06-08T23:14:59,15m,HOLD,0.24,up,neutral,flat_zero_range
2026-06-08T23:14:59,15m,HOLD,0.27,down,neutral,inside_bar
2026-06-08T23:14:59,15m,HOLD,2.61,range,neutral,flat_zero_range
2026-06-08T23:14:59,15m,HOLD,0.08,range,bearish,inside_bar
2026-06-08T23:14:59,15m,HOLD,0.07,range,bearish,flat_zero_range
2026-06-08T23:14:59,15m,HOLD,0.01,up,bullish,inside_bar
2026-06-08T23:14:59,15m,HOLD,0.11,up,bearish,breakout_up_strong
2026-06-08T23:14:59,15m,HOLD,0.26,up,bearish,flat_zero_range
2026-06-08T23:14:59,15m,HOLD,67.36,down,neutral,breakout_down_strong
2026-06-08T23:14:59,15m,HOLD,0.02,range,bearish,inside_bar
2026-06-08T23:14:59,15m,HOLD,0.02,up,neutral,breakout_up_strong
2026-06-08T23:14:59,15m,HOLD,64.28,up,neutral,inside_bar
2026-06-08T23:14:59,15m,HOLD,607.16,up,bullish,inside_bar
2026-06-08T23:14:59,15m,HOLD,0.05,up,bearish,breakout_down_weak
2026-06-08T23:14:59,15m,HOLD,0.0,range,bearish,flat_zero_range
2026-06-08T23:14:59,15m,HOLD,0.0,up,neutral,flat_zero_range
2026-06-08T23:14:59,15m,HOLD,0.35,up,bullish,inside_bar
2026-06-08T23:14:59,15m,HOLD,0.68,up,bearish,exhaustion_up
2026-06-08T23:14:59,15m,HOLD,0.03,range,neutral,inside_bar
2026-06-08T23:14:59,15m,HOLD,0.05,up,bearish,flat_zero_range
2026-06-08T23:14:59,15m,HOLD,0.05,range,bearish,inside_bar
2026-06-08T23:14:59,15m,HOLD,0.1,up,neutral,breakout_up_strong
2026-06-08T23:14:59,15m,HOLD,0.25,up,neutral,inside_bar
2026-06-08T23:14:59,15m,HOLD,0.0,up,bullish,breakout_up_weak
2026-06-08T23:14:59,15m,HOLD,0.12,up,neutral,flat_zero_range
2026-06-08T23:14:59,15m,HOLD,0.02,up,bullish,inside_bar
2026-06-08T23:14:59,15m,HOLD,0.04,down,bearish,inside_bar
2026-06-08T23:14:59,15m,HOLD,0.13,up,neutral,breakout_up_strong
2026-06-08T23:14:59,15m,HOLD,0.1,up,bearish,inside_bar
2026-06-08T23:14:59,15m,HOLD,0.08,up,bullish,breakout_down_strong
2026-06-08T23:14:59,15m,HOLD,0.19,down,bullish,breakout_down_weak
2026-06-08T23:14:59,15m,HOLD,4321.2,range,neutral,trend_continuation_up
2026-06-08T23:14:59,15m,HOLD,36.87,range,bearish,bullish_pressure
2026-06-08T23:14:59,15m,HOLD,0.12,up,bullish,breakout_up_weak
2026-06-08T23:14:59,15m,HOLD,0.0,range,bearish,flat_zero_range
2026-06-08T23:14:59,15m,HOLD,0.09,down,bearish,indecision
2026-06-08T23:14:59,15m,HOLD,1.29,up,bullish,inside_bar
2026-06-08T23:14:59,15m,HOLD,0.03,up,neutral,inside_bar
2026-06-08T23:14:59,15m,HOLD,0.14,down,bearish,inside_bar
2026-06-08T23:14:59,15m,HOLD,0.08,up,bullish,breakout_up_weak
2026-06-08T23:14:59,15m,HOLD,461.18,up,neutral,exhaustion_up
2026-06-08T23:14:59,15m,HOLD,0.13,up,neutral,exhaustion_up
2026-06-08T23:14:59,15m,HOLD,0.14,up,bearish,inside_bar
2026-06-08T23:14:59,15m,HOLD,0.85,down,bearish,breakout_down_weak
2026-06-08T23:14:59,15m,HOLD,0.1,up,bearish,exhaustion_up
2026-06-08T23:14:59,15m,HOLD,0.02,down,bearish,breakout_down_weak
2026-06-08T23:14:59,15m,HOLD,0.04,range,bearish,flat_zero_range
2026-06-08T23:14:59,15m,HOLD,0.05,up,bearish,flat_zero_range
2026-06-08T23:14:59,15m,SHORT,1.66,down,bearish,inside_bar
2026-06-08T23:14:59,15m,HOLD,0.1,up,bearish,flat_zero_range
2026-06-08T23:14:59,15m,HOLD,0.17,down,bearish,inside_bar
2026-06-08T23:14:59,15m,HOLD,0.02,range,bearish,inside_bar
2026-06-08T23:14:59,15m,HOLD,0.01,down,neutral,breakout_up_weak
2026-06-08T23:14:59,15m,HOLD,0.03,up,bullish,breakout_up_strong
2026-06-08T23:14:59,15m,HOLD,0.08,range,bearish,inside_bar
2026-06-08T23:14:59,15m,HOLD,0.03,up,neutral,inside_bar
2026-06-08T23:14:59,15m,HOLD,1.32,up,bullish,breakout_up_strong
2026-06-08T23:14:59,15m,HOLD,1.0,range,neutral,inside_bar
2026-06-08T23:14:59,15m,HOLD,0.04,up,bearish,flat_zero_range
2026-06-08T23:14:59,15m,HOLD,0.01,up,bearish,inside_bar
2026-06-08T23:14:59,15m,HOLD,0.0,up,bearish,flat_zero_range
2026-06-08T23:14:59,15m,HOLD,0.02,down,bearish,trend_continuation_down
2026-06-08T23:14:59,15m,HOLD,0.0,up,neutral,flat_zero_range
2026-06-08T23:14:59,15m,HOLD,0.0,up,bearish,flat_zero_range
2026-06-08T23:14:59,15m,HOLD,0.17,up,bullish,breakout_up_weak
2026-06-08T23:14:59,15m,HOLD,0.78,up,bearish,inside_bar
2026-06-08T23:14:59,15m,HOLD,0.02,up,bullish,inside_bar
2026-06-08T23:14:59,15m,HOLD,0.0,range,neutral,breakout_up_strong
2026-06-08T23:14:59,15m,HOLD,0.09,down,bearish,inside_bar
2026-06-08T23:14:59,15m,HOLD,8.07,up,bullish,inside_bar
2026-06-08T23:14:59,15m,HOLD,1.78,up,neutral,inside_bar
2026-06-08T23:14:59,15m,HOLD,0.01,range,bearish,inside_bar
2026-06-08T23:14:59,15m,LONG,0.0,up,bearish,flat_zero_range
2026-06-08T23:14:59,15m,HOLD,0.07,up,bearish,inside_bar
2026-06-08T23:14:59,15m,HOLD,0.08,range,neutral,inside_bar
2026-06-08T23:14:59,15m,HOLD,0.03,up,bearish,flat_zero_range
2026-06-08T23:14:59,15m,HOLD,0.07,up,neutral,inside_bar
2026-06-08T23:14:59,15m,HOLD,0.19,range,bearish,trend_continuation_down
2026-06-08T23:14:59,15m,HOLD,0.33,range,bullish,breakout_down_strong
2026-06-08T23:14:59,15m,HOLD,0.01,up,bearish,flat_zero_range
2026-06-08T23:14:59,15m,HOLD,0.21,range,neutral,breakout_up_weak
2026-06-08T23:14:59,15m,HOLD,0.1,up,bearish,inside_bar
2026-06-08T23:14:59,15m,HOLD,0.06,up,bullish,inside_bar
2026-06-08T23:14:59,15m,HOLD,0.04,up,bullish,flat_zero_range
2026-06-08T23:14:59,15m,HOLD,0.0,up,neutral,flat_zero_range
2026-06-08T23:14:59,15m,HOLD,0.61,up,neutral,inside_bar
2026-06-08T23:14:59,15m,HOLD,0.02,down,bearish,inside_bar
2026-06-08T23:14:59,15m,HOLD,0.21,up,bullish,breakout_up_strong
2026-06-08T23:14:59,15m,HOLD,0.19,up,bearish,inside_bar
2026-06-08T23:14:59,15m,HOLD,0.06,up,bullish,exhaustion_down
2026-06-08T23:14:59,15m,HOLD,0.03,down,neutral,breakout_up_strong
2026-06-08T23:14:59,15m,HOLD,0.01,down,neutral,breakout_up_weak
2026-06-08T23:14:59,15m,HOLD,0.05,range,neutral,inside_bar
2026-06-08T23:14:59,15m,HOLD,0.72,down,neutral,breakout_up_strong
2026-06-08T23:14:59,15m,HOLD,0.64,up,bullish,inside_bar
2026-06-08T23:14:59,15m,HOLD,0.36,up,bearish,flat_zero_range
2026-06-08T23:14:59,15m,HOLD,1.27,up,bullish,flat_zero_range
2026-06-08T23:14:59,15m,HOLD,2.13,range,bearish,trend_continuation_down
2026-06-08T23:14:59,15m,HOLD,0.45,down,bearish,trend_continuation_down
2026-06-08T23:14:59,15m,HOLD,0.29,up,bearish,flat_zero_range
2026-06-08T23:14:59,15m,HOLD,0.06,up,bearish,flat_zero_range
2026-06-08T23:14:59,15m,HOLD,0.0,range,neutral,exhaustion_down
2026-06-08T23:14:59,15m,HOLD,0.32,up,bearish,inside_bar
2026-06-08T23:14:59,15m,HOLD,0.08,up,bullish,inside_bar
2026-06-08T23:14:59,15m,HOLD,0.0,up,bullish,inside_bar
2026-06-08T23:14:59,15m,HOLD,0.0,range,bearish,flat_zero_range
2026-06-08T23:14:59,15m,HOLD,217.8,up,bullish,breakout_up_weak
2026-06-08T23:14:59,15m,HOLD,1.15,up,bearish,flat_zero_range
2026-06-08T23:14:59,15m,HOLD,7.15,up,neutral,inside_bar
2026-06-08T23:14:59,15m,HOLD,0.01,up,bearish,inside_bar
2026-06-08T23:14:59,15m,HOLD,0.16,up,bearish,inside_bar
2026-06-08T23:14:59,15m,HOLD,0.0,up,bearish,breakout_down_strong
2026-06-08T23:14:59,15m,HOLD,5.71,up,neutral,breakout_down_weak
2026-06-08T23:14:59,15m,HOLD,0.05,up,neutral,flat_zero_range
2026-06-08T23:14:59,15m,HOLD,0.76,up,neutral,breakout_up_weak
2026-06-08T23:14:59,15m,HOLD,2.55,up,bearish,inside_bar
2026-06-08T23:14:59,15m,HOLD,0.16,range,neutral,inside_bar
2026-06-08T23:14:59,15m,HOLD,5.74,range,neutral,flat_zero_range
2026-06-08T23:14:59,15m,HOLD,0.01,up,neutral,inside_bar
2026-06-08T23:14:59,15m,HOLD,63587.81,range,neutral,breakout_up_weak
2026-06-08T23:14:59,15m,HOLD,0.9,up,neutral,breakout_up_strong
2026-06-08T23:14:59,15m,HOLD,0.02,up,bearish,breakout_down_weak
2026-06-08T23:14:59,15m,HOLD,0.04,down,bearish,flat_zero_range
2026-06-08T23:14:59,15m,HOLD,1.7,up,bearish,inside_bar
2026-06-08T23:14:59,15m,HOLD,30.11,up,neutral,inside_bullish_weak
2026-06-08T23:14:59,15m,HOLD,0.09,down,bearish,inside_bullish_weak
2026-06-08T23:14:59,15m,HOLD,0.05,range,neutral,breakout_up_weak
2026-06-08T23:14:59,15m,HOLD,0.04,up,bearish,flat_zero_range
2026-06-08T23:14:59,15m,HOLD,0.06,range,bullish,breakout_up_weak
2026-06-08T23:14:59,15m,HOLD,0.07,up,bearish,inside_bar
2026-06-08T23:14:59,15m,HOLD,0.03,down,bearish,breakout_down_weak
2026-06-08T23:14:59,15m,HOLD,0.0,up,bearish,flat_zero_range
2026-06-08T23:14:59,15m,HOLD,0.31,up,neutral,flat_zero_range
2026-06-08T23:14:59,15m,HOLD,0.01,up,neutral,inside_bar
2026-06-08T23:14:59,15m,HOLD,0.1,down,bearish,inside_bar
2026-06-08T23:14:59,15m,HOLD,0.37,up,bearish,inside_bar
2026-06-08T23:14:59,15m,HOLD,0.05,up,bearish,flat_zero_range
2026-06-08T23:14:59,15m,HOLD,0.06,up,neutral,inside_bar
2026-06-08T23:29:59,15m,HOLD,0.07,range,bearish,inside_bar
2026-06-08T23:29:59,15m,HOLD,0.01,up,neutral,breakout_up_strong
2026-06-08T23:29:59,15m,HOLD,63.66,up,bearish,breakout_down_weak
2026-06-08T23:29:59,15m,HOLD,602.78,up,bearish,breakout_down_weak
2026-06-08T23:29:59,15m,HOLD,0.0,up,neutral,flat_zero_range
2026-06-08T23:29:59,15m,HOLD,0.03,range,bearish,exhaustion_down
2026-06-08T23:29:59,15m,HOLD,0.19,down,bullish,breakout_up_strong
2026-06-08T23:29:59,15m,HOLD,0.1,up,bearish,breakout_down_strong
2026-06-08T23:29:59,15m,HOLD,36.7,range,bearish,breakout_up_weak
2026-06-08T23:29:59,15m,HOLD,0.14,up,bearish,breakout_down_weak
2026-06-08T23:29:59,15m,HOLD,0.84,down,bearish,exhaustion_down
2026-06-08T23:29:59,15m,SHORT,0.04,down,bearish,exhaustion_down
2026-06-08T23:29:59,15m,HOLD,0.02,down,bearish,breakout_down_strong
2026-06-08T23:29:59,15m,HOLD,1.64,down,bearish,exhaustion_down
2026-06-08T23:29:59,15m,SHORT,0.02,down,bearish,exhaustion_down
2026-06-08T23:29:59,15m,HOLD,0.17,down,bearish,trend_continuation_down
2026-06-08T23:29:59,15m,HOLD,0.01,down,bearish,breakout_down_strong
2026-06-08T23:29:59,15m,HOLD,0.03,up,neutral,exhaustion_down
2026-06-08T23:29:59,15m,SHORT,0.08,down,bearish,exhaustion_down
2026-06-08T23:29:59,15m,HOLD,1.32,up,bullish,exhaustion_down
2026-06-08T23:29:59,15m,HOLD,0.01,range,bearish,breakout_down_weak
2026-06-08T23:29:59,15m,HOLD,0.17,up,neutral,bearish_pressure
2026-06-08T23:29:59,15m,HOLD,0.02,down,bearish,flat_zero_range
2026-06-08T23:29:59,15m,HOLD,0.77,up,bearish,exhaustion_down
2026-06-08T23:29:59,15m,HOLD,1.77,up,neutral,trend_continuation_up
2026-06-08T23:29:59,15m,SHORT,0.01,down,bearish,trend_continuation_down
2026-06-08T23:29:59,15m,HOLD,0.06,up,neutral,breakout_down_weak
2026-06-08T23:29:59,15m,HOLD,0.1,up,bearish,inside_bar
2026-06-08T23:29:59,15m,HOLD,0.04,up,bearish,breakout_down_strong
2026-06-08T23:29:59,15m,HOLD,0.03,down,bearish,exhaustion_up
2026-06-08T23:29:59,15m,HOLD,0.05,range,bearish,indecision
2026-06-08T23:29:59,15m,HOLD,0.36,range,bearish,bearish_pressure
2026-06-08T23:29:59,15m,HOLD,2.14,range,bearish,inside_bar
2026-06-08T23:29:59,15m,HOLD,0.29,up,bearish,trend_continuation_down
2026-06-08T23:29:59,15m,HOLD,0.0,range,bearish,flat_zero_range
2026-06-08T23:29:59,15m,HOLD,215.9,up,neutral,exhaustion_down
2026-06-08T23:29:59,15m,HOLD,0.0,range,bearish,breakout_down_strong
2026-06-08T23:29:59,15m,HOLD,0.01,up,neutral,inside_bar
2026-06-08T23:29:59,15m,HOLD,63152.01,range,bearish,breakout_down_weak
2026-06-08T23:29:59,15m,HOLD,0.09,down,bearish,breakout_down_strong
2026-06-08T23:29:59,15m,HOLD,0.0,range,bearish,flat_zero_range
2026-06-08T23:29:59,15m,HOLD,0.0,up,bearish,inside_bar
2026-06-08T23:29:59,15m,HOLD,0.23,up,bearish,inside_bar
2026-06-08T23:29:59,15m,HOLD,0.27,down,bearish,trend_continuation_down
2026-06-08T23:29:59,15m,SHORT,2.59,down,bearish,flat_zero_range
2026-06-08T23:29:59,15m,HOLD,0.08,range,bearish,trend_continuation_down
2026-06-08T23:29:59,15m,HOLD,0.11,up,bearish,flat_zero_range
2026-06-08T23:29:59,15m,HOLD,0.26,up,bearish,inside_bar
2026-06-08T23:29:59,15m,HOLD,66.97,down,bearish,breakout_down_strong
2026-06-08T23:29:59,15m,SHORT,0.02,down,bearish,exhaustion_up
2026-06-08T23:29:59,15m,HOLD,0.02,up,neutral,breakout_down_strong
2026-06-08T23:29:59,15m,HOLD,0.05,up,bearish,inside_bar
2026-06-08T23:29:59,15m,HOLD,0.0,range,bearish,flat_zero_range
2026-06-08T23:29:59,15m,HOLD,0.35,up,bearish,breakout_down_strong
2026-06-08T23:29:59,15m,HOLD,0.67,up,bearish,inside_bar
2026-06-08T23:29:59,15m,HOLD,0.05,range,bearish,inside_bar
2026-06-08T23:29:59,15m,HOLD,0.05,range,bearish,breakout_down_strong
2026-06-08T23:29:59,15m,HOLD,0.1,up,neutral,exhaustion_up
2026-06-08T23:29:59,15m,HOLD,0.0,up,neutral,breakout_down_strong
2026-06-08T23:29:59,15m,HOLD,0.02,up,neutral,breakout_down_strong
2026-06-08T23:29:59,15m,HOLD,0.25,up,bearish,trend_continuation_down
2026-06-08T23:29:59,15m,HOLD,0.04,down,bearish,inside_bearish_weak
2026-06-08T23:29:59,15m,HOLD,0.13,up,bearish,inside_bar
2026-06-08T23:29:59,15m,HOLD,0.12,up,bearish,trend_continuation_down
2026-06-08T23:29:59,15m,HOLD,0.08,up,bullish,inside_bearish_weak
2026-06-08T23:29:59,15m,HOLD,4314.49,range,bearish,breakout_down_weak
2026-06-08T23:29:59,15m,HOLD,0.12,up,bullish,breakout_up_weak
2026-06-08T23:29:59,15m,SHORT,0.0,down,bearish,flat_zero_range
2026-06-08T23:29:59,15m,HOLD,0.09,down,bearish,inside_bar
2026-06-08T23:29:59,15m,HOLD,1.27,up,bearish,inside_bar
2026-06-08T23:29:59,15m,HOLD,0.03,up,neutral,inside_bar
2026-06-08T23:29:59,15m,HOLD,0.14,down,bearish,inside_bar
2026-06-08T23:29:59,15m,HOLD,0.08,up,neutral,breakout_down_weak
2026-06-08T23:29:59,15m,HOLD,459.17,up,neutral,inside_bearish_weak
2026-06-08T23:29:59,15m,HOLD,0.13,up,neutral,breakout_up_strong
2026-06-08T23:29:59,15m,HOLD,0.1,up,bearish,trend_continuation_down
2026-06-08T23:29:59,15m,HOLD,0.05,up,bearish,flat_zero_range
2026-06-08T23:29:59,15m,HOLD,0.1,up,bearish,flat_zero_range
2026-06-08T23:29:59,15m,HOLD,0.03,up,bearish,inside_bar
2026-06-08T23:29:59,15m,HOLD,0.04,range,bearish,flat_zero_range
2026-06-08T23:29:59,15m,HOLD,1.0,range,bullish,inside_bar
2026-06-08T23:29:59,15m,HOLD,0.0,up,bearish,flat_zero_range
2026-06-08T23:29:59,15m,HOLD,0.0,range,bearish,inside_bar
2026-06-08T23:29:59,15m,HOLD,0.0,range,bearish,indecision
2026-06-08T23:29:59,15m,HOLD,0.02,up,neutral,breakout_down_strong
2026-06-08T23:29:59,15m,HOLD,0.09,down,bearish,inside_bar
2026-06-08T23:29:59,15m,HOLD,0.0,range,bearish,flat_zero_range
2026-06-08T23:29:59,15m,HOLD,8.01,up,neutral,exhaustion_up
2026-06-08T23:29:59,15m,HOLD,0.08,range,bearish,exhaustion_up
2026-06-08T23:29:59,15m,HOLD,0.0,range,bearish,flat_zero_range
2026-06-08T23:29:59,15m,HOLD,0.03,up,bearish,flat_zero_range
2026-06-08T23:29:59,15m,HOLD,0.07,up,neutral,flat_zero_range
2026-06-08T23:29:59,15m,SHORT,0.19,down,bearish,inside_bar
2026-06-08T23:29:59,15m,HOLD,0.33,range,neutral,bullish_pressure
2026-06-08T23:29:59,15m,HOLD,0.01,up,bearish,inside_bar
2026-06-08T23:29:59,15m,HOLD,0.21,range,bearish,inside_bar
2026-06-08T23:29:59,15m,HOLD,0.0,range,bearish,flat_zero_range
2026-06-08T23:29:59,15m,HOLD,0.6,up,neutral,exhaustion_up
2026-06-08T23:29:59,15m,HOLD,0.02,down,bearish,inside_bar
2026-06-08T23:29:59,15m,HOLD,0.2,up,neutral,exhaustion_up
2026-06-08T23:29:59,15m,HOLD,0.19,range,bearish,breakout_down_strong
2026-06-08T23:29:59,15m,HOLD,0.06,up,neutral,bearish_pressure
2026-06-08T23:29:59,15m,HOLD,0.01,down,bearish,inside_bar
2026-06-08T23:29:59,15m,HOLD,0.72,down,bearish,breakout_down_strong
2026-06-08T23:29:59,15m,HOLD,0.63,range,bearish,inside_bar
2026-06-08T23:29:59,15m,HOLD,0.07,range,bearish,bullish_pressure
2026-06-08T23:29:59,15m,HOLD,1.26,up,neutral,inside_bar
2026-06-08T23:29:59,15m,HOLD,0.44,down,bearish,inside_bar
2026-06-08T23:29:59,15m,HOLD,0.06,up,bearish,inside_bar
2026-06-08T23:29:59,15m,HOLD,0.0,range,bearish,flat_zero_range
2026-06-08T23:29:59,15m,HOLD,0.32,range,bearish,inside_bar
2026-06-08T23:29:59,15m,HOLD,0.08,up,bullish,trend_continuation_down
2026-06-08T23:29:59,15m,HOLD,0.0,up,bearish,inside_bar
2026-06-08T23:29:59,15m,HOLD,1.14,up,bearish,flat_zero_range
2026-06-08T23:29:59,15m,HOLD,7.11,range,bearish,inside_bar
2026-06-08T23:29:59,15m,HOLD,0.01,up,bearish,inside_bar
2026-06-08T23:29:59,15m,HOLD,0.16,up,bearish,inside_bar
2026-06-08T23:29:59,15m,HOLD,5.69,up,bearish,inside_bar
2026-06-08T23:29:59,15m,HOLD,0.05,up,bearish,flat_zero_range
2026-06-08T23:29:59,15m,HOLD,0.76,up,bearish,exhaustion_up
2026-06-08T23:29:59,15m,HOLD,2.53,up,bearish,inside_bar
2026-06-08T23:29:59,15m,SHORT,0.16,down,bearish,inside_bar
2026-06-08T23:29:59,15m,HOLD,5.7,range,bearish,inside_bar
2026-06-08T23:29:59,15m,HOLD,0.9,range,bearish,exhaustion_up
2026-06-08T23:29:59,15m,HOLD,0.02,range,bearish,exhaustion_up
2026-06-08T23:29:59,15m,HOLD,0.04,down,bearish,breakout_down_weak
2026-06-08T23:29:59,15m,HOLD,1.69,up,bearish,inside_bar
2026-06-08T23:29:59,15m,HOLD,29.59,up,bearish,exhaustion_up
2026-06-08T23:29:59,15m,HOLD,0.05,range,bearish,trend_continuation_up
2026-06-08T23:29:59,15m,LONG,0.06,up,bullish,breakout_up_strong
2026-06-08T23:44:59,15m,HOLD,0.04,range,bearish,trend_continuation_down
2026-06-08T23:44:59,15m,HOLD,0.07,up,bearish,inside_bar
2026-06-08T23:44:59,15m,HOLD,0.04,down,neutral,inside_bar
2026-06-08T23:44:59,15m,HOLD,0.31,up,neutral,inside_bar
2026-06-08T23:44:59,15m,HOLD,0.01,up,neutral,breakout_up_strong
2026-06-08T23:44:59,15m,HOLD,0.1,down,bearish,inside_bar
2026-06-08T23:44:59,15m,HOLD,0.37,up,bearish,breakout_up_strong
2026-06-08T23:44:59,15m,HOLD,0.05,up,bearish,breakout_up_strong
2026-06-08T23:44:59,15m,HOLD,0.06,up,bearish,inside_bar
2026-06-08T23:44:59,15m,HOLD,0.23,up,bearish,breakout_up_strong
2026-06-08T23:44:59,15m,HOLD,0.0,up,bearish,breakout_up_weak
2026-06-08T23:44:59,15m,HOLD,0.27,down,bearish,inside_bar
2026-06-08T23:44:59,15m,HOLD,2.59,down,bearish,flat_zero_range
2026-06-08T23:44:59,15m,SHORT,0.08,down,bearish,trend_continuation_up
2026-06-08T23:44:59,15m,HOLD,0.11,up,bearish,flat_zero_range
2026-06-08T23:44:59,15m,HOLD,0.07,range,bearish,inside_bar
2026-06-08T23:44:59,15m,HOLD,0.01,up,neutral,breakout_down_weak
2026-06-08T23:44:59,15m,HOLD,0.26,up,bearish,flat_zero_range
2026-06-08T23:44:59,15m,HOLD,66.97,down,bearish,breakout_up_weak
2026-06-08T23:44:59,15m,HOLD,0.02,down,bearish,inside_bar
2026-06-08T23:44:59,15m,HOLD,0.0,range,bearish,flat_zero_range
2026-06-08T23:44:59,15m,HOLD,0.02,up,neutral,breakout_down_weak
2026-06-08T23:44:59,15m,HOLD,63.56,up,bearish,inside_bar
2026-06-08T23:44:59,15m,HOLD,602.96,up,bearish,indecision
2026-06-08T23:44:59,15m,HOLD,0.05,range,bearish,inside_bar
2026-06-08T23:44:59,15m,SHORT,0.0,down,bearish,flat_zero_range
2026-06-08T23:44:59,15m,HOLD,0.0,up,neutral,flat_zero_range
2026-06-08T23:44:59,15m,HOLD,0.67,range,bearish,inside_bar
2026-06-08T23:44:59,15m,HOLD,0.35,up,bearish,flat_zero_range
2026-06-08T23:44:59,15m,SHORT,0.03,down,bearish,inside_bar
2026-06-08T23:44:59,15m,HOLD,0.05,range,bearish,breakout_down_strong
2026-06-08T23:44:59,15m,SHORT,0.05,down,bearish,breakout_down_strong
2026-06-08T23:44:59,15m,HOLD,0.02,up,neutral,trend_continuation_down
2026-06-08T23:44:59,15m,HOLD,0.1,up,neutral,breakout_down_weak
2026-06-08T23:44:59,15m,HOLD,0.12,up,bearish,breakout_down_strong
2026-06-08T23:44:59,15m,HOLD,0.0,up,neutral,breakout_down_strong
2026-06-08T23:44:59,15m,HOLD,0.02,up,neutral,breakout_up_strong
2026-06-08T23:44:59,15m,HOLD,0.25,up,bearish,breakout_down_weak
2026-06-08T23:44:59,15m,HOLD,0.04,down,bearish,breakout_down_strong
2026-06-08T23:44:59,15m,HOLD,0.13,up,bearish,inside_bar
2026-06-08T23:44:59,15m,HOLD,0.08,up,neutral,exhaustion_down
2026-06-08T23:44:59,15m,HOLD,0.19,down,bullish,breakout_up_weak
2026-06-08T23:44:59,15m,HOLD,0.1,range,bearish,breakout_down_strong
2026-06-08T23:44:59,15m,HOLD,4313.41,range,bearish,breakout_down_strong
2026-06-08T23:44:59,15m,HOLD,36.77,range,bearish,breakout_down_strong
2026-06-08T23:44:59,15m,HOLD,0.13,up,bullish,flat_zero_range
2026-06-08T23:44:59,15m,HOLD,0.0,down,bearish,flat_zero_range
2026-06-08T23:44:59,15m,HOLD,0.09,down,bearish,breakout_down_strong
2026-06-08T23:44:59,15m,HOLD,1.27,up,bearish,breakout_down_strong
2026-06-08T23:44:59,15m,HOLD,0.03,up,neutral,breakout_down_weak
2026-06-08T23:44:59,15m,HOLD,0.14,down,bearish,breakout_down_strong
2026-06-08T23:44:59,15m,HOLD,459.33,up,neutral,breakout_down_strong
2026-06-08T23:44:59,15m,HOLD,0.08,up,neutral,breakout_down_strong
2026-06-08T23:44:59,15m,HOLD,0.13,up,bearish,breakout_down_strong
2026-06-08T23:44:59,15m,HOLD,0.14,up,bearish,breakout_down_strong
2026-06-08T23:44:59,15m,HOLD,0.85,down,bearish,breakout_down_strong
2026-06-08T23:44:59,15m,HOLD,0.1,up,bearish,breakout_down_strong
2026-06-08T23:44:59,15m,HOLD,0.04,down,bearish,bearish_pressure
2026-06-08T23:44:59,15m,HOLD,0.02,down,bearish,inside_bar
2026-06-08T23:44:59,15m,HOLD,0.05,up,bearish,flat_zero_range
2026-06-08T23:44:59,15m,HOLD,1.64,down,bearish,breakout_down_strong
2026-06-08T23:44:59,15m,HOLD,0.1,up,bearish,flat_zero_range
2026-06-08T23:44:59,15m,HOLD,0.17,down,bearish,trend_continuation_down
2026-06-08T23:44:59,15m,HOLD,0.02,down,bearish,breakout_down_strong
2026-06-08T23:44:59,15m,HOLD,0.01,down,bearish,breakout_down_strong
2026-06-08T23:44:59,15m,HOLD,0.03,up,neutral,breakout_down_strong
2026-06-08T23:44:59,15m,HOLD,0.08,down,bearish,breakout_down_strong
2026-06-08T23:44:59,15m,HOLD,0.03,up,bearish,breakout_down_strong
2026-06-08T23:44:59,15m,HOLD,1.0,range,bullish,indecision
2026-06-08T23:44:59,15m,HOLD,1.31,up,neutral,breakout_down_strong
2026-06-08T23:44:59,15m,HOLD,0.04,range,bearish,breakout_down_strong
2026-06-08T23:44:59,15m,HOLD,0.01,range,bearish,trend_continuation_down
2026-06-08T23:44:59,15m,HOLD,0.0,range,bearish,breakout_down_strong
2026-06-08T23:44:59,15m,HOLD,0.02,down,bearish,flat_zero_range
2026-06-08T23:44:59,15m,HOLD,0.0,range,bearish,breakout_up_weak
2026-06-08T23:44:59,15m,HOLD,0.17,up,neutral,breakout_down_strong
2026-06-08T23:44:59,15m,HOLD,0.77,up,bearish,inside_bar
2026-06-08T23:44:59,15m,HOLD,0.09,down,bearish,breakout_down_strong
2026-06-08T23:44:59,15m,SHORT,0.0,down,bearish,breakout_down_strong
2026-06-08T23:44:59,15m,HOLD,8.0,up,bearish,breakout_down_strong
2026-06-08T23:44:59,15m,HOLD,1.77,up,bearish,breakout_down_strong
2026-06-08T23:44:59,15m,HOLD,0.0,range,bearish,flat_zero_range
2026-06-08T23:44:59,15m,HOLD,0.01,down,bearish,breakout_down_strong
2026-06-08T23:44:59,15m,HOLD,0.08,range,bearish,breakout_down_strong
2026-06-08T23:44:59,15m,HOLD,0.07,up,bearish,breakout_down_weak
2026-06-08T23:44:59,15m,HOLD,0.03,range,bearish,flat_zero_range
2026-06-08T23:44:59,15m,HOLD,0.19,down,bearish,breakout_down_strong
2026-06-08T23:44:59,15m,HOLD,0.33,range,neutral,bearish_pressure
2026-06-08T23:44:59,15m,HOLD,0.01,up,bearish,breakout_down_strong
2026-06-08T23:44:59,15m,HOLD,0.21,range,bearish,breakout_down_weak
2026-06-08T23:44:59,15m,HOLD,0.1,up,bearish,breakout_down_strong
2026-06-08T23:44:59,15m,HOLD,0.06,up,neutral,breakout_down_strong
2026-06-08T23:44:59,15m,HOLD,0.04,up,bearish,breakout_down_weak
2026-06-08T23:44:59,15m,HOLD,0.0,range,bearish,breakout_down_strong
2026-06-08T23:44:59,15m,HOLD,0.61,up,neutral,breakout_down_strong
2026-06-08T23:44:59,15m,HOLD,0.02,down,bearish,indecision
2026-06-08T23:44:59,15m,HOLD,0.2,up,neutral,breakout_down_strong
2026-06-08T23:44:59,15m,HOLD,0.19,range,bearish,bearish_pressure
2026-06-08T23:44:59,15m,HOLD,0.06,up,neutral,breakout_down_weak
2026-06-08T23:44:59,15m,HOLD,0.03,down,bearish,breakout_down_strong
2026-06-08T23:44:59,15m,HOLD,0.01,down,bearish,inside_bar
2026-06-08T23:44:59,15m,HOLD,0.05,range,bearish,breakout_down_strong
2026-06-08T23:44:59,15m,HOLD,0.71,down,bearish,breakout_down_strong
2026-06-08T23:44:59,15m,HOLD,0.63,range,bearish,breakout_down_weak
2026-06-08T23:44:59,15m,LONG,0.07,up,neutral,breakout_up_strong
2026-06-08T23:44:59,15m,HOLD,0.36,range,bearish,breakout_down_strong
2026-06-08T23:44:59,15m,HOLD,1.25,up,bearish,flat_zero_range
2026-06-08T23:44:59,15m,SHORT,2.13,down,bearish,trend_continuation_up
2026-06-08T23:44:59,15m,HOLD,0.44,down,bearish,breakout_up_strong
2026-06-08T23:44:59,15m,HOLD,0.29,range,bearish,flat_zero_range
2026-06-08T23:44:59,15m,HOLD,0.06,up,bearish,flat_zero_range
2026-06-08T23:44:59,15m,HOLD,0.0,range,bearish,flat_zero_range
2026-06-08T23:44:59,15m,HOLD,0.32,range,bearish,bullish_pressure
2026-06-08T23:44:59,15m,HOLD,0.08,up,bullish,breakout_down_strong
2026-06-08T23:44:59,15m,HOLD,0.0,up,bearish,flat_zero_range
2026-06-08T23:44:59,15m,SHORT,0.0,down,bearish,flat_zero_range
2026-06-08T23:44:59,15m,HOLD,1.14,up,bearish,flat_zero_range
2026-06-08T23:44:59,15m,HOLD,216.1,up,bearish,inside_bullish_weak
2026-06-08T23:44:59,15m,HOLD,7.12,range,bearish,inside_bar
2026-06-08T23:44:59,15m,HOLD,0.01,range,bearish,bullish_pressure
2026-06-08T23:44:59,15m,HOLD,0.16,up,bearish,inside_bullish_weak
2026-06-08T23:44:59,15m,HOLD,0.0,range,bearish,flat_zero_range
2026-06-08T23:44:59,15m,HOLD,5.65,up,bearish,breakout_down_weak
2026-06-08T23:44:59,15m,HOLD,0.05,up,bearish,flat_zero_range
2026-06-08T23:44:59,15m,HOLD,0.76,range,bearish,inside_bar
2026-06-08T23:44:59,15m,HOLD,2.52,range,bearish,inside_bar
2026-06-08T23:44:59,15m,HOLD,0.16,down,bearish,breakout_down_weak
2026-06-08T23:44:59,15m,HOLD,5.7,range,bearish,flat_zero_range
2026-06-08T23:44:59,15m,HOLD,0.01,up,neutral,breakout_down_strong
2026-06-08T23:44:59,15m,HOLD,63134.0,range,bearish,inside_bar
2026-06-08T23:44:59,15m,HOLD,0.9,range,bearish,inside_bar
2026-06-08T23:44:59,15m,SHORT,0.02,down,bearish,flat_zero_range
2026-06-08T23:59:59,15m,HOLD,0.04,down,bearish,breakout_up_strong
2026-06-08T23:59:59,15m,HOLD,29.61,up,bearish,breakout_up_weak
2026-06-08T23:59:59,15m,HOLD,1.69,up,bearish,breakout_up_strong
2026-06-08T23:59:59,15m,HOLD,0.09,down,neutral,breakout_up_strong
2026-06-08T23:59:59,15m,SHORT,0.05,down,bearish,breakout_up_strong
2026-06-08T23:59:59,15m,HOLD,0.06,up,neutral,inside_bar
2026-06-08T23:59:59,15m,HOLD,0.04,range,bearish,flat_zero_range
2026-06-08T23:59:59,15m,HOLD,0.03,down,bearish,breakout_down_strong
2026-06-08T23:59:59,15m,HOLD,0.07,up,bearish,breakout_down_strong
2026-06-08T23:59:59,15m,SHORT,0.0,down,neutral,breakout_up_strong
2026-06-08T23:59:59,15m,HOLD,0.31,up,neutral,breakout_up_strong
2026-06-08T23:59:59,15m,HOLD,0.01,up,bullish,breakout_up_strong
2026-06-08T23:59:59,15m,HOLD,0.1,down,bearish,trend_continuation_up
2026-06-08T23:59:59,15m,HOLD,0.36,up,bearish,breakout_up_strong
2026-06-08T23:59:59,15m,HOLD,0.05,range,bearish,breakout_down_strong
2026-06-08T23:59:59,15m,HOLD,0.06,up,bearish,breakout_up_strong
2026-06-08T23:59:59,15m,HOLD,0.08,down,bearish,breakout_up_weak
2026-06-08T23:59:59,15m,HOLD,0.26,up,bearish,trend_continuation_down
2026-06-08T23:59:59,15m,HOLD,0.02,up,neutral,breakout_up_strong
2026-06-08T23:59:59,15m,HOLD,601.86,up,bearish,breakout_up_weak
2026-06-08T23:59:59,15m,HOLD,0.03,down,bearish,breakout_up_strong
2026-06-08T23:59:59,15m,HOLD,0.04,down,bearish,trend_continuation_up
2026-06-08T23:59:59,15m,HOLD,0.13,up,bearish,exhaustion_down
2026-06-08T23:59:59,15m,HOLD,0.03,up,neutral,breakout_up_strong
2026-06-08T23:59:59,15m,HOLD,0.14,range,bearish,breakout_up_strong
2026-06-08T23:59:59,15m,HOLD,0.1,range,bearish,breakout_up_strong
2026-06-08T23:59:59,15m,HOLD,0.02,down,neutral,breakout_up_strong
2026-06-08T23:59:59,15m,HOLD,1.0,range,bullish,inside_bar
2026-06-08T23:59:59,15m,HOLD,0.01,down,bearish,inside_bar
2026-06-08T23:59:59,15m,HOLD,0.01,up,bearish,breakout_up_strong
2026-06-08T23:59:59,15m,HOLD,0.04,up,bearish,inside_bar
2026-06-08T23:59:59,15m,HOLD,0.2,up,neutral,inside_bar
2026-06-08T23:59:59,15m,HOLD,0.63,range,bearish,breakout_up_strong
2026-06-08T23:59:59,15m,HOLD,0.0,range,bearish,exhaustion_down
2026-06-08T23:59:59,15m,HOLD,5.66,up,bearish,breakout_up_strong
2026-06-08T23:59:59,15m,SHORT,5.7,down,bearish,breakout_up_strong
2026-06-08T23:59:59,15m,HOLD,63085.99,range,bearish,bearish_pressure
2026-06-08T23:59:59,15m,HOLD,0.11,up,bearish,flat_zero_range
2026-06-08T23:59:59,15m,HOLD,0.35,up,bearish,breakout_down_strong
2026-06-08T23:59:59,15m,HOLD,0.25,up,bearish,trend_continuation_down
2026-06-08T23:59:59,15m,HOLD,0.13,up,bullish,breakout_up_weak
2026-06-08T23:59:59,15m,HOLD,0.0,down,bearish,flat_zero_range
2026-06-08T23:59:59,15m,HOLD,0.09,down,bearish,exhaustion_down
2026-06-08T23:59:59,15m,HOLD,0.08,up,neutral,breakout_down_weak
2026-06-08T23:59:59,15m,HOLD,459.04,up,neutral,exhaustion_up
2026-06-08T23:59:59,15m,HOLD,0.84,down,bearish,trend_continuation_down
2026-06-08T23:59:59,15m,HOLD,0.05,up,bearish,flat_zero_range
2026-06-08T23:59:59,15m,HOLD,0.1,up,bearish,breakout_down_strong
2026-06-08T23:59:59,15m,HOLD,0.01,down,bearish,inside_bearish_weak
2026-06-08T23:59:59,15m,HOLD,0.08,down,bearish,inside_bar
2026-06-08T23:59:59,15m,HOLD,0.03,up,bearish,trend_continuation_down
2026-06-08T23:59:59,15m,HOLD,0.0,range,bearish,flat_zero_range
2026-06-08T23:59:59,15m,HOLD,0.0,range,bearish,flat_zero_range
2026-06-08T23:59:59,15m,HOLD,0.19,down,bearish,breakout_up_strong
2026-06-08T23:59:59,15m,HOLD,0.33,range,neutral,inside_bar
2026-06-08T23:59:59,15m,HOLD,0.1,range,bearish,trend_continuation_down
2026-06-08T23:59:59,15m,HOLD,0.06,up,bearish,exhaustion_up
2026-06-08T23:59:59,15m,HOLD,0.02,down,bearish,breakout_down_strong
2026-06-08T23:59:59,15m,HOLD,0.19,range,bearish,breakout_down_strong
2026-06-08T23:59:59,15m,SHORT,0.05,down,bearish,trend_continuation_down
2026-06-09T00:59:59,15m,HOLD,210.4,range,bearish,indecision
2026-06-09T00:59:59,15m,SHORT,0.0,down,bearish,indecision
2026-06-09T00:59:59,15m,HOLD,0.02,range,bearish,inside_bar
2026-06-09T00:59:59,15m,HOLD,0.06,down,bearish,inside_bar
2026-06-09T00:59:59,15m,HOLD,0.12,up,neutral,breakout_up_strong
2026-06-09T00:59:59,15m,HOLD,0.14,down,bearish,breakout_up_weak
2026-06-09T00:59:59,15m,HOLD,0.03,down,bearish,breakout_up_weak
2026-06-09T00:59:59,15m,HOLD,0.24,down,bearish,bearish_pressure
2026-06-09T00:59:59,15m,HOLD,0.02,down,bearish,flat_zero_range
2026-06-09T00:59:59,15m,HOLD,0.17,up,bearish,inside_bar
2026-06-09T00:59:59,15m,SHORT,595.72,down,bearish,breakout_up_weak
2026-06-09T00:59:59,15m,HOLD,0.04,down,bearish,inside_bar
2026-06-09T00:59:59,15m,HOLD,62.14,down,bearish,indecision
2026-06-09T00:59:59,15m,HOLD,0.01,down,bearish,inside_bar
2026-06-09T00:59:59,15m,HOLD,0.03,down,bearish,inside_bearish_weak
2026-06-09T00:59:59,15m,HOLD,0.0,up,bearish,inside_bar
2026-06-09T00:59:59,15m,HOLD,0.0,down,bearish,flat_zero_range
2026-06-09T00:59:59,15m,HOLD,0.07,range,bearish,trend_continuation_down
2026-06-09T00:59:59,15m,HOLD,0.04,down,bearish,flat_zero_range
2026-06-09T00:59:59,15m,HOLD,0.03,up,bearish,inside_bar
2026-06-09T00:59:59,15m,HOLD,0.02,down,bearish,inside_bar
2026-06-09T00:59:59,15m,HOLD,0.35,down,bearish,inside_bar
2026-06-09T00:59:59,15m,HOLD,0.2,range,bearish,indecision
2026-06-09T00:59:59,15m,HOLD,0.01,up,neutral,inside_bar
2026-06-09T00:59:59,15m,HOLD,0.82,down,bearish,breakout_down_weak
2026-06-09T00:59:59,15m,HOLD,0.65,down,bearish,inside_bar
2026-06-09T00:59:59,15m,HOLD,1.3,up,bearish,exhaustion_down
2026-06-09T00:59:59,15m,HOLD,0.18,down,bearish,bearish_pressure
2026-06-09T00:59:59,15m,HOLD,0.05,down,bearish,flat_zero_range
2026-06-09T00:59:59,15m,HOLD,0.1,down,bearish,flat_zero_range
2026-06-09T00:59:59,15m,HOLD,1.74,range,bearish,trend_continuation_down
2026-06-09T00:59:59,15m,HOLD,0.16,down,bearish,exhaustion_down
2026-06-09T00:59:59,15m,HOLD,0.01,down,bearish,exhaustion_down
2026-06-09T00:59:59,15m,HOLD,0.0,down,bearish,flat_zero_range
2026-06-09T00:59:59,15m,HOLD,0.1,down,bearish,inside_bar
2026-06-09T00:59:59,15m,HOLD,0.15,down,bearish,trend_continuation_down
2026-06-09T00:59:59,15m,HOLD,0.02,down,bearish,inside_bar
2026-06-09T00:59:59,15m,HOLD,0.08,down,bearish,trend_continuation_down
2026-06-09T00:59:59,15m,HOLD,5.62,down,bearish,exhaustion_up
2026-06-09T00:59:59,15m,HOLD,0.0,down,bearish,breakout_up_weak
2026-06-09T00:59:59,15m,SHORT,7.83,down,bearish,indecision
2026-06-09T00:59:59,15m,HOLD,1.0,range,bullish,inside_bar
2026-06-09T00:59:59,15m,HOLD,0.07,down,bearish,trend_continuation_down
2026-06-09T00:59:59,15m,HOLD,0.28,down,bearish,inside_bar
2026-06-09T00:59:59,15m,HOLD,0.08,down,bearish,bearish_pressure
2026-06-09T00:59:59,15m,HOLD,0.76,down,bearish,exhaustion_up
2026-06-09T00:59:59,15m,SHORT,1.65,down,bearish,inside_bar
2026-06-09T00:59:59,15m,HOLD,0.03,down,bearish,inside_bar
2026-06-09T00:59:59,15m,HOLD,62562.0,down,bearish,indecision
2026-06-09T00:59:59,15m,HOLD,0.02,down,bearish,inside_bar
2026-06-09T00:59:59,15m,HOLD,0.0,down,bearish,flat_zero_range
2026-06-09T00:59:59,15m,HOLD,0.09,down,bearish,bearish_pressure
2026-06-09T00:59:59,15m,HOLD,0.34,down,bearish,bearish_pressure
2026-06-09T00:59:59,15m,HOLD,0.0,down,bearish,inside_bar
2026-06-09T00:59:59,15m,HOLD,0.04,down,bearish,bearish_pressure
2026-06-09T00:59:59,15m,HOLD,0.02,up,bearish,inside_bar
2026-06-09T00:59:59,15m,SHORT,5.48,down,bearish,exhaustion_down
2026-06-09T00:59:59,15m,HOLD,0.13,down,bearish,trend_continuation_down
2026-06-09T00:59:59,15m,HOLD,0.01,down,bearish,exhaustion_down
2026-06-09T00:59:59,15m,HOLD,0.01,up,neutral,breakout_up_weak
2026-06-09T00:59:59,15m,HOLD,0.04,down,bearish,inside_bar
2026-06-09T00:59:59,15m,HOLD,0.0,down,bearish,inside_bar
2026-06-09T00:59:59,15m,HOLD,0.09,down,bearish,exhaustion_up
2026-06-09T00:59:59,15m,HOLD,0.07,down,bearish,exhaustion_down
2026-06-09T00:59:59,15m,SHORT,0.06,down,bearish,inside_bar
2026-06-09T00:59:59,15m,HOLD,0.08,up,neutral,trend_continuation_up
2026-06-09T00:59:59,15m,HOLD,35.84,down,bearish,inside_bearish_weak
2026-06-09T00:59:59,15m,HOLD,1.6,down,bearish,inside_bar
2026-06-09T00:59:59,15m,HOLD,0.73,down,bearish,exhaustion_up
2026-06-09T00:59:59,15m,HOLD,0.19,up,neutral,breakout_up_weak
2026-06-09T00:59:59,15m,HOLD,0.05,down,bearish,inside_bearish_weak
2026-06-09T00:59:59,15m,HOLD,0.02,down,bearish,flat_zero_range
2026-06-09T00:59:59,15m,HOLD,0.0,down,bearish,inside_bar
2026-06-09T00:59:59,15m,HOLD,0.05,down,bearish,inside_bar
2026-06-09T00:59:59,15m,HOLD,2.08,down,bearish,trend_continuation_down
2026-06-09T00:59:59,15m,HOLD,0.0,down,bearish,inside_bar
2026-06-09T00:59:59,15m,HOLD,0.26,down,bearish,exhaustion_up
2026-06-09T00:59:59,15m,SHORT,0.01,down,bearish,breakout_up_weak
2026-06-09T00:59:59,15m,HOLD,2.53,down,bearish,exhaustion_down
2026-06-09T00:59:59,15m,HOLD,0.23,range,bearish,inside_bar
2026-06-09T00:59:59,15m,HOLD,0.12,down,bearish,trend_continuation_up
2026-06-09T00:59:59,15m,HOLD,0.0,down,bearish,breakout_up_strong
2026-06-09T00:59:59,15m,HOLD,0.13,up,bearish,exhaustion_up
2026-06-09T00:59:59,15m,HOLD,449.44,up,bearish,inside_bar
2026-06-09T00:59:59,15m,HOLD,0.05,down,bearish,bullish_pressure
2026-06-09T00:59:59,15m,SHORT,0.35,down,bearish,exhaustion_up
2026-06-09T00:59:59,15m,HOLD,0.1,down,bearish,exhaustion_up
2026-06-09T00:59:59,15m,HOLD,1.25,down,bearish,breakout_up_weak
2026-06-09T00:59:59,15m,HOLD,0.03,down,bearish,breakout_up_strong
2026-06-09T00:59:59,15m,HOLD,0.01,down,bearish,breakout_up_strong
2026-06-09T00:59:59,15m,HOLD,0.0,down,bearish,breakout_up_strong
2026-06-09T00:59:59,15m,HOLD,0.09,down,bearish,inside_bullish_weak
2026-06-09T00:59:59,15m,SHORT,0.06,down,bearish,breakout_down_weak
2026-06-09T00:59:59,15m,HOLD,6.96,down,bearish,exhaustion_up
2026-06-09T00:59:59,15m,HOLD,0.15,down,bearish,inside_bullish_weak
2026-06-09T00:59:59,15m,HOLD,0.19,down,bearish,inside_bar
2026-06-09T00:59:59,15m,HOLD,0.09,up,bearish,breakout_up_strong
2026-06-09T00:59:59,15m,HOLD,0.0,down,bearish,flat_zero_range
2026-06-09T00:59:59,15m,HOLD,0.01,up,bearish,exhaustion_up
2026-06-09T00:59:59,15m,HOLD,0.0,down,bearish,trend_continuation_up
2026-06-09T00:59:59,15m,HOLD,1.12,down,bearish,flat_zero_range
2026-06-09T00:59:59,15m,HOLD,0.04,down,bearish,trend_continuation_down
2026-06-09T00:59:59,15m,HOLD,28.88,down,bearish,exhaustion_up
2026-06-09T00:59:59,15m,HOLD,0.04,down,bearish,breakout_up_strong
2026-06-09T00:59:59,15m,HOLD,0.25,down,bearish,breakout_up_strong
2026-06-09T00:59:59,15m,HOLD,0.72,down,bullish,bullish_pressure
2026-06-09T00:59:59,15m,HOLD,0.0,down,bearish,flat_zero_range
2026-06-09T00:59:59,15m,HOLD,0.31,down,bearish,exhaustion_up
2026-06-09T00:59:59,15m,HOLD,0.07,up,bearish,inside_bar
2026-06-09T00:59:59,15m,HOLD,0.02,down,bearish,breakout_up_strong
2026-06-09T00:59:59,15m,HOLD,0.06,up,neutral,inside_bar
2026-06-09T00:59:59,15m,HOLD,0.33,range,bearish,inside_bar
2026-06-09T00:59:59,15m,HOLD,0.09,down,bearish,breakout_down_weak
2026-06-09T00:59:59,15m,HOLD,0.05,down,bearish,flat_zero_range
2026-06-09T00:59:59,15m,HOLD,0.12,down,bearish,inside_bar
2026-06-09T00:59:59,15m,SHORT,0.05,down,bearish,breakout_up_strong
2026-06-09T00:59:59,15m,HOLD,0.08,down,bearish,inside_bullish_weak
2026-06-09T00:59:59,15m,HOLD,0.3,down,bearish,flat_zero_range
2026-06-09T00:59:59,15m,HOLD,0.01,up,neutral,inside_bar
2026-06-09T00:59:59,15m,HOLD,1.22,down,bearish,inside_bar
2026-06-09T00:59:59,15m,HOLD,0.21,down,bearish,breakout_up_weak
2026-06-09T00:59:59,15m,HOLD,0.1,down,bearish,breakout_up_strong
2026-06-09T00:59:59,15m,HOLD,0.01,down,bearish,breakout_up_strong
2026-06-09T00:59:59,15m,HOLD,0.08,range,bearish,breakout_down_strong
2026-06-09T00:59:59,15m,HOLD,0.88,down,bearish,breakout_up_weak
2026-06-09T00:59:59,15m,HOLD,0.06,down,bearish,breakout_up_strong
2026-06-09T00:59:59,15m,HOLD,0.0,up,bearish,bullish_pressure
2026-06-09T00:59:59,15m,HOLD,0.08,down,bearish,bearish_pressure
2026-06-09T00:59:59,15m,HOLD,4312.36,range,neutral,breakout_up_weak
2026-06-09T00:59:59,15m,HOLD,65.76,down,bearish,breakout_up_strong
2026-06-09T00:59:59,15m,HOLD,0.05,down,bearish,breakout_up_weak
2026-06-09T00:59:59,15m,HOLD,0.62,down,bearish,inside_bullish_weak
2026-06-09T00:59:59,15m,HOLD,0.03,up,bearish,breakout_down_weak
2026-06-09T00:59:59,15m,HOLD,0.04,down,neutral,breakout_up_weak
2026-06-09T00:59:59,15m,HOLD,0.06,range,bearish,breakout_down_strong
2026-06-09T00:59:59,15m,HOLD,0.42,down,bearish,breakout_down_strong
2026-06-09T00:59:59,15m,HOLD,2.47,down,bearish,breakout_down_weak
2026-06-09T00:59:59,15m,HOLD,0.59,up,bearish,breakout_up_weak
2026-06-09T00:59:59,15m,HOLD,0.05,down,bearish,breakout_up_strong
2026-06-09T01:14:59,15m,SHORT,210.8,down,bearish,exhaustion_up
2026-06-09T01:14:59,15m,HOLD,0.26,down,bearish,inside_bar
2026-06-09T01:14:59,15m,HOLD,0.0,down,bearish,exhaustion_up
2026-06-09T01:14:59,15m,HOLD,0.01,down,bearish,exhaustion_up
2026-06-09T01:14:59,15m,SHORT,0.02,down,bearish,trend_continuation_down
2026-06-09T01:14:59,15m,HOLD,0.12,down,bearish,inside_bar
2026-06-09T01:14:59,15m,HOLD,0.23,range,neutral,breakout_up_strong
2026-06-09T01:14:59,15m,HOLD,0.13,down,bearish,inside_bar
2026-06-09T01:14:59,15m,HOLD,2.53,down,bearish,flat_zero_range
2026-06-09T01:14:59,15m,HOLD,0.0,down,bearish,breakout_up_strong
2026-06-09T01:14:59,15m,HOLD,0.06,down,bearish,bearish_pressure
2026-06-09T01:14:59,15m,HOLD,0.13,up,neutral,flat_zero_range
2026-06-09T01:14:59,15m,HOLD,449.15,up,bearish,inside_bar
2026-06-09T01:14:59,15m,HOLD,0.05,down,bearish,exhaustion_up
2026-06-09T01:14:59,15m,HOLD,0.36,down,bearish,exhaustion_up
2026-06-09T01:14:59,15m,HOLD,0.1,down,bearish,inside_bar
2026-06-09T01:14:59,15m,HOLD,0.14,down,bearish,breakout_up_strong
2026-06-09T01:14:59,15m,HOLD,1.25,down,bearish,inside_bar
2026-06-09T01:14:59,15m,HOLD,0.03,down,bearish,inside_bar
2026-06-09T01:14:59,15m,HOLD,0.03,down,bearish,flat_zero_range
2026-06-09T01:14:59,15m,HOLD,0.01,down,bearish,indecision
2026-06-09T01:14:59,15m,HOLD,0.24,down,bearish,breakout_up_strong
2026-06-09T01:14:59,15m,HOLD,0.0,down,bearish,breakout_up_strong
2026-06-09T01:14:59,15m,HOLD,0.02,down,bearish,flat_zero_range
2026-06-09T01:14:59,15m,HOLD,0.09,down,bearish,trend_continuation_up
2026-06-09T01:14:59,15m,HOLD,0.06,down,bearish,indecision
2026-06-09T01:14:59,15m,HOLD,6.97,down,bearish,inside_bar
2026-06-09T01:14:59,15m,HOLD,0.17,up,bearish,inside_bar
2026-06-09T01:14:59,15m,HOLD,596.2,down,bearish,inside_bullish_weak
2026-06-09T01:14:59,15m,HOLD,0.04,down,bearish,inside_bar
2026-06-09T01:14:59,15m,HOLD,0.16,down,bearish,breakout_up_weak
2026-06-09T01:14:59,15m,HOLD,0.19,down,bearish,breakout_up_weak
2026-06-09T01:14:59,15m,HOLD,62.14,down,bearish,inside_bar
2026-06-09T01:14:59,15m,HOLD,0.01,down,bearish,indecision
2026-06-09T01:14:59,15m,HOLD,0.09,up,bearish,inside_bar
2026-06-09T01:14:59,15m,HOLD,0.03,down,bearish,inside_bar
2026-06-09T01:14:59,15m,HOLD,0.0,down,bearish,flat_zero_range
2026-06-09T01:14:59,15m,HOLD,0.0,range,bearish,flat_zero_range
2026-06-09T01:14:59,15m,HOLD,0.0,down,bearish,breakout_down_strong
2026-06-09T01:14:59,15m,HOLD,0.01,up,bearish,inside_bar
2026-06-09T01:14:59,15m,SHORT,0.07,down,bearish,flat_zero_range
2026-06-09T01:14:59,15m,HOLD,0.04,down,bearish,breakout_down_strong
2026-06-09T01:14:59,15m,HOLD,0.0,down,bearish,exhaustion_down
2026-06-09T01:14:59,15m,HOLD,0.03,up,bearish,indecision
2026-06-09T01:14:59,15m,HOLD,0.02,down,bearish,inside_bar
2026-06-09T01:14:59,15m,HOLD,0.36,down,bearish,flat_zero_range
2026-06-09T01:14:59,15m,HOLD,0.2,range,bearish,inside_bar
2026-06-09T01:14:59,15m,HOLD,0.01,up,neutral,inside_bar
2026-06-09T01:14:59,15m,HOLD,0.83,down,bearish,breakout_up_weak
2026-06-09T01:14:59,15m,HOLD,1.13,down,bearish,flat_zero_range
2026-06-09T01:14:59,15m,HOLD,0.04,down,bearish,breakout_up_strong
2026-06-09T01:14:59,15m,HOLD,28.91,down,bearish,inside_bullish_weak
2026-06-09T01:14:59,15m,HOLD,0.04,down,bearish,exhaustion_up
2026-06-09T01:14:59,15m,HOLD,0.65,down,bearish,inside_bar
2026-06-09T01:14:59,15m,HOLD,1.3,range,bearish,exhaustion_up
2026-06-09T01:14:59,15m,HOLD,0.25,down,bearish,exhaustion_up
2026-06-09T01:14:59,15m,HOLD,0.71,down,neutral,indecision
2026-06-09T01:14:59,15m,HOLD,0.05,down,neutral,flat_zero_range
2026-06-09T01:14:59,15m,HOLD,0.18,down,bearish,bullish_pressure
2026-06-09T01:14:59,15m,HOLD,0.1,down,bearish,flat_zero_range
2026-06-09T01:14:59,15m,HOLD,1.74,range,bearish,breakout_up_strong
2026-06-09T01:14:59,15m,HOLD,0.16,down,bearish,exhaustion_up
2026-06-09T01:14:59,15m,HOLD,0.01,down,bearish,breakout_up_strong
2026-06-09T01:14:59,15m,HOLD,0.0,down,bearish,flat_zero_range
2026-06-09T01:14:59,15m,HOLD,0.1,down,bearish,bearish_pressure
2026-06-09T01:14:59,15m,HOLD,0.15,down,bearish,inside_bar
2026-06-09T01:14:59,15m,HOLD,0.02,down,bearish,breakout_up_weak
2026-06-09T01:14:59,15m,HOLD,0.08,down,bearish,inside_bar
2026-06-09T01:14:59,15m,HOLD,0.0,down,bearish,flat_zero_range
2026-06-09T01:14:59,15m,HOLD,5.6,down,bearish,breakout_down_strong
2026-06-09T01:14:59,15m,HOLD,0.31,down,bearish,exhaustion_up
2026-06-09T01:14:59,15m,HOLD,0.0,down,bearish,breakout_up_weak
2026-06-09T01:14:59,15m,HOLD,0.07,up,bearish,breakout_down_strong
2026-06-09T01:14:59,15m,HOLD,0.02,down,bearish,breakout_up_weak
2026-06-09T01:14:59,15m,HOLD,0.06,up,bearish,flat_zero_range
2026-06-09T01:14:59,15m,HOLD,7.83,down,bearish,inside_bar
2026-06-09T01:14:59,15m,HOLD,1.0,range,bullish,inside_bar
2026-06-09T01:14:59,15m,HOLD,0.33,range,bearish,inside_bar
2026-06-09T01:14:59,15m,HOLD,0.09,down,bearish,breakout_up_strong
2026-06-09T01:14:59,15m,HOLD,0.05,down,bearish,breakout_up_weak
2026-06-09T01:14:59,15m,HOLD,0.07,down,bearish,breakout_up_strong
2026-06-09T01:14:59,15m,HOLD,0.29,down,bearish,inside_bar
2026-06-09T01:14:59,15m,HOLD,0.08,down,bearish,breakout_up_weak
2026-06-09T01:14:59,15m,HOLD,0.76,down,bearish,breakout_up_weak
2026-06-09T01:14:59,15m,HOLD,1.65,down,bearish,inside_bar
2026-06-09T01:14:59,15m,HOLD,0.03,down,bearish,inside_bar
2026-06-09T01:14:59,15m,HOLD,0.02,down,bearish,trend_continuation_up
2026-06-09T01:14:59,15m,HOLD,62666.0,down,bearish,inside_bar
2026-06-09T01:14:59,15m,HOLD,0.0,down,bearish,flat_zero_range
2026-06-09T01:14:59,15m,HOLD,0.1,down,bearish,trend_continuation_down
2026-06-09T01:14:59,15m,HOLD,0.12,down,bearish,inside_bearish_weak
2026-06-09T01:14:59,15m,HOLD,0.34,down,bearish,breakout_up_strong
2026-06-09T01:14:59,15m,HOLD,0.0,down,bearish,inside_bar
2026-06-09T01:14:59,15m,HOLD,0.04,down,bearish,inside_bar
2026-06-09T01:14:59,15m,HOLD,0.05,down,bearish,inside_bar
2026-06-09T01:14:59,15m,HOLD,0.08,down,bearish,inside_bar
2026-06-09T01:14:59,15m,HOLD,0.3,down,bearish,breakout_up_weak
2026-06-09T01:14:59,15m,HOLD,0.02,up,bearish,inside_bar
2026-06-09T01:14:59,15m,HOLD,5.46,down,bearish,exhaustion_up
2026-06-09T01:14:59,15m,HOLD,0.02,up,bearish,breakout_up_strong
2026-06-09T01:14:59,15m,HOLD,0.13,down,bearish,inside_bar
2026-06-09T01:14:59,15m,HOLD,0.01,up,neutral,indecision
2026-06-09T01:14:59,15m,HOLD,0.01,down,neutral,breakout_up_strong
2026-06-09T01:14:59,15m,HOLD,1.22,down,bearish,flat_zero_range
2026-06-09T01:14:59,15m,HOLD,0.21,down,bearish,breakout_up_weak
2026-06-09T01:14:59,15m,HOLD,0.04,down,neutral,breakout_up_weak
2026-06-09T01:14:59,15m,HOLD,0.1,down,neutral,breakout_up_strong
2026-06-09T01:14:59,15m,HOLD,0.0,down,bearish,breakout_up_weak
2026-06-09T01:14:59,15m,HOLD,0.09,down,bearish,inside_bullish_weak
2026-06-09T01:14:59,15m,HOLD,0.01,down,bearish,inside_bar
2026-06-09T01:14:59,15m,HOLD,0.08,range,bearish,inside_bullish_weak
2026-06-09T01:14:59,15m,HOLD,0.87,down,bearish,exhaustion_down
2026-06-09T01:14:59,15m,HOLD,0.07,down,bearish,breakout_up_weak
2026-06-09T01:14:59,15m,HOLD,0.06,down,bearish,breakout_down_strong
2026-06-09T01:14:59,15m,HOLD,0.08,up,neutral,breakout_down_strong
2026-06-09T01:14:59,15m,HOLD,35.91,down,bearish,bullish_pressure
2026-06-09T01:14:59,15m,HOLD,0.06,down,bearish,inside_bar
2026-06-09T01:14:59,15m,HOLD,0.0,up,bearish,inside_bar
2026-06-09T01:14:59,15m,HOLD,0.08,down,bearish,inside_bar
2026-06-09T01:14:59,15m,HOLD,4316.9,range,neutral,inside_bar
2026-06-09T01:14:59,15m,HOLD,65.87,down,bearish,breakout_down_strong
2026-06-09T01:14:59,15m,HOLD,0.05,down,bearish,inside_bar
2026-06-09T01:14:59,15m,HOLD,1.6,down,bearish,inside_bar
2026-06-09T01:14:59,15m,HOLD,0.62,down,bearish,inside_bar
2026-06-09T01:14:59,15m,HOLD,0.03,up,bearish,breakout_up_weak
2026-06-09T01:14:59,15m,HOLD,0.74,down,bearish,indecision
2026-06-09T01:14:59,15m,HOLD,0.04,down,neutral,breakout_up_strong
2026-06-09T01:14:59,15m,HOLD,0.19,range,neutral,exhaustion_down
2026-06-09T01:14:59,15m,HOLD,0.05,down,bearish,inside_bar
2026-06-09T01:14:59,15m,HOLD,0.02,down,bearish,flat_zero_range
2026-06-09T01:14:59,15m,HOLD,0.06,range,neutral,breakout_up_weak
2026-06-09T01:14:59,15m,HOLD,0.42,down,bearish,exhaustion_down
2026-06-09T01:14:59,15m,HOLD,0.0,down,bearish,exhaustion_up
2026-06-09T01:14:59,15m,HOLD,2.47,down,bearish,inside_bullish_weak
2026-06-09T01:14:59,15m,HOLD,0.05,down,bearish,breakout_up_weak
2026-06-09T01:14:59,15m,HOLD,0.59,up,bearish,inside_bar
2026-06-09T01:14:59,15m,HOLD,2.07,down,bearish,inside_bearish_weak
2026-06-09T01:14:59,15m,HOLD,0.05,down,bearish,inside_bar
2026-06-09T01:14:59,15m,HOLD,0.0,down,bearish,inside_bar
2026-06-09T01:44:59,15m,HOLD,0.06,down,bearish,inside_bar
2026-06-09T01:44:59,15m,HOLD,0.87,down,bearish,breakout_down_strong
2026-06-09T01:44:59,15m,HOLD,1.23,down,neutral,flat_zero_range
2026-06-09T01:44:59,15m,HOLD,0.23,range,neutral,breakout_down_strong
2026-06-09T01:44:59,15m,HOLD,1.25,down,bearish,exhaustion_down
2026-06-09T01:44:59,15m,HOLD,62710.0,down,bearish,bearish_pressure
2026-06-09T01:44:59,15m,HOLD,0.12,down,neutral,flat_zero_range
2026-06-09T01:44:59,15m,HOLD,0.05,down,bearish,flat_zero_range
2026-06-09T01:44:59,15m,HOLD,0.05,down,bearish,trend_continuation_down
2026-06-09T01:44:59,15m,HOLD,0.01,down,bearish,inside_bar
2026-06-09T01:44:59,15m,HOLD,1.66,down,bearish,inside_bearish_weak
2026-06-09T01:44:59,15m,HOLD,0.0,down,bearish,breakout_down_strong
2026-06-09T01:44:59,15m,HOLD,0.03,down,bearish,breakout_down_weak
2026-06-09T01:44:59,15m,HOLD,37.0,down,neutral,exhaustion_up
2026-06-09T01:44:59,15m,HOLD,0.0,down,neutral,inside_bar
2026-06-09T01:44:59,15m,HOLD,0.62,down,bearish,inside_bar
2026-06-09T01:44:59,15m,HOLD,1.3,range,neutral,trend_continuation_up
2026-06-09T01:44:59,15m,HOLD,0.07,up,bearish,breakout_down_weak
2026-06-09T01:44:59,15m,HOLD,28.97,down,bearish,inside_bar
2026-06-09T01:44:59,15m,HOLD,0.0,down,bearish,breakout_down_strong
2026-06-09T01:44:59,15m,HOLD,0.31,down,bearish,inside_bar
2026-06-09T01:44:59,15m,HOLD,0.12,up,neutral,breakout_down_strong
2026-06-09T01:44:59,15m,HOLD,0.16,down,bearish,breakout_down_strong
2026-06-09T01:44:59,15m,HOLD,7.85,down,bearish,inside_bar
2026-06-09T01:44:59,15m,HOLD,6.98,down,bearish,flat_zero_range
2026-06-09T01:44:59,15m,HOLD,0.03,down,neutral,inside_bar
2026-06-09T01:44:59,15m,HOLD,0.29,down,neutral,flat_zero_range
2026-06-09T01:44:59,15m,HOLD,0.01,range,neutral,inside_bar
2026-06-09T01:44:59,15m,HOLD,0.01,down,bearish,breakout_down_weak
2026-06-09T01:44:59,15m,HOLD,0.03,down,bearish,inside_bar
2026-06-09T01:44:59,15m,HOLD,0.0,down,neutral,flat_zero_range
2026-06-09T01:44:59,15m,HOLD,0.1,down,bearish,breakout_down_strong
2026-06-09T01:44:59,15m,HOLD,0.01,down,bearish,breakout_down_strong
2026-06-09T01:44:59,15m,HOLD,0.03,up,bearish,exhaustion_down
2026-06-09T01:44:59,15m,HOLD,0.1,down,bearish,breakout_down_strong
2026-06-09T01:44:59,15m,HOLD,1.74,down,bearish,breakout_down_strong
2026-06-09T01:44:59,15m,HOLD,1.13,down,bearish,flat_zero_range
2026-06-09T01:44:59,15m,HOLD,0.05,down,bearish,flat_zero_range
2026-06-09T01:44:59,15m,HOLD,0.03,down,bearish,inside_bar
2026-06-09T01:44:59,15m,HOLD,0.16,down,bearish,exhaustion_down
2026-06-09T01:44:59,15m,HOLD,0.0,down,bearish,inside_bar
2026-06-09T01:44:59,15m,HOLD,0.03,up,neutral,trend_continuation_up
2026-06-09T01:44:59,15m,HOLD,0.06,range,neutral,inside_bar
2026-06-09T01:44:59,15m,HOLD,0.08,down,neutral,inside_bar
2026-06-09T01:44:59,15m,HOLD,0.34,down,neutral,flat_zero_range
2026-06-09T01:44:59,15m,HOLD,0.1,down,neutral,breakout_down_strong
2026-06-09T01:44:59,15m,HOLD,0.02,down,neutral,breakout_down_strong
2026-06-09T01:44:59,15m,HOLD,0.03,down,neutral,indecision
2026-06-09T01:44:59,15m,HOLD,0.04,down,bearish,flat_zero_range
2026-06-09T01:44:59,15m,HOLD,0.77,down,neutral,inside_bar
2026-06-09T01:44:59,15m,HOLD,0.05,down,bearish,breakout_down_strong
2026-06-09T01:44:59,15m,HOLD,0.18,down,bearish,breakout_down_weak
2026-06-09T01:44:59,15m,HOLD,0.12,down,bearish,breakout_down_strong
2026-06-09T01:44:59,15m,HOLD,0.16,down,bearish,inside_bearish_weak
2026-06-09T01:44:59,15m,HOLD,2.48,down,bearish,inside_bearish_weak
2026-06-09T01:44:59,15m,HOLD,2.53,down,bearish,flat_zero_range
2026-06-09T01:44:59,15m,HOLD,0.02,range,bearish,breakout_down_strong
2026-06-09T01:44:59,15m,HOLD,0.01,down,bearish,inside_bar
2026-06-09T01:44:59,15m,HOLD,0.42,down,bearish,breakout_up_strong
2026-06-09T01:44:59,15m,HOLD,597.51,down,bearish,inside_bearish_weak
2026-06-09T01:44:59,15m,HOLD,5.51,down,bearish,indecision
2026-06-09T01:44:59,15m,HOLD,0.01,up,bearish,breakout_down_weak
2026-06-09T01:44:59,15m,HOLD,0.24,down,bearish,breakout_down_strong
2026-06-09T01:44:59,15m,HOLD,0.21,down,neutral,inside_bar
2026-06-09T01:44:59,15m,HOLD,0.74,down,bullish,breakout_up_weak
2026-06-09T01:44:59,15m,HOLD,0.02,down,bearish,inside_bar
2026-06-09T01:44:59,15m,HOLD,0.05,down,bearish,bearish_pressure
2026-06-09T01:44:59,15m,HOLD,0.07,down,bearish,exhaustion_up
2026-06-09T01:44:59,15m,HOLD,0.05,down,bearish,inside_bar
2026-06-09T01:44:59,15m,HOLD,0.04,down,bearish,breakout_down_weak
2026-06-09T01:44:59,15m,HOLD,0.3,down,bearish,breakout_down_strong
2026-06-09T01:44:59,15m,HOLD,447.35,up,bearish,breakout_down_weak
2026-06-09T01:44:59,15m,HOLD,0.01,down,bearish,inside_bar
2026-06-09T01:44:59,15m,HOLD,0.33,range,bearish,breakout_down_strong
2026-06-09T01:44:59,15m,HOLD,0.2,down,bearish,inside_bar
2026-06-09T01:44:59,15m,HOLD,0.0,down,neutral,inside_bar
2026-06-09T01:44:59,15m,HOLD,4327.69,range,neutral,indecision
2026-06-09T01:44:59,15m,HOLD,0.01,down,bearish,breakout_down_weak
2026-06-09T01:44:59,15m,HOLD,0.01,up,neutral,breakout_up_strong
2026-06-09T01:44:59,15m,HOLD,0.02,down,neutral,flat_zero_range
2026-06-09T01:44:59,15m,HOLD,0.65,down,bearish,exhaustion_down
2026-06-09T01:44:59,15m,HOLD,0.04,down,neutral,inside_bar
2026-06-09T01:44:59,15m,HOLD,0.0,down,bearish,breakout_down_strong
2026-06-09T01:44:59,15m,HOLD,0.0,down,bearish,flat_zero_range
2026-06-09T01:44:59,15m,HOLD,0.04,down,bearish,breakout_down_strong
2026-06-09T01:44:59,15m,HOLD,212.2,down,neutral,inside_bar
2026-06-09T01:44:59,15m,HOLD,0.09,down,bearish,inside_bar
2026-06-09T01:44:59,15m,HOLD,0.09,down,bearish,inside_bar
2026-06-09T01:44:59,15m,HOLD,0.09,down,bearish,breakout_down_strong
2026-06-09T01:44:59,15m,HOLD,0.1,down,bearish,flat_zero_range
2026-06-09T01:44:59,15m,HOLD,0.0,down,bearish,flat_zero_range
2026-06-09T01:44:59,15m,HOLD,0.25,down,neutral,inside_bar
2026-06-09T01:44:59,15m,HOLD,0.17,up,bearish,inside_bar
2026-06-09T01:44:59,15m,HOLD,0.0,up,bearish,inside_bearish_weak
2026-06-09T01:44:59,15m,HOLD,0.08,down,bearish,inside_bar
2026-06-09T01:44:59,15m,HOLD,0.0,down,bearish,breakout_down_strong
2026-06-09T01:44:59,15m,HOLD,0.02,down,bearish,inside_bearish_weak
2026-06-09T01:44:59,15m,HOLD,0.08,down,bearish,inside_bar
2026-06-09T01:44:59,15m,HOLD,0.19,down,bearish,indecision
2026-06-09T01:44:59,15m,HOLD,0.06,up,bearish,inside_bar
2026-06-09T01:44:59,15m,HOLD,0.13,down,bearish,inside_bar
2026-06-09T01:44:59,15m,HOLD,0.02,down,neutral,bullish_pressure
2026-06-09T01:44:59,15m,HOLD,0.02,down,neutral,flat_zero_range
2026-06-09T01:44:59,15m,HOLD,0.19,range,bearish,exhaustion_down
2026-06-09T01:44:59,15m,HOLD,0.74,down,neutral,inside_bearish_weak
2026-06-09T01:44:59,15m,HOLD,1.0,range,bullish,breakout_up_strong
2026-06-09T01:44:59,15m,HOLD,0.08,down,bearish,breakout_down_strong
2026-06-09T01:44:59,15m,HOLD,0.59,up,bearish,exhaustion_down
2026-06-09T01:44:59,15m,HOLD,5.62,down,bearish,inside_bar
2026-06-09T01:44:59,15m,HOLD,0.13,down,bearish,inside_bar
2026-06-09T01:44:59,15m,HOLD,0.04,down,neutral,inside_bar
2026-06-09T01:44:59,15m,HOLD,0.14,down,bearish,breakout_down_strong
2026-06-09T01:44:59,15m,HOLD,0.0,down,bearish,flat_zero_range
2026-06-09T01:44:59,15m,HOLD,0.06,down,bearish,inside_bar
2026-06-09T01:44:59,15m,HOLD,0.1,down,bearish,breakout_down_weak
2026-06-09T01:44:59,15m,HOLD,0.07,down,bearish,inside_bullish_weak
2026-06-09T01:44:59,15m,HOLD,0.84,down,neutral,inside_bar
2026-06-09T01:44:59,15m,HOLD,0.08,up,bullish,inside_bar
2026-06-09T01:44:59,15m,HOLD,0.36,down,bearish,exhaustion_down
2026-06-09T01:44:59,15m,HOLD,66.57,down,neutral,exhaustion_up
2026-06-09T01:44:59,15m,HOLD,0.36,down,bearish,inside_bar
2026-06-09T01:44:59,15m,HOLD,2.08,down,bearish,inside_bar
2026-06-09T01:44:59,15m,HOLD,0.04,down,bearish,inside_bar
2026-06-09T01:44:59,15m,HOLD,0.0,down,bearish,breakout_down_strong
2026-06-09T01:44:59,15m,HOLD,0.05,down,bearish,flat_zero_range
2026-06-09T01:44:59,15m,HOLD,0.0,down,bearish,flat_zero_range
2026-06-09T01:44:59,15m,HOLD,0.0,down,bearish,flat_zero_range
2026-06-09T01:44:59,15m,HOLD,0.0,down,bearish,flat_zero_range
2026-06-09T01:44:59,15m,HOLD,0.07,down,bearish,breakout_down_weak
2026-06-09T01:44:59,15m,HOLD,0.09,up,bearish,indecision
2026-06-09T01:44:59,15m,HOLD,0.26,down,bearish,bearish_pressure
2026-06-09T01:44:59,15m,HOLD,0.06,down,bearish,breakout_down_strong
2026-06-09T01:44:59,15m,HOLD,0.02,down,bearish,inside_bar
2026-06-09T01:44:59,15m,HOLD,1.61,down,neutral,inside_bar
2026-06-09T01:44:59,15m,HOLD,0.07,down,bearish,inside_bar
2026-06-09T01:44:59,15m,HOLD,62.29,down,bearish,bearish_pressure
2026-06-09T01:44:59,15m,HOLD,0.06,down,bearish,trend_continuation_down
2026-06-09T01:44:59,15m,HOLD,0.01,up,neutral,breakout_down_strong
2026-06-09T01:44:59,15m,HOLD,0.05,down,bearish,inside_bar
2026-06-09T01:59:59,15m,HOLD,37.16,down,neutral,exhaustion_up
2026-06-09T01:59:59,15m,HOLD,0.1,down,bearish,inside_bar
2026-06-09T01:59:59,15m,HOLD,597.69,down,bearish,inside_bearish_weak
2026-06-09T01:59:59,15m,HOLD,0.17,range,bearish,bearish_pressure
2026-06-09T01:59:59,15m,HOLD,0.08,down,bearish,inside_bar
2026-06-09T01:59:59,15m,HOLD,0.02,down,neutral,flat_zero_range
2026-06-09T01:59:59,15m,HOLD,0.19,range,bearish,breakout_down_strong
2026-06-09T01:59:59,15m,HOLD,0.06,down,bearish,inside_bar
2026-06-09T01:59:59,15m,HOLD,0.88,down,bearish,inside_bar
2026-06-09T01:59:59,15m,HOLD,1.23,down,neutral,flat_zero_range
2026-06-09T01:59:59,15m,HOLD,0.23,range,neutral,flat_zero_range
2026-06-09T01:59:59,15m,HOLD,0.05,down,bearish,inside_bar
2026-06-09T01:59:59,15m,HOLD,1.25,down,bearish,inside_bar
2026-06-09T01:59:59,15m,HOLD,62764.01,down,bearish,trend_continuation_down
2026-06-09T01:59:59,15m,HOLD,0.12,down,neutral,breakout_up_strong
2026-06-09T01:59:59,15m,HOLD,0.05,down,bearish,trend_continuation_down
2026-06-09T01:59:59,15m,HOLD,0.01,down,bearish,bullish_pressure
2026-06-09T01:59:59,15m,HOLD,1.66,down,neutral,breakout_up_weak
2026-06-09T01:59:59,15m,HOLD,0.0,down,neutral,breakout_up_weak
2026-06-09T01:59:59,15m,HOLD,0.03,down,bearish,breakout_up_weak
2026-06-09T01:59:59,15m,HOLD,0.0,down,neutral,breakout_up_weak
2026-06-09T01:59:59,15m,HOLD,0.62,down,bearish,inside_bar
2026-06-09T01:59:59,15m,HOLD,1.3,range,neutral,inside_bar
2026-06-09T01:59:59,15m,HOLD,0.07,up,bearish,breakout_down_strong
2026-06-09T01:59:59,15m,HOLD,29.05,down,bearish,inside_bar
2026-06-09T01:59:59,15m,HOLD,0.0,down,neutral,flat_zero_range
2026-06-09T01:59:59,15m,HOLD,0.31,down,neutral,exhaustion_up
2026-06-09T01:59:59,15m,HOLD,0.12,up,neutral,breakout_up_strong
2026-06-09T01:59:59,15m,HOLD,0.16,down,bearish,breakout_down_strong
2026-06-09T01:59:59,15m,HOLD,7.85,down,bearish,breakout_up_weak
2026-06-09T01:59:59,15m,HOLD,6.99,down,bearish,inside_bar
2026-06-09T01:59:59,15m,HOLD,0.03,down,neutral,flat_zero_range
2026-06-09T01:59:59,15m,HOLD,0.29,down,bearish,flat_zero_range
2026-06-09T01:59:59,15m,HOLD,0.01,range,bearish,inside_bar
2026-06-09T01:59:59,15m,HOLD,0.01,down,bearish,exhaustion_up
2026-06-09T01:59:59,15m,HOLD,0.03,down,neutral,exhaustion_up
2026-06-09T01:59:59,15m,HOLD,0.0,down,neutral,flat_zero_range
2026-06-09T01:59:59,15m,HOLD,0.1,down,bearish,flat_zero_range
2026-06-09T01:59:59,15m,HOLD,0.01,down,bearish,inside_bar
2026-06-09T01:59:59,15m,HOLD,0.03,up,neutral,inside_bar
2026-06-09T01:59:59,15m,HOLD,1.74,down,bearish,breakout_down_strong
2026-06-09T01:59:59,15m,HOLD,1.13,down,bearish,flat_zero_range
2026-06-09T01:59:59,15m,HOLD,0.05,down,bearish,flat_zero_range
2026-06-09T01:59:59,15m,HOLD,0.03,down,bearish,breakout_down_weak
2026-06-09T01:59:59,15m,HOLD,0.16,down,neutral,inside_bar
2026-06-09T01:59:59,15m,HOLD,0.0,down,bearish,flat_zero_range
2026-06-09T01:59:59,15m,HOLD,0.06,range,neutral,trend_continuation_down
2026-06-09T01:59:59,15m,HOLD,0.03,up,neutral,breakout_up_strong
2026-06-09T01:59:59,15m,HOLD,0.08,down,bearish,inside_bar
2026-06-09T01:59:59,15m,HOLD,0.35,down,neutral,inside_bar
2026-06-09T01:59:59,15m,HOLD,0.1,down,neutral,inside_bar
2026-06-09T01:59:59,15m,HOLD,0.02,down,neutral,breakout_up_weak
2026-06-09T01:59:59,15m,HOLD,0.04,down,bearish,inside_bar
2026-06-09T01:59:59,15m,HOLD,0.03,down,neutral,trend_continuation_down
2026-06-09T01:59:59,15m,HOLD,0.05,down,neutral,inside_bar
2026-06-09T01:59:59,15m,HOLD,0.77,down,neutral,inside_bar
2026-06-09T01:59:59,15m,HOLD,0.18,down,bearish,breakout_up_strong
2026-06-09T01:59:59,15m,HOLD,0.12,down,bearish,breakout_up_strong
2026-06-09T01:59:59,15m,HOLD,0.16,down,bearish,breakout_up_weak
2026-06-09T01:59:59,15m,HOLD,2.48,down,bearish,exhaustion_up
2026-06-09T01:59:59,15m,HOLD,2.52,down,bearish,flat_zero_range
2026-06-09T01:59:59,15m,HOLD,0.02,range,bearish,inside_bar
2026-06-09T01:59:59,15m,HOLD,0.01,down,neutral,flat_zero_range
2026-06-09T01:59:59,15m,HOLD,0.42,down,bearish,trend_continuation_up
2026-06-09T01:59:59,15m,HOLD,5.51,down,bearish,inside_bar
2026-06-09T01:59:59,15m,HOLD,0.21,down,neutral,inside_bar
2026-06-09T01:59:59,15m,HOLD,0.01,up,bearish,breakout_up_weak
2026-06-09T01:59:59,15m,HOLD,0.24,down,bearish,inside_bar
2026-06-09T01:59:59,15m,HOLD,0.05,down,bearish,indecision
2026-06-09T01:59:59,15m,HOLD,0.07,down,bearish,inside_bullish_weak
2026-06-09T01:59:59,15m,HOLD,0.02,down,bearish,breakout_up_strong
2026-06-09T01:59:59,15m,HOLD,0.75,down,bullish,inside_bar
2026-06-09T01:59:59,15m,HOLD,0.05,down,neutral,breakout_up_strong
2026-06-09T01:59:59,15m,HOLD,0.04,down,bearish,flat_zero_range
2026-06-09T01:59:59,15m,HOLD,0.3,down,neutral,flat_zero_range
2026-06-09T01:59:59,15m,HOLD,447.8,up,bearish,indecision
2026-06-09T01:59:59,15m,HOLD,0.01,down,bearish,flat_zero_range
2026-06-09T01:59:59,15m,HOLD,0.33,range,bearish,inside_bar
2026-06-09T01:59:59,15m,HOLD,0.2,down,bearish,breakout_up_weak
2026-06-09T01:59:59,15m,HOLD,0.0,down,neutral,inside_bar
2026-06-09T01:59:59,15m,HOLD,0.01,down,bearish,flat_zero_range
2026-06-09T01:59:59,15m,HOLD,4328.74,range,bullish,exhaustion_down
2026-06-09T01:59:59,15m,HOLD,0.02,down,neutral,breakout_up_strong
2026-06-09T01:59:59,15m,HOLD,0.01,up,bearish,inside_bar
2026-06-09T01:59:59,15m,HOLD,0.65,down,bearish,inside_bar
2026-06-09T01:59:59,15m,HOLD,0.04,down,neutral,flat_zero_range
2026-06-09T01:59:59,15m,HOLD,0.0,down,bearish,flat_zero_range
2026-06-09T01:59:59,15m,HOLD,0.0,down,bearish,flat_zero_range
2026-06-09T01:59:59,15m,HOLD,0.04,down,bearish,inside_bar
2026-06-09T01:59:59,15m,HOLD,212.3,down,neutral,inside_bar
2026-06-09T01:59:59,15m,HOLD,0.09,down,bearish,inside_bar
2026-06-09T01:59:59,15m,HOLD,0.09,down,bearish,exhaustion_up
2026-06-09T01:59:59,15m,HOLD,0.09,down,bearish,trend_continuation_up
2026-06-09T01:59:59,15m,HOLD,0.1,down,bearish,flat_zero_range
2026-06-09T01:59:59,15m,HOLD,0.0,down,bearish,flat_zero_range
2026-06-09T01:59:59,15m,HOLD,0.25,down,neutral,flat_zero_range
2026-06-09T01:59:59,15m,HOLD,0.0,up,neutral,trend_continuation_up
2026-06-09T01:59:59,15m,HOLD,0.0,down,bearish,breakout_up_strong
2026-06-09T01:59:59,15m,HOLD,0.02,down,bearish,breakout_up_strong
2026-06-09T01:59:59,15m,HOLD,0.08,down,bearish,exhaustion_up
2026-06-09T01:59:59,15m,HOLD,0.06,up,bearish,breakout_up_strong
2026-06-09T01:59:59,15m,HOLD,0.19,down,bearish,inside_bar
2026-06-09T01:59:59,15m,HOLD,0.13,down,neutral,breakout_up_strong
2026-06-09T01:59:59,15m,HOLD,0.02,down,bearish,inside_bar
2026-06-09T01:59:59,15m,HOLD,0.74,down,neutral,bearish_pressure
2026-06-09T01:59:59,15m,HOLD,1.0,range,bullish,exhaustion_up
2026-06-09T01:59:59,15m,HOLD,0.08,down,bearish,inside_bar
2026-06-09T01:59:59,15m,HOLD,0.6,up,neutral,breakout_up_strong
2026-06-09T01:59:59,15m,HOLD,5.63,down,bearish,flat_zero_range
2026-06-09T01:59:59,15m,HOLD,0.13,down,bearish,breakout_down_strong
2026-06-09T01:59:59,15m,HOLD,0.04,down,neutral,breakout_up_strong
2026-06-09T01:59:59,15m,HOLD,0.14,down,bearish,breakout_up_strong
2026-06-09T01:59:59,15m,HOLD,0.0,down,bearish,flat_zero_range
2026-06-09T01:59:59,15m,HOLD,0.01,up,bullish,breakout_up_strong
2026-06-09T01:59:59,15m,HOLD,0.06,down,bearish,breakout_up_weak
2026-06-09T01:59:59,15m,HOLD,0.1,down,bearish,trend_continuation_down
2026-06-09T01:59:59,15m,HOLD,0.07,down,neutral,breakout_up_weak
2026-06-09T01:59:59,15m,HOLD,0.84,down,neutral,inside_bar
2026-06-09T01:59:59,15m,HOLD,0.08,up,bullish,breakout_up_strong
2026-06-09T01:59:59,15m,HOLD,0.36,down,bearish,flat_zero_range
2026-06-09T01:59:59,15m,HOLD,0.36,down,bearish,inside_bar
2026-06-09T01:59:59,15m,HOLD,66.9,down,neutral,breakout_up_strong
2026-06-09T01:59:59,15m,HOLD,0.04,down,bearish,flat_zero_range
2026-06-09T01:59:59,15m,HOLD,2.08,down,bearish,inside_bar
2026-06-09T01:59:59,15m,HOLD,0.0,down,bearish,trend_continuation_down
2026-06-09T01:59:59,15m,HOLD,0.05,down,bearish,flat_zero_range
2026-06-09T01:59:59,15m,HOLD,0.0,down,bearish,flat_zero_range
2026-06-09T01:59:59,15m,HOLD,0.0,down,bearish,flat_zero_range
2026-06-09T01:59:59,15m,HOLD,0.0,down,bearish,flat_zero_range
2026-06-09T01:59:59,15m,HOLD,0.07,down,neutral,inside_bar
2026-06-09T01:59:59,15m,HOLD,0.09,up,bearish,inside_bar
2026-06-09T01:59:59,15m,HOLD,0.26,down,bearish,inside_bullish_weak
2026-06-09T01:59:59,15m,HOLD,0.06,down,bearish,breakout_up_strong
2026-06-09T01:59:59,15m,HOLD,0.02,down,bearish,flat_zero_range
2026-06-09T01:59:59,15m,HOLD,1.61,down,bearish,inside_bar
2026-06-09T01:59:59,15m,HOLD,0.07,down,bearish,flat_zero_range
2026-06-09T01:59:59,15m,HOLD,0.06,down,neutral,inside_bar
2026-06-09T01:59:59,15m,HOLD,62.32,down,bearish,inside_bar
2026-06-09T01:59:59,15m,HOLD,0.05,down,bearish,inside_bullish_weak
2026-06-09T02:14:59,15m,HOLD,0.87,down,bearish,breakout_down_strong
2026-06-09T02:14:59,15m,HOLD,0.06,down,neutral,trend_continuation_down
2026-06-09T02:14:59,15m,HOLD,1.23,down,neutral,flat_zero_range
2026-06-09T02:14:59,15m,HOLD,1.66,down,bearish,inside_bar
2026-06-09T02:14:59,15m,HOLD,0.0,down,bearish,breakout_down_strong
2026-06-09T02:14:59,15m,HOLD,0.03,down,bearish,trend_continuation_down
2026-06-09T02:14:59,15m,HOLD,37.22,down,neutral,trend_continuation_down
2026-06-09T02:14:59,15m,HOLD,0.0,down,bearish,inside_bar
2026-06-09T02:14:59,15m,HOLD,0.62,down,bearish,inside_bar
2026-06-09T02:14:59,15m,HOLD,1.3,range,neutral,inside_bar
2026-06-09T02:14:59,15m,HOLD,0.31,down,bearish,breakout_down_strong
2026-06-09T02:14:59,15m,HOLD,0.0,down,neutral,flat_zero_range
2026-06-09T02:14:59,15m,HOLD,0.12,up,bearish,breakout_down_strong
2026-06-09T02:14:59,15m,HOLD,0.16,down,bearish,breakout_down_strong
2026-06-09T02:14:59,15m,HOLD,6.97,down,bearish,breakout_down_strong
2026-06-09T02:14:59,15m,HOLD,7.84,down,bearish,breakout_down_strong
2026-06-09T02:14:59,15m,HOLD,0.29,down,neutral,flat_zero_range
2026-06-09T02:14:59,15m,HOLD,0.01,down,bearish,trend_continuation_down
2026-06-09T02:14:59,15m,HOLD,0.03,down,bearish,breakout_down_strong
2026-06-09T02:14:59,15m,HOLD,0.0,down,bearish,breakout_down_strong
2026-06-09T02:14:59,15m,HOLD,0.1,down,bearish,inside_bar
2026-06-09T02:14:59,15m,HOLD,0.03,up,bearish,breakout_down_strong
2026-06-09T02:14:59,15m,SHORT,0.02,down,bearish,inside_bar
2026-06-09T02:14:59,15m,HOLD,1.74,down,bearish,inside_bar
2026-06-09T02:14:59,15m,HOLD,0.09,down,bearish,breakout_down_strong
2026-06-09T02:14:59,15m,HOLD,0.05,down,bearish,flat_zero_range
2026-06-09T02:14:59,15m,HOLD,0.16,down,bearish,breakout_down_strong
2026-06-09T02:14:59,15m,HOLD,0.0,down,bearish,breakout_down_strong
2026-06-09T02:14:59,15m,HOLD,0.03,up,neutral,breakout_down_strong
2026-06-09T02:14:59,15m,HOLD,0.35,down,neutral,inside_bar
2026-06-09T02:14:59,15m,HOLD,0.02,down,bearish,breakout_down_strong
2026-06-09T02:14:59,15m,HOLD,0.03,down,neutral,trend_continuation_down
2026-06-09T02:14:59,15m,HOLD,0.76,down,bearish,breakout_down_strong
2026-06-09T02:14:59,15m,HOLD,0.05,down,neutral,inside_bar
2026-06-09T02:14:59,15m,HOLD,0.18,down,bearish,breakout_down_strong
2026-06-09T02:14:59,15m,HOLD,2.54,down,neutral,exhaustion_up
2026-06-09T02:14:59,15m,HOLD,5.5,down,bearish,breakout_down_strong
2026-06-09T02:14:59,15m,HOLD,597.27,down,bearish,trend_continuation_down
2026-06-09T02:14:59,15m,HOLD,0.01,up,bearish,breakout_up_strong
2026-06-09T02:14:59,15m,HOLD,0.08,down,bearish,trend_continuation_down
2026-06-09T02:14:59,15m,HOLD,0.24,down,bearish,trend_continuation_down
2026-06-09T02:14:59,15m,HOLD,0.02,down,bearish,inside_bar
2026-06-09T02:14:59,15m,HOLD,0.05,down,bearish,breakout_down_strong
2026-06-09T02:14:59,15m,HOLD,0.05,down,bearish,breakout_down_strong
2026-06-09T02:14:59,15m,HOLD,0.04,down,bearish,trend_continuation_down
2026-06-09T02:14:59,15m,HOLD,0.01,down,bearish,inside_bar
2026-06-09T02:14:59,15m,HOLD,0.33,range,bearish,indecision
2026-06-09T02:14:59,15m,HOLD,0.2,down,bearish,inside_bar
2026-06-09T02:14:59,15m,HOLD,62744.63,down,bearish,trend_continuation_down
2026-06-09T02:14:59,15m,HOLD,0.0,down,neutral,trend_continuation_down
2026-06-09T02:14:59,15m,HOLD,0.01,down,bearish,trend_continuation_down
2026-06-09T02:14:59,15m,HOLD,0.01,up,neutral,breakout_down_strong
2026-06-09T02:14:59,15m,HOLD,0.02,down,neutral,breakout_up_weak
2026-06-09T02:14:59,15m,HOLD,0.65,down,bearish,breakout_down_strong
2026-06-09T02:14:59,15m,HOLD,0.04,down,bearish,inside_bar
2026-06-09T02:14:59,15m,HOLD,0.0,down,neutral,flat_zero_range
2026-06-09T02:14:59,15m,HOLD,0.04,down,bearish,trend_continuation_down
2026-06-09T02:14:59,15m,HOLD,212.1,down,bearish,breakout_down_strong
2026-06-09T02:14:59,15m,HOLD,0.08,down,bearish,breakout_down_strong
2026-06-09T02:14:59,15m,HOLD,0.1,down,neutral,flat_zero_range
2026-06-09T02:14:59,15m,HOLD,0.0,down,bearish,inside_bar
2026-06-09T02:14:59,15m,HOLD,0.25,down,neutral,flat_zero_range
2026-06-09T02:14:59,15m,HOLD,0.17,range,bearish,breakout_down_strong
2026-06-09T02:14:59,15m,HOLD,0.0,up,neutral,inside_bar
2026-06-09T02:14:59,15m,HOLD,0.08,down,bearish,inside_bar
2026-06-09T02:14:59,15m,HOLD,0.0,down,bearish,breakout_down_strong
2026-06-09T02:14:59,15m,HOLD,0.02,down,bearish,inside_bar
2026-06-09T02:14:59,15m,HOLD,0.06,up,bearish,breakout_down_strong
2026-06-09T02:14:59,15m,HOLD,0.13,down,bearish,breakout_down_strong
2026-06-09T02:14:59,15m,HOLD,0.02,down,bearish,inside_bar
2026-06-09T02:14:59,15m,HOLD,0.02,down,bearish,flat_zero_range
2026-06-09T02:14:59,15m,HOLD,0.75,down,neutral,inside_bar
2026-06-09T02:14:59,15m,SHORT,0.19,down,bearish,exhaustion_up
2026-06-09T02:14:59,15m,HOLD,1.0,range,bullish,inside_bar
2026-06-09T02:14:59,15m,HOLD,0.08,down,bearish,trend_continuation_down
2026-06-09T02:14:59,15m,HOLD,5.64,down,neutral,inside_bar
2026-06-09T02:14:59,15m,HOLD,0.04,down,neutral,inside_bar
2026-06-09T02:14:59,15m,HOLD,0.14,down,neutral,flat_zero_range
2026-06-09T02:14:59,15m,HOLD,0.01,up,bullish,bullish_pressure
2026-06-09T02:14:59,15m,HOLD,0.06,down,bearish,breakout_down_strong
2026-06-09T02:14:59,15m,HOLD,0.1,down,bearish,trend_continuation_down
2026-06-09T02:14:59,15m,HOLD,0.07,down,neutral,inside_bar
2026-06-09T02:14:59,15m,HOLD,0.83,down,bearish,breakout_down_strong
2026-06-09T02:14:59,15m,HOLD,0.08,up,bullish,breakout_up_strong
2026-06-09T02:14:59,15m,HOLD,0.36,down,bearish,breakout_down_strong
2026-06-09T02:14:59,15m,HOLD,66.52,down,neutral,breakout_down_strong
2026-06-09T02:14:59,15m,HOLD,2.07,down,bearish,breakout_down_strong
2026-06-09T02:14:59,15m,HOLD,0.0,down,bearish,breakout_down_strong
2026-06-09T02:14:59,15m,HOLD,0.0,down,bearish,flat_zero_range
2026-06-09T02:14:59,15m,HOLD,0.0,down,bearish,flat_zero_range
2026-06-09T02:14:59,15m,HOLD,0.07,down,neutral,trend_continuation_down
2026-06-09T02:14:59,15m,HOLD,0.26,down,bearish,trend_continuation_down
2026-06-09T02:14:59,15m,HOLD,0.06,down,bearish,breakout_down_strong
2026-06-09T02:14:59,15m,HOLD,0.02,down,neutral,flat_zero_range
2026-06-09T02:14:59,15m,HOLD,1.61,down,bearish,breakout_down_strong
2026-06-09T02:14:59,15m,HOLD,0.07,down,neutral,flat_zero_range
2026-06-09T02:14:59,15m,HOLD,0.06,down,neutral,inside_bar
2026-06-09T02:14:59,15m,HOLD,62.3,down,bearish,inside_bar
2026-06-09T02:14:59,15m,HOLD,0.05,down,bearish,bearish_pressure
2026-06-09T02:14:59,15m,HOLD,0.05,down,bearish,trend_continuation_down
2026-06-09T02:14:59,15m,HOLD,0.01,down,neutral,trend_continuation_down
2026-06-09T02:14:59,15m,SHORT,0.23,down,bearish,breakout_down_strong
2026-06-09T02:14:59,15m,HOLD,29.02,down,bearish,breakout_down_strong
2026-06-09T02:14:59,15m,HOLD,0.07,up,bearish,breakout_down_strong
2026-06-09T02:14:59,15m,HOLD,0.03,down,bearish,flat_zero_range
2026-06-09T02:14:59,15m,SHORT,0.01,down,bearish,breakout_down_strong
2026-06-09T02:14:59,15m,HOLD,0.01,down,bearish,breakout_down_strong
2026-06-09T02:14:59,15m,HOLD,1.13,down,bearish,breakout_down_strong
2026-06-09T02:14:59,15m,HOLD,0.03,down,bearish,breakout_down_strong
2026-06-09T02:14:59,15m,HOLD,0.08,down,bearish,breakout_down_strong
2026-06-09T02:14:59,15m,HOLD,0.06,range,bearish,breakout_down_strong
2026-06-09T02:14:59,15m,HOLD,0.1,down,bearish,breakout_down_strong
2026-06-09T02:14:59,15m,HOLD,1.25,down,bearish,breakout_down_weak
2026-06-09T02:14:59,15m,HOLD,0.12,down,bearish,breakout_down_strong
2026-06-09T02:14:59,15m,HOLD,0.16,down,bearish,breakout_down_strong
2026-06-09T02:14:59,15m,HOLD,2.48,down,bearish,breakout_down_strong
2026-06-09T02:14:59,15m,HOLD,0.01,down,bearish,breakout_down_strong
2026-06-09T02:14:59,15m,HOLD,0.42,down,bearish,breakout_down_weak
2026-06-09T02:14:59,15m,HOLD,0.21,down,bearish,breakout_down_strong
2026-06-09T02:14:59,15m,HOLD,0.74,down,bullish,breakout_down_weak
2026-06-09T02:14:59,15m,HOLD,0.04,down,bearish,breakout_down_strong
2026-06-09T02:14:59,15m,HOLD,0.12,down,bearish,breakout_down_weak
2026-06-09T02:14:59,15m,HOLD,0.3,down,bearish,flat_zero_range
2026-06-09T02:14:59,15m,HOLD,445.7,up,bearish,breakout_up_weak
2026-06-09T02:14:59,15m,HOLD,4325.1,range,bullish,breakout_up_weak
2026-06-09T02:14:59,15m,HOLD,0.0,down,bearish,breakout_down_weak
2026-06-09T02:14:59,15m,HOLD,0.09,down,bearish,breakout_down_strong
2026-06-09T02:14:59,15m,HOLD,0.19,down,bearish,breakout_down_strong
2026-06-09T02:14:59,15m,HOLD,0.08,down,bearish,breakout_down_weak
2026-06-09T02:14:59,15m,HOLD,0.6,up,bearish,breakout_down_strong
2026-06-09T02:14:59,15m,HOLD,0.13,down,bearish,trend_continuation_up
2026-06-09T02:14:59,15m,HOLD,0.0,down,bearish,breakout_down_strong
2026-06-09T02:14:59,15m,HOLD,0.36,down,bearish,breakout_down_weak
2026-06-09T02:14:59,15m,HOLD,0.04,down,bearish,breakout_down_strong
2026-06-09T02:14:59,15m,HOLD,0.09,down,bearish,breakout_down_strong
2026-06-09T02:14:59,15m,HOLD,0.05,down,bearish,breakout_down_strong
2026-06-09T02:14:59,15m,HOLD,0.0,down,bearish,breakout_down_strong
2026-06-09T02:14:59,15m,HOLD,0.09,up,bearish,breakout_down_strong
2026-06-09T02:14:59,15m,HOLD,0.05,down,bearish,breakout_down_strong
2026-06-09T02:29:59,15m,HOLD,0.08,down,bearish,breakout_up_weak
2026-06-09T02:29:59,15m,HOLD,0.02,down,bearish,inside_bar
2026-06-09T02:29:59,15m,HOLD,37.14,down,bullish,inside_bullish_weak
2026-06-09T02:29:59,15m,HOLD,7.84,down,bearish,breakout_up_weak
2026-06-09T02:29:59,15m,HOLD,6.97,down,bearish,breakout_up_strong
2026-06-09T02:29:59,15m,HOLD,0.03,down,bearish,breakout_up_weak
2026-06-09T02:29:59,15m,HOLD,0.09,down,bearish,inside_bar
2026-06-09T02:29:59,15m,HOLD,0.05,down,bearish,breakout_up_weak
2026-06-09T02:29:59,15m,HOLD,2.52,down,bearish,flat_zero_range
2026-06-09T02:29:59,15m,HOLD,597.64,down,bearish,breakout_up_weak
2026-06-09T02:29:59,15m,HOLD,0.21,down,bearish,inside_bar
2026-06-09T02:29:59,15m,HOLD,0.05,down,bearish,inside_bar
2026-06-09T02:29:59,15m,HOLD,449.13,up,neutral,exhaustion_down
2026-06-09T02:29:59,15m,HOLD,0.01,down,bearish,inside_bar
2026-06-09T02:29:59,15m,HOLD,0.33,range,bearish,breakout_down_strong
2026-06-09T02:29:59,15m,HOLD,0.01,up,bearish,inside_bar
2026-06-09T02:29:59,15m,HOLD,0.65,down,bearish,inside_bar
2026-06-09T02:29:59,15m,HOLD,0.09,down,bearish,inside_bar
2026-06-09T02:29:59,15m,SHORT,0.17,down,bearish,inside_bar
2026-06-09T02:29:59,15m,HOLD,0.02,down,bearish,inside_bar
2026-06-09T02:29:59,15m,HOLD,0.74,down,bearish,inside_bar
2026-06-09T02:29:59,15m,HOLD,0.83,down,bearish,breakout_up_strong
2026-06-09T02:29:59,15m,HOLD,2.07,down,bearish,inside_bar
2026-06-09T02:29:59,15m,HOLD,0.0,down,bearish,flat_zero_range
2026-06-09T02:29:59,15m,HOLD,0.06,down,bearish,breakout_up_weak
2026-06-09T02:29:59,15m,HOLD,0.15,down,bearish,inside_bar
2026-06-09T02:29:59,15m,HOLD,0.06,down,neutral,exhaustion_down
2026-06-09T02:29:59,15m,HOLD,62775.99,down,neutral,breakout_up_weak
2026-06-09T02:29:59,15m,HOLD,1.65,down,bearish,inside_bar
2026-06-09T02:29:59,15m,HOLD,0.07,up,bearish,inside_bar
2026-06-09T02:29:59,15m,HOLD,0.31,down,bearish,breakout_up_weak
2026-06-09T02:29:59,15m,HOLD,0.01,down,bearish,inside_bar
2026-06-09T02:29:59,15m,HOLD,0.0,down,bearish,flat_zero_range
2026-06-09T02:29:59,15m,HOLD,0.03,down,bearish,inside_bar
2026-06-09T02:29:59,15m,HOLD,5.52,down,neutral,breakout_up_strong
2026-06-09T02:29:59,15m,HOLD,0.01,up,bearish,breakout_up_strong
2026-06-09T02:29:59,15m,HOLD,0.24,down,bearish,inside_bar
2026-06-09T02:29:59,15m,HOLD,0.05,down,bearish,inside_bar
2026-06-09T02:29:59,15m,HOLD,0.2,down,bearish,exhaustion_down
2026-06-09T02:29:59,15m,HOLD,0.09,down,bearish,inside_bearish_weak
2026-06-09T02:29:59,15m,HOLD,0.25,down,bearish,flat_zero_range
2026-06-09T02:29:59,15m,HOLD,0.08,down,bearish,exhaustion_down
2026-06-09T02:29:59,15m,HOLD,0.0,down,bearish,flat_zero_range
2026-06-09T02:29:59,15m,HOLD,0.05,down,bearish,inside_bar
2026-06-09T02:29:59,15m,HOLD,0.0,down,bearish,breakout_down_strong
2026-06-09T02:29:59,15m,HOLD,0.03,down,bearish,inside_bar
2026-06-09T02:29:59,15m,HOLD,0.0,down,bearish,bullish_pressure
2026-06-09T02:29:59,15m,SHORT,1.3,down,neutral,breakout_up_weak
2026-06-09T02:29:59,15m,HOLD,28.87,down,bearish,breakout_up_weak
2026-06-09T02:29:59,15m,HOLD,0.0,down,bearish,flat_zero_range
2026-06-09T02:29:59,15m,HOLD,0.12,up,bearish,breakout_up_strong
2026-06-09T02:29:59,15m,HOLD,0.16,down,bearish,breakout_up_weak
2026-06-09T02:29:59,15m,HOLD,0.01,down,bearish,trend_continuation_down
2026-06-09T02:29:59,15m,HOLD,0.1,down,bearish,trend_continuation_down
2026-06-09T02:29:59,15m,HOLD,0.03,up,bearish,indecision
2026-06-09T02:29:59,15m,HOLD,1.12,down,bearish,flat_zero_range
2026-06-09T02:29:59,15m,HOLD,0.05,down,bearish,flat_zero_range
2026-06-09T02:29:59,15m,HOLD,0.02,down,bearish,inside_bar
2026-06-09T02:29:59,15m,HOLD,0.0,down,bearish,trend_continuation_down
2026-06-09T02:29:59,15m,HOLD,0.03,range,bearish,exhaustion_down
2026-06-09T02:29:59,15m,HOLD,0.08,down,bearish,exhaustion_down
2026-06-09T02:29:59,15m,HOLD,0.04,down,bearish,flat_zero_range
2026-06-09T02:29:59,15m,HOLD,0.76,down,bearish,inside_bar
2026-06-09T02:29:59,15m,HOLD,0.18,down,bearish,inside_bar
2026-06-09T02:29:59,15m,HOLD,0.01,down,bearish,inside_bar
2026-06-09T02:29:59,15m,HOLD,0.02,down,bearish,breakout_up_weak
2026-06-09T02:29:59,15m,HOLD,0.04,down,bearish,flat_zero_range
2026-06-09T02:29:59,15m,HOLD,0.3,down,bearish,flat_zero_range
2026-06-09T02:29:59,15m,HOLD,0.02,down,bearish,inside_bar
2026-06-09T02:29:59,15m,HOLD,0.0,down,bearish,inside_bar
2026-06-09T02:29:59,15m,HOLD,0.08,down,bearish,breakout_down_strong
2026-06-09T02:29:59,15m,HOLD,0.0,down,bearish,breakout_up_weak
2026-06-09T02:29:59,15m,HOLD,0.18,down,bearish,inside_bearish_weak
2026-06-09T02:29:59,15m,HOLD,0.06,up,bearish,exhaustion_up
2026-06-09T02:29:59,15m,HOLD,0.19,down,bearish,inside_bar
2026-06-09T02:29:59,15m,HOLD,1.0,range,bullish,inside_bar
2026-06-09T02:29:59,15m,HOLD,5.61,down,bearish,flat_zero_range
2026-06-09T02:29:59,15m,HOLD,0.14,down,bearish,inside_bar
2026-06-09T02:29:59,15m,HOLD,0.06,down,bearish,inside_bar
2026-06-09T02:29:59,15m,HOLD,0.07,down,bearish,inside_bar
2026-06-09T02:29:59,15m,HOLD,66.32,down,bearish,breakout_up_strong
2026-06-09T02:29:59,15m,HOLD,0.04,down,bearish,inside_bar
2026-06-09T02:29:59,15m,HOLD,0.05,down,bearish,breakout_down_strong
2026-06-09T02:29:59,15m,HOLD,0.0,down,bearish,flat_zero_range
2026-06-09T02:29:59,15m,HOLD,0.0,down,bearish,flat_zero_range
2026-06-09T02:29:59,15m,HOLD,0.07,down,bearish,breakout_down_strong
2026-06-09T02:29:59,15m,HOLD,0.09,range,bearish,inside_bar
2026-06-09T02:29:59,15m,HOLD,0.07,down,bearish,flat_zero_range
2026-06-09T02:29:59,15m,HOLD,0.01,up,bullish,indecision
2026-06-09T02:29:59,15m,HOLD,0.05,down,bearish,inside_bar
2026-06-09T02:29:59,15m,HOLD,0.86,down,bearish,breakout_down_weak
2026-06-09T02:29:59,15m,HOLD,1.22,down,bearish,trend_continuation_down
2026-06-09T02:29:59,15m,HOLD,0.23,down,bearish,flat_zero_range
2026-06-09T02:29:59,15m,HOLD,1.25,down,bearish,breakout_up_strong
2026-06-09T02:29:59,15m,HOLD,0.05,down,bearish,flat_zero_range
2026-06-09T02:29:59,15m,HOLD,0.12,down,bearish,inside_bar
2026-06-09T02:29:59,15m,HOLD,0.01,down,bearish,breakout_up_weak
2026-06-09T02:29:59,15m,HOLD,0.62,down,bearish,inside_bar
2026-06-09T02:29:59,15m,HOLD,0.03,down,bearish,exhaustion_up
2026-06-09T02:29:59,15m,HOLD,0.28,down,bearish,flat_zero_range
2026-06-09T02:29:59,15m,HOLD,0.01,down,bearish,breakout_up_weak
2026-06-09T02:29:59,15m,HOLD,1.74,down,bearish,inside_bar
2026-06-09T02:29:59,15m,HOLD,0.06,range,bearish,breakout_up_strong
2026-06-09T02:29:59,15m,HOLD,0.34,down,neutral,inside_bar
2026-06-09T02:29:59,15m,HOLD,0.1,down,bearish,inside_bar
2026-06-09T02:29:59,15m,HOLD,0.02,down,bearish,inside_bar
2026-06-09T02:29:59,15m,HOLD,0.12,down,bearish,inside_bar
2026-06-09T02:29:59,15m,HOLD,0.16,down,bearish,breakout_up_strong
2026-06-09T02:29:59,15m,HOLD,2.48,down,neutral,breakout_up_weak
2026-06-09T02:29:59,15m,HOLD,0.02,down,bearish,inside_bar
2026-06-09T02:29:59,15m,HOLD,0.42,down,bearish,exhaustion_up
2026-06-09T02:29:59,15m,HOLD,0.74,down,bullish,inside_bullish_weak
2026-06-09T02:29:59,15m,HOLD,0.08,down,bearish,breakout_up_weak
2026-06-09T02:29:59,15m,HOLD,0.0,down,bearish,breakout_up_weak
2026-06-09T02:29:59,15m,HOLD,0.01,down,bearish,breakout_up_weak
2026-06-09T02:29:59,15m,HOLD,4327.44,range,bullish,breakout_up_weak
2026-06-09T02:29:59,15m,HOLD,0.04,down,bearish,inside_bar
2026-06-09T02:29:59,15m,HOLD,0.0,down,bearish,inside_bar
2026-06-09T02:29:59,15m,HOLD,0.04,down,bearish,exhaustion_down
2026-06-09T02:29:59,15m,HOLD,211.9,down,bearish,inside_bar
2026-06-09T02:29:59,15m,HOLD,0.1,down,bearish,inside_bar
2026-06-09T02:29:59,15m,HOLD,0.0,up,neutral,breakout_up_strong
2026-06-09T02:29:59,15m,HOLD,0.0,down,bearish,inside_bar
2026-06-09T02:29:59,15m,HOLD,0.13,down,bearish,inside_bar
2026-06-09T02:29:59,15m,HOLD,0.02,down,bearish,breakout_up_strong
2026-06-09T02:29:59,15m,HOLD,0.08,down,bearish,breakout_up_weak
2026-06-09T02:29:59,15m,HOLD,0.59,range,bearish,inside_bar
2026-06-09T02:29:59,15m,HOLD,0.13,down,neutral,breakout_up_weak
2026-06-09T02:29:59,15m,HOLD,0.04,down,bearish,inside_bar
2026-06-09T02:29:59,15m,HOLD,0.1,down,bearish,inside_bar
2026-06-09T02:29:59,15m,HOLD,0.08,up,bullish,breakout_down_weak
2026-06-09T02:29:59,15m,HOLD,0.35,down,bearish,breakout_up_strong
2026-06-09T02:29:59,15m,HOLD,0.36,down,bearish,breakout_up_weak
2026-06-09T02:29:59,15m,HOLD,0.0,down,bearish,flat_zero_range
2026-06-09T02:29:59,15m,HOLD,0.26,down,bearish,breakout_up_weak
2026-06-09T02:29:59,15m,HOLD,0.06,down,bearish,inside_bar
2026-06-09T02:29:59,15m,HOLD,0.02,down,bearish,flat_zero_range
2026-06-09T02:29:59,15m,HOLD,1.61,down,bearish,breakout_up_weak
2026-06-09T02:29:59,15m,HOLD,62.22,down,bearish,breakout_up_weak
2026-06-09T03:44:59,15m,HOLD,0.04,down,bearish,breakout_down_strong
2026-06-09T03:44:59,15m,HOLD,0.03,down,neutral,breakout_up_strong
2026-06-09T03:44:59,15m,HOLD,2.51,down,bearish,flat_zero_range
2026-06-09T03:44:59,15m,HOLD,0.03,down,neutral,breakout_up_strong
2026-06-09T03:44:59,15m,HOLD,0.83,down,bearish,inside_bar
2026-06-09T03:44:59,15m,HOLD,6.97,down,neutral,breakout_up_strong
2026-06-09T03:44:59,15m,HOLD,0.01,down,neutral,breakout_up_strong
2026-06-09T03:44:59,15m,HOLD,0.05,down,neutral,breakout_up_strong
2026-06-09T03:44:59,15m,HOLD,2.5,down,neutral,breakout_up_strong
2026-06-09T03:44:59,15m,HOLD,0.1,down,bearish,breakout_up_strong
2026-06-09T03:44:59,15m,HOLD,5.48,down,bearish,trend_continuation_up
2026-06-09T03:44:59,15m,HOLD,4330.82,range,bullish,breakout_up_strong
2026-06-09T03:44:59,15m,HOLD,0.02,down,bearish,breakout_up_strong
2026-06-09T03:44:59,15m,HOLD,0.35,down,neutral,breakout_up_strong
2026-06-09T03:44:59,15m,HOLD,0.25,down,neutral,breakout_up_strong
2026-06-09T03:44:59,15m,HOLD,0.14,down,neutral,breakout_up_strong
2026-06-09T03:44:59,15m,HOLD,0.08,down,bearish,breakout_up_strong
2026-06-09T03:44:59,15m,HOLD,0.13,down,bearish,breakout_up_strong
2026-06-09T03:44:59,15m,HOLD,0.12,up,bearish,flat_zero_range
2026-06-09T03:44:59,15m,HOLD,0.02,down,neutral,breakout_up_strong
2026-06-09T03:44:59,15m,HOLD,0.06,down,neutral,breakout_up_strong
2026-06-09T03:44:59,15m,HOLD,0.86,down,bearish,breakout_up_strong
2026-06-09T03:44:59,15m,HOLD,1.25,down,bearish,breakout_up_strong
2026-06-09T03:44:59,15m,HOLD,0.0,down,bearish,trend_continuation_down
2026-06-09T03:44:59,15m,HOLD,0.0,down,bearish,flat_zero_range
2026-06-09T03:44:59,15m,HOLD,62.01,down,bearish,breakout_up_strong
2026-06-09T03:44:59,15m,HOLD,0.02,down,bearish,inside_bar
2026-06-09T03:44:59,15m,HOLD,0.07,down,bearish,inside_bullish_weak
2026-06-09T03:44:59,15m,HOLD,0.08,down,neutral,trend_continuation_up
2026-06-09T03:44:59,15m,HOLD,0.02,down,bearish,trend_continuation_up
2026-06-09T03:44:59,15m,HOLD,0.02,down,bearish,breakout_up_strong
2026-06-09T03:44:59,15m,HOLD,0.08,down,bearish,inside_bar
2026-06-09T03:44:59,15m,HOLD,1.23,down,neutral,breakout_up_strong
2026-06-09T03:44:59,15m,HOLD,0.0,down,bearish,flat_zero_range
2026-06-09T03:44:59,15m,HOLD,0.03,down,neutral,breakout_up_strong
2026-06-09T03:44:59,15m,HOLD,0.09,down,bearish,inside_bar
2026-06-09T03:44:59,15m,HOLD,0.01,up,neutral,breakout_up_strong
2026-06-09T03:44:59,15m,HOLD,0.02,down,bearish,flat_zero_range
2026-06-09T03:44:59,15m,HOLD,0.26,down,neutral,breakout_up_strong
2026-06-09T03:44:59,15m,HOLD,0.0,down,bearish,flat_zero_range
2026-06-09T03:44:59,15m,HOLD,0.07,down,neutral,breakout_up_strong
2026-06-09T03:44:59,15m,HOLD,1.6,down,bearish,breakout_up_strong
2026-06-09T03:44:59,15m,HOLD,0.07,down,bearish,breakout_up_strong
2026-06-09T03:44:59,15m,HOLD,0.02,down,bearish,breakout_up_strong
2026-06-09T03:44:59,15m,HOLD,0.08,down,neutral,breakout_up_strong
2026-06-09T03:44:59,15m,HOLD,0.0,down,neutral,breakout_up_strong
2026-06-09T03:44:59,15m,HOLD,0.03,down,bearish,trend_continuation_up
2026-06-09T03:44:59,15m,HOLD,0.29,down,bearish,breakout_up_strong
2026-06-09T03:44:59,15m,HOLD,0.0,down,neutral,breakout_up_strong
2026-06-09T03:44:59,15m,HOLD,0.19,down,bearish,inside_bullish_weak
2026-06-09T03:44:59,15m,HOLD,0.08,up,neutral,breakout_down_strong
2026-06-09T03:44:59,15m,HOLD,0.75,down,neutral,breakout_up_strong
2026-06-09T03:44:59,15m,HOLD,0.01,down,neutral,breakout_up_strong
2026-06-09T03:44:59,15m,HOLD,0.08,down,neutral,breakout_up_strong
2026-06-09T03:44:59,15m,HOLD,0.01,down,neutral,breakout_up_weak
2026-06-09T03:44:59,15m,HOLD,0.23,down,neutral,breakout_up_strong
2026-06-09T03:44:59,15m,HOLD,0.01,down,bearish,breakout_up_strong
2026-06-09T03:44:59,15m,HOLD,0.05,down,bearish,breakout_up_strong
2026-06-09T03:44:59,15m,HOLD,0.0,down,bearish,breakout_up_strong
2026-06-09T03:44:59,15m,HOLD,0.36,down,bearish,inside_bar
2026-06-09T03:44:59,15m,HOLD,0.16,down,neutral,breakout_up_strong
2026-06-09T03:44:59,15m,HOLD,0.01,down,bearish,breakout_up_strong
2026-06-09T03:44:59,15m,HOLD,5.65,down,neutral,breakout_up_strong
2026-06-09T03:44:59,15m,HOLD,0.0,down,bearish,breakout_up_strong
2026-06-09T03:44:59,15m,HOLD,0.1,down,neutral,breakout_up_strong
2026-06-09T03:44:59,15m,HOLD,0.64,down,bearish,inside_bar
2026-06-09T03:44:59,15m,HOLD,0.2,down,bearish,bullish_pressure
2026-06-09T03:44:59,15m,HOLD,0.04,down,neutral,breakout_up_strong
2026-06-09T03:44:59,15m,HOLD,0.21,down,bearish,breakout_up_strong
2026-06-09T03:44:59,15m,HOLD,0.02,down,bearish,inside_bar
2026-06-09T03:44:59,15m,HOLD,0.02,down,neutral,breakout_up_strong
2026-06-09T03:44:59,15m,HOLD,0.0,down,bearish,exhaustion_up
2026-06-09T03:44:59,15m,HOLD,0.72,range,neutral,breakout_down_weak
2026-06-09T03:44:59,15m,HOLD,0.0,down,bearish,breakout_up_strong
2026-06-09T03:44:59,15m,HOLD,0.35,down,neutral,breakout_up_strong
2026-06-09T03:44:59,15m,HOLD,0.06,down,bearish,inside_bar
2026-06-09T03:44:59,15m,HOLD,0.08,down,bearish,breakout_up_strong
2026-06-09T03:44:59,15m,HOLD,2.06,down,bearish,breakout_up_strong
2026-06-09T03:44:59,15m,HOLD,0.01,down,neutral,breakout_up_strong
2026-06-09T03:44:59,15m,HOLD,0.0,down,neutral,breakout_up_strong
2026-06-09T03:44:59,15m,HOLD,0.05,down,neutral,breakout_up_strong
2026-06-09T03:44:59,15m,HOLD,62825.06,down,neutral,breakout_up_strong
2026-06-09T03:44:59,15m,HOLD,0.09,down,neutral,breakout_up_strong
2026-06-09T03:44:59,15m,HOLD,0.04,down,neutral,trend_continuation_down
2026-06-09T03:44:59,15m,HOLD,0.03,range,bearish,inside_bar
2026-06-09T03:44:59,15m,HOLD,0.06,down,bearish,inside_bar
2026-06-09T03:44:59,15m,HOLD,0.3,down,neutral,breakout_up_strong
2026-06-09T03:44:59,15m,HOLD,443.85,range,bearish,trend_continuation_up
2026-06-09T03:44:59,15m,HOLD,1.0,range,bullish,inside_bar
2026-06-09T03:44:59,15m,HOLD,0.0,range,neutral,breakout_up_strong
2026-06-09T03:44:59,15m,HOLD,0.09,down,neutral,breakout_up_strong
2026-06-09T03:44:59,15m,HOLD,36.64,down,neutral,inside_bar
2026-06-09T03:44:59,15m,HOLD,66.48,down,neutral,inside_bar
2026-06-09T03:44:59,15m,HOLD,0.16,down,neutral,breakout_up_strong
2026-06-09T03:44:59,15m,HOLD,0.05,down,neutral,breakout_up_strong
2026-06-09T03:44:59,15m,HOLD,0.1,down,bearish,inside_bar
2026-06-09T03:44:59,15m,HOLD,0.01,down,bearish,breakout_up_strong
2026-06-09T03:44:59,15m,HOLD,0.06,down,neutral,breakout_up_strong
2026-06-09T03:44:59,15m,HOLD,0.01,range,neutral,breakout_up_strong
2026-06-09T03:44:59,15m,HOLD,0.24,down,neutral,breakout_up_strong
2026-06-09T03:44:59,15m,HOLD,0.08,down,neutral,breakout_up_strong
2026-06-09T03:44:59,15m,HOLD,0.13,down,neutral,inside_bar
2026-06-09T03:44:59,15m,HOLD,0.0,down,bearish,flat_zero_range
2026-06-09T03:44:59,15m,HOLD,0.07,down,neutral,breakout_up_strong
2026-06-09T03:44:59,15m,HOLD,1.32,range,neutral,inside_bar
2026-06-09T03:44:59,15m,HOLD,0.12,down,neutral,breakout_up_strong
2026-06-09T03:44:59,15m,HOLD,0.1,down,bearish,inside_bar
2026-06-09T03:44:59,15m,HOLD,0.04,down,bearish,breakout_up_strong
2026-06-09T03:44:59,15m,HOLD,0.0,down,neutral,breakout_up_strong
2026-06-09T03:44:59,15m,HOLD,212.4,down,neutral,breakout_up_strong
2026-06-09T03:44:59,15m,HOLD,0.06,down,bearish,flat_zero_range
2026-06-09T03:44:59,15m,HOLD,0.04,down,bearish,inside_bar
2026-06-09T03:44:59,15m,HOLD,598.94,down,neutral,breakout_up_strong
2026-06-09T03:44:59,15m,HOLD,0.05,down,neutral,breakout_up_strong
2026-06-09T03:44:59,15m,HOLD,0.33,down,neutral,exhaustion_down
2026-06-09T03:44:59,15m,HOLD,0.76,down,neutral,breakout_up_strong
2026-06-09T03:44:59,15m,HOLD,0.05,down,bearish,breakout_up_weak
2026-06-09T03:44:59,15m,HOLD,0.0,down,bearish,inside_bar
2026-06-09T03:44:59,15m,HOLD,0.62,down,neutral,indecision
2026-06-09T03:44:59,15m,HOLD,0.59,down,bearish,breakout_up_weak
2026-06-09T03:44:59,15m,HOLD,0.05,down,bearish,breakout_up_strong
2026-06-09T03:44:59,15m,HOLD,0.31,down,neutral,breakout_up_strong
2026-06-09T03:44:59,15m,HOLD,1.74,down,neutral,breakout_up_strong
2026-06-09T03:44:59,15m,HOLD,0.05,down,neutral,breakout_up_strong
2026-06-09T03:44:59,15m,HOLD,0.17,down,bearish,indecision
2026-06-09T03:44:59,15m,HOLD,0.06,down,bearish,breakout_up_weak
2026-06-09T03:44:59,15m,HOLD,7.88,down,neutral,breakout_up_strong
2026-06-09T03:44:59,15m,HOLD,0.18,down,bearish,breakout_up_strong
2026-06-09T03:44:59,15m,HOLD,0.18,down,bearish,breakout_up_strong
2026-06-09T03:44:59,15m,HOLD,0.0,down,bearish,flat_zero_range
2026-06-09T03:44:59,15m,HOLD,1.65,down,neutral,breakout_up_strong
2026-06-09T03:44:59,15m,HOLD,29.1,down,neutral,inside_bar
2026-06-09T03:44:59,15m,HOLD,1.12,down,neutral,breakout_up_strong
2026-06-09T03:44:59,15m,HOLD,0.42,down,bearish,inside_bullish_weak
2026-06-09T03:44:59,15m,HOLD,0.01,up,bullish,bullish_pressure
2026-06-09T03:44:59,15m,HOLD,0.03,down,neutral,breakout_up_strong
2026-06-09T03:44:59,15m,HOLD,0.15,down,bearish,breakout_up_strong
2026-06-09T03:44:59,15m,HOLD,0.12,down,neutral,breakout_up_strong
2026-06-09T03:44:59,15m,HOLD,0.04,down,bearish,flat_zero_range
2026-06-09T03:59:59,15m,HOLD,6.97,down,neutral,inside_bar
2026-06-09T03:59:59,15m,HOLD,0.1,down,bearish,exhaustion_down
2026-06-09T03:59:59,15m,HOLD,0.25,down,neutral,inside_bar
2026-06-09T03:59:59,15m,HOLD,0.14,down,neutral,breakout_up_strong
2026-06-09T03:59:59,15m,HOLD,0.12,range,bearish,flat_zero_range
2026-06-09T03:59:59,15m,HOLD,1.23,down,neutral,breakout_up_strong
2026-06-09T03:59:59,15m,HOLD,0.03,down,neutral,breakout_up_strong
2026-06-09T03:59:59,15m,HOLD,0.08,down,neutral,breakout_up_strong
2026-06-09T03:59:59,15m,HOLD,0.36,down,neutral,breakout_up_strong
2026-06-09T03:59:59,15m,HOLD,0.01,down,neutral,breakout_up_strong
2026-06-09T03:59:59,15m,HOLD,0.21,down,bearish,inside_bar
2026-06-09T03:59:59,15m,HOLD,0.02,down,bearish,flat_zero_range
2026-06-09T03:59:59,15m,HOLD,0.08,down,bearish,breakout_up_strong
2026-06-09T03:59:59,15m,HOLD,2.05,down,bearish,inside_bullish_weak
2026-06-09T03:59:59,15m,HOLD,0.06,down,bearish,inside_bar
2026-06-09T03:59:59,15m,HOLD,0.3,down,neutral,breakout_up_strong
2026-06-09T03:59:59,15m,HOLD,1.0,range,bullish,breakout_up_strong
2026-06-09T03:59:59,15m,HOLD,36.7,down,bearish,breakout_up_strong
2026-06-09T03:59:59,15m,HOLD,0.06,down,neutral,trend_continuation_up
2026-06-09T03:59:59,15m,SHORT,0.01,down,neutral,flat_zero_range
2026-06-09T03:59:59,15m,HOLD,0.24,down,neutral,breakout_up_strong
2026-06-09T03:59:59,15m,HOLD,0.13,down,neutral,trend_continuation_up
2026-06-09T03:59:59,15m,HOLD,212.4,down,neutral,inside_bar
2026-06-09T03:59:59,15m,HOLD,0.04,down,neutral,breakout_up_strong
2026-06-09T03:59:59,15m,HOLD,0.05,down,neutral,breakout_up_strong
2026-06-09T03:59:59,15m,HOLD,0.62,down,neutral,inside_bar
2026-06-09T03:59:59,15m,HOLD,0.05,down,neutral,breakout_up_weak
2026-06-09T03:59:59,15m,HOLD,7.88,down,neutral,breakout_up_strong
2026-06-09T03:59:59,15m,HOLD,0.0,down,neutral,breakout_up_strong
2026-06-09T03:59:59,15m,HOLD,0.03,down,neutral,breakout_up_strong
2026-06-09T03:59:59,15m,HOLD,0.01,down,neutral,breakout_up_strong
2026-06-09T03:59:59,15m,HOLD,0.05,down,neutral,inside_bar
2026-06-09T03:59:59,15m,HOLD,4329.11,range,bullish,breakout_down_strong
2026-06-09T03:59:59,15m,HOLD,0.35,down,neutral,breakout_up_strong
2026-06-09T03:59:59,15m,HOLD,1.25,down,neutral,breakout_up_strong
2026-06-09T03:59:59,15m,HOLD,0.0,down,neutral,breakout_up_strong
2026-06-09T03:59:59,15m,HOLD,0.02,down,bearish,exhaustion_down
2026-06-09T03:59:59,15m,HOLD,0.07,down,bearish,breakout_up_strong
2026-06-09T03:59:59,15m,HOLD,0.02,down,bearish,breakout_up_strong
2026-06-09T03:59:59,15m,HOLD,0.08,down,bearish,inside_bullish_weak
2026-06-09T03:59:59,15m,HOLD,0.02,down,bearish,inside_bar
2026-06-09T03:59:59,15m,HOLD,0.09,down,bearish,indecision
2026-06-09T03:59:59,15m,HOLD,0.01,up,bearish,breakout_down_weak
2026-06-09T03:59:59,15m,HOLD,1.61,down,neutral,breakout_up_strong
2026-06-09T03:59:59,15m,HOLD,0.29,down,bearish,breakout_up_weak
2026-06-09T03:59:59,15m,HOLD,0.19,down,neutral,breakout_up_strong
2026-06-09T03:59:59,15m,HOLD,0.08,up,bullish,breakout_up_strong
2026-06-09T03:59:59,15m,HOLD,0.01,down,neutral,breakout_up_strong
2026-06-09T03:59:59,15m,HOLD,0.01,down,bearish,inside_bar
2026-06-09T03:59:59,15m,HOLD,0.0,down,bearish,flat_zero_range
2026-06-09T03:59:59,15m,HOLD,0.0,down,bearish,exhaustion_up
2026-06-09T03:59:59,15m,HOLD,0.35,down,neutral,flat_zero_range
2026-06-09T03:59:59,15m,HOLD,0.01,down,neutral,breakout_up_strong
2026-06-09T03:59:59,15m,HOLD,0.05,down,neutral,flat_zero_range
2026-06-09T03:59:59,15m,HOLD,0.0,down,neutral,breakout_up_weak
2026-06-09T03:59:59,15m,HOLD,62875.17,down,neutral,breakout_up_strong
2026-06-09T03:59:59,15m,HOLD,0.09,down,neutral,breakout_up_strong
2026-06-09T03:59:59,15m,HOLD,0.05,down,neutral,inside_bar
2026-06-09T03:59:59,15m,HOLD,0.1,down,neutral,inside_bar
2026-06-09T03:59:59,15m,HOLD,0.01,down,neutral,breakout_up_strong
2026-06-09T03:59:59,15m,HOLD,0.04,down,bearish,inside_bar
2026-06-09T03:59:59,15m,HOLD,0.31,down,neutral,breakout_up_strong
2026-06-09T03:59:59,15m,HOLD,1.13,down,neutral,breakout_up_strong
2026-06-09T03:59:59,15m,HOLD,0.42,down,bearish,breakout_down_strong
2026-06-09T03:59:59,15m,HOLD,0.01,up,bullish,inside_bar
2026-06-09T03:59:59,15m,HOLD,0.12,down,neutral,trend_continuation_up
2026-06-09T03:59:59,15m,HOLD,0.04,down,bearish,flat_zero_range
2026-06-09T03:59:59,15m,HOLD,2.49,down,neutral,inside_bar
2026-06-09T03:59:59,15m,HOLD,5.48,down,bearish,indecision
2026-06-09T03:59:59,15m,HOLD,0.08,down,neutral,breakout_up_weak
2026-06-09T03:59:59,15m,HOLD,0.13,down,bearish,exhaustion_down
2026-06-09T03:59:59,15m,HOLD,0.87,down,neutral,inside_bar
2026-06-09T03:59:59,15m,HOLD,0.08,down,bullish,breakout_up_strong
2026-06-09T03:59:59,15m,HOLD,0.26,down,neutral,breakout_up_strong
2026-06-09T03:59:59,15m,HOLD,0.07,down,neutral,breakout_up_weak
2026-06-09T03:59:59,15m,HOLD,0.07,down,bearish,breakout_up_strong
2026-06-09T03:59:59,15m,HOLD,0.08,down,neutral,exhaustion_up
2026-06-09T03:59:59,15m,HOLD,0.01,down,neutral,inside_bar
2026-06-09T03:59:59,15m,HOLD,0.23,down,neutral,breakout_up_weak
2026-06-09T03:59:59,15m,HOLD,0.0,down,neutral,breakout_up_strong
2026-06-09T03:59:59,15m,HOLD,0.05,down,bearish,inside_bullish_weak
2026-06-09T03:59:59,15m,HOLD,5.66,down,neutral,inside_bar
2026-06-09T03:59:59,15m,HOLD,0.0,down,neutral,breakout_up_strong
2026-06-09T03:59:59,15m,HOLD,0.2,down,bearish,exhaustion_up
2026-06-09T03:59:59,15m,HOLD,0.04,down,neutral,breakout_up_strong
2026-06-09T03:59:59,15m,HOLD,0.02,down,neutral,trend_continuation_down
2026-06-09T03:59:59,15m,HOLD,0.06,down,bearish,indecision
2026-06-09T03:59:59,15m,HOLD,0.04,down,neutral,inside_bullish_weak
2026-06-09T03:59:59,15m,HOLD,0.03,range,neutral,indecision
2026-06-09T03:59:59,15m,HOLD,447.19,range,neutral,breakout_up_strong
2026-06-09T03:59:59,15m,HOLD,66.79,down,neutral,breakout_down_strong
2026-06-09T03:59:59,15m,LONG,0.0,up,neutral,breakout_up_weak
2026-06-09T03:59:59,15m,HOLD,1.32,range,bullish,inside_bar
2026-06-09T03:59:59,15m,HOLD,0.0,down,neutral,flat_zero_range
2026-06-09T03:59:59,15m,HOLD,0.06,down,bearish,breakout_down_strong
2026-06-09T03:59:59,15m,HOLD,599.14,down,neutral,exhaustion_up
2026-06-09T03:59:59,15m,HOLD,0.59,down,neutral,flat_zero_range
2026-06-09T03:59:59,15m,HOLD,1.74,down,neutral,breakout_up_strong
2026-06-09T03:59:59,15m,HOLD,0.06,down,bearish,inside_bar
2026-06-09T03:59:59,15m,HOLD,0.18,down,bearish,breakout_up_strong
2026-06-09T03:59:59,15m,HOLD,0.18,down,bearish,flat_zero_range
2026-06-09T03:59:59,15m,HOLD,29.06,down,neutral,exhaustion_up
2026-06-09T03:59:59,15m,HOLD,0.03,down,neutral,breakout_up_strong
2026-06-09T03:59:59,15m,HOLD,0.15,down,neutral,breakout_up_strong
2026-06-09T03:59:59,15m,HOLD,0.03,down,neutral,breakout_up_strong
2026-06-09T03:59:59,15m,HOLD,2.52,down,neutral,flat_zero_range
2026-06-09T03:59:59,15m,HOLD,0.84,down,neutral,inside_bar
2026-06-09T03:59:59,15m,HOLD,0.02,down,bearish,breakout_up_strong
2026-06-09T03:59:59,15m,HOLD,0.02,down,bearish,inside_bar
2026-06-09T03:59:59,15m,HOLD,0.06,down,neutral,inside_bar
2026-06-09T03:59:59,15m,HOLD,0.0,down,neutral,breakout_up_strong
2026-06-09T03:59:59,15m,HOLD,62.09,down,neutral,breakout_up_strong
2026-06-09T03:59:59,15m,HOLD,0.0,down,bearish,inside_bar
2026-06-09T03:59:59,15m,HOLD,0.02,down,neutral,flat_zero_range
2026-06-09T03:59:59,15m,HOLD,0.0,down,neutral,breakout_up_strong
2026-06-09T03:59:59,15m,HOLD,0.02,down,bearish,breakout_up_strong
2026-06-09T03:59:59,15m,HOLD,0.0,down,neutral,flat_zero_range
2026-06-09T03:59:59,15m,HOLD,0.03,down,neutral,inside_bar
2026-06-09T03:59:59,15m,HOLD,0.0,down,neutral,breakout_up_strong
2026-06-09T03:59:59,15m,HOLD,0.75,down,neutral,inside_bar
2026-06-09T03:59:59,15m,HOLD,0.16,down,neutral,indecision
2026-06-09T03:59:59,15m,HOLD,0.1,down,neutral,trend_continuation_up
2026-06-09T03:59:59,15m,HOLD,0.65,down,neutral,breakout_up_weak
2026-06-09T03:59:59,15m,HOLD,0.72,range,neutral,breakout_down_weak
2026-06-09T03:59:59,15m,HOLD,0.09,down,neutral,breakout_up_strong
2026-06-09T03:59:59,15m,HOLD,0.16,down,neutral,breakout_up_strong
2026-06-09T03:59:59,15m,HOLD,0.08,down,neutral,bullish_pressure
2026-06-09T03:59:59,15m,HOLD,0.0,down,bearish,flat_zero_range
2026-06-09T03:59:59,15m,HOLD,0.07,down,neutral,trend_continuation_down
2026-06-09T03:59:59,15m,HOLD,0.12,down,neutral,inside_bar
2026-06-09T03:59:59,15m,HOLD,0.1,down,bearish,inside_bar
2026-06-09T03:59:59,15m,HOLD,0.33,down,neutral,inside_bar
2026-06-09T03:59:59,15m,HOLD,0.76,down,neutral,bullish_pressure
2026-06-09T03:59:59,15m,HOLD,0.05,down,neutral,breakout_up_weak
2026-06-09T03:59:59,15m,HOLD,0.0,down,bearish,flat_zero_range
2026-06-09T03:59:59,15m,HOLD,0.05,down,neutral,breakout_up_strong
2026-06-09T03:59:59,15m,HOLD,0.17,down,bearish,inside_bar
2026-06-09T03:59:59,15m,HOLD,1.66,down,neutral,breakout_up_strong
2026-06-09T03:59:59,15m,HOLD,0.04,down,neutral,flat_zero_range
2026-06-09T04:14:59,15m,HOLD,6.98,down,neutral,trend_continuation_down
2026-06-09T04:14:59,15m,HOLD,0.1,down,bearish,trend_continuation_down
2026-06-09T04:14:59,15m,HOLD,0.25,down,neutral,flat_zero_range
2026-06-09T04:14:59,15m,HOLD,0.14,down,neutral,breakout_up_strong
2026-06-09T04:14:59,15m,HOLD,0.12,range,neutral,flat_zero_range
2026-06-09T04:14:59,15m,HOLD,1.23,down,neutral,breakout_down_strong
2026-06-09T04:14:59,15m,HOLD,0.03,down,neutral,breakout_up_weak
2026-06-09T04:14:59,15m,HOLD,0.08,down,neutral,breakout_up_weak
2026-06-09T04:14:59,15m,HOLD,0.36,down,neutral,breakout_up_weak
2026-06-09T04:14:59,15m,HOLD,0.01,down,neutral,breakout_up_weak
2026-06-09T04:14:59,15m,HOLD,0.21,down,neutral,inside_bearish_weak
2026-06-09T04:14:59,15m,HOLD,0.02,down,bearish,breakout_down_strong
2026-06-09T04:14:59,15m,HOLD,0.08,down,neutral,breakout_up_weak
2026-06-09T04:14:59,15m,HOLD,2.06,down,neutral,breakout_up_strong
2026-06-09T04:14:59,15m,HOLD,0.06,down,bearish,breakout_up_weak
2026-06-09T04:14:59,15m,HOLD,0.3,down,neutral,trend_continuation_down
2026-06-09T04:14:59,15m,HOLD,1.0,range,bullish,inside_bar
2026-06-09T04:14:59,15m,HOLD,36.65,down,bearish,trend_continuation_down
2026-06-09T04:14:59,15m,HOLD,0.06,down,neutral,trend_continuation_down
2026-06-09T04:14:59,15m,HOLD,0.24,down,neutral,inside_bar
2026-06-09T04:14:59,15m,HOLD,0.01,down,neutral,breakout_up_weak
2026-06-09T04:14:59,15m,HOLD,0.13,down,bearish,inside_bar
2026-06-09T04:14:59,15m,HOLD,212.7,down,neutral,indecision
2026-06-09T04:14:59,15m,HOLD,0.04,down,neutral,breakout_up_strong
2026-06-09T04:14:59,15m,HOLD,0.05,down,neutral,breakout_up_weak
2026-06-09T04:14:59,15m,HOLD,0.62,down,neutral,indecision
2026-06-09T04:14:59,15m,HOLD,0.05,down,neutral,bearish_pressure
2026-06-09T04:14:59,15m,HOLD,7.89,down,neutral,inside_bearish_weak
2026-06-09T04:14:59,15m,HOLD,0.0,down,neutral,flat_zero_range
2026-06-09T04:14:59,15m,HOLD,0.03,down,neutral,trend_continuation_down
2026-06-09T04:14:59,15m,HOLD,0.01,down,neutral,bearish_pressure
2026-06-09T04:14:59,15m,HOLD,0.05,down,bearish,trend_continuation_down
2026-06-09T04:14:59,15m,HOLD,4326.14,range,neutral,breakout_down_strong
2026-06-09T04:14:59,15m,HOLD,0.35,down,bullish,breakout_up_weak
2026-06-09T04:14:59,15m,HOLD,1.25,down,neutral,trend_continuation_down
2026-06-09T04:14:59,15m,HOLD,0.0,down,neutral,trend_continuation_down
2026-06-09T04:14:59,15m,HOLD,0.02,down,bearish,exhaustion_up
2026-06-09T04:14:59,15m,HOLD,0.07,down,bearish,inside_bearish_weak
2026-06-09T04:14:59,15m,HOLD,0.02,down,bearish,trend_continuation_down
2026-06-09T04:14:59,15m,HOLD,0.08,down,bearish,breakout_up_weak
2026-06-09T04:14:59,15m,HOLD,0.02,down,bearish,inside_bar
2026-06-09T04:14:59,15m,HOLD,0.09,down,neutral,breakout_up_strong
2026-06-09T04:14:59,15m,HOLD,0.01,up,neutral,breakout_up_weak
2026-06-09T04:14:59,15m,HOLD,1.61,down,neutral,bearish_pressure
2026-06-09T04:14:59,15m,HOLD,0.29,down,neutral,breakout_up_weak
2026-06-09T04:14:59,15m,HOLD,0.19,down,bearish,breakout_down_weak
2026-06-09T04:14:59,15m,HOLD,0.08,up,bullish,inside_bar
2026-06-09T04:14:59,15m,HOLD,0.01,down,neutral,breakout_up_strong
2026-06-09T04:14:59,15m,HOLD,0.01,down,neutral,exhaustion_up
2026-06-09T04:14:59,15m,HOLD,0.0,down,bearish,flat_zero_range
2026-06-09T04:14:59,15m,HOLD,0.0,down,bearish,flat_zero_range
2026-06-09T04:14:59,15m,HOLD,0.35,down,neutral,breakout_up_strong
2026-06-09T04:14:59,15m,HOLD,0.01,down,neutral,exhaustion_up
2026-06-09T04:14:59,15m,HOLD,0.05,down,bearish,flat_zero_range
2026-06-09T04:14:59,15m,HOLD,0.0,down,neutral,breakout_up_weak
2026-06-09T04:14:59,15m,HOLD,62899.93,down,neutral,exhaustion_up
2026-06-09T04:14:59,15m,HOLD,0.09,down,neutral,inside_bearish_weak
2026-06-09T04:14:59,15m,HOLD,0.05,down,bearish,flat_zero_range
2026-06-09T04:14:59,15m,HOLD,0.1,down,neutral,flat_zero_range
2026-06-09T04:14:59,15m,HOLD,0.01,down,neutral,breakout_down_strong
2026-06-09T04:14:59,15m,HOLD,0.04,down,bearish,bearish_pressure
2026-06-09T04:14:59,15m,HOLD,0.31,down,neutral,exhaustion_up
2026-06-09T04:14:59,15m,HOLD,1.13,down,neutral,flat_zero_range
2026-06-09T04:14:59,15m,HOLD,0.42,down,bearish,inside_bearish_weak
2026-06-09T04:14:59,15m,HOLD,0.01,up,neutral,inside_bar
2026-06-09T04:14:59,15m,HOLD,0.12,down,neutral,exhaustion_up
2026-06-09T04:14:59,15m,HOLD,0.04,down,bearish,exhaustion_up
2026-06-09T04:14:59,15m,HOLD,2.5,down,neutral,bearish_pressure
2026-06-09T04:14:59,15m,HOLD,5.5,down,neutral,exhaustion_up
2026-06-09T04:14:59,15m,HOLD,0.08,down,neutral,bearish_pressure
2026-06-09T04:14:59,15m,HOLD,0.13,down,neutral,exhaustion_up
2026-06-09T04:14:59,15m,HOLD,0.87,down,neutral,breakout_up_weak
2026-06-09T04:14:59,15m,HOLD,0.08,down,bullish,breakout_up_weak
2026-06-09T04:14:59,15m,HOLD,0.26,down,neutral,exhaustion_up
2026-06-09T04:14:59,15m,HOLD,0.07,down,neutral,trend_continuation_down
2026-06-09T04:14:59,15m,HOLD,0.07,down,neutral,breakout_up_strong
2026-06-09T04:14:59,15m,HOLD,0.08,down,neutral,exhaustion_up
2026-06-09T04:14:59,15m,HOLD,0.01,down,neutral,inside_bar
2026-06-09T04:14:59,15m,HOLD,0.23,down,neutral,breakout_up_strong
2026-06-09T04:14:59,15m,HOLD,0.05,down,neutral,breakout_up_strong
2026-06-09T04:14:59,15m,HOLD,0.0,down,neutral,trend_continuation_down
2026-06-09T04:14:59,15m,HOLD,5.68,down,neutral,breakout_up_strong
2026-06-09T04:14:59,15m,HOLD,0.0,down,neutral,breakout_up_strong
2026-06-09T04:14:59,15m,HOLD,0.2,down,neutral,indecision
2026-06-09T04:14:59,15m,HOLD,0.04,down,neutral,exhaustion_up
2026-06-09T04:14:59,15m,HOLD,0.02,down,neutral,indecision
2026-06-09T04:14:59,15m,HOLD,0.06,down,neutral,inside_bar
2026-06-09T04:14:59,15m,HOLD,0.04,down,neutral,inside_bullish_weak
2026-06-09T04:14:59,15m,HOLD,0.03,range,neutral,breakout_up_strong
2026-06-09T04:14:59,15m,HOLD,447.87,range,neutral,breakout_up_weak
2026-06-09T04:14:59,15m,HOLD,67.05,down,neutral,breakout_up_weak
2026-06-09T04:14:59,15m,HOLD,0.0,up,bullish,inside_bearish_weak
2026-06-09T04:14:59,15m,HOLD,1.31,range,bullish,breakout_down_strong
2026-06-09T04:14:59,15m,HOLD,0.0,down,neutral,flat_zero_range
2026-06-09T04:14:59,15m,HOLD,0.06,down,bearish,breakout_up_strong
2026-06-09T04:14:59,15m,HOLD,598.83,down,neutral,bearish_pressure
2026-06-09T04:14:59,15m,HOLD,0.59,down,bearish,inside_bar
2026-06-09T04:14:59,15m,HOLD,1.74,down,neutral,bearish_pressure
2026-06-09T04:14:59,15m,HOLD,0.06,down,bearish,indecision
2026-06-09T04:14:59,15m,HOLD,0.18,down,bearish,breakout_up_weak
2026-06-09T04:14:59,15m,HOLD,0.19,down,neutral,trend_continuation_down
2026-06-09T04:14:59,15m,HOLD,29.11,down,neutral,inside_bearish_weak
2026-06-09T04:14:59,15m,HOLD,0.03,down,neutral,exhaustion_up
2026-06-09T04:14:59,15m,HOLD,0.15,down,neutral,breakout_up_weak
2026-06-09T04:14:59,15m,HOLD,0.03,down,neutral,flat_zero_range
2026-06-09T04:14:59,15m,HOLD,2.52,down,neutral,breakout_up_weak
2026-06-09T04:14:59,15m,HOLD,0.84,down,neutral,breakout_up_strong
2026-06-09T04:14:59,15m,HOLD,0.02,down,neutral,breakout_up_strong
2026-06-09T04:14:59,15m,HOLD,0.02,down,neutral,breakout_up_strong
2026-06-09T04:14:59,15m,HOLD,0.06,down,neutral,breakout_up_weak
2026-06-09T04:14:59,15m,HOLD,0.0,down,bearish,breakout_up_weak
2026-06-09T04:14:59,15m,HOLD,62.04,down,neutral,exhaustion_up
2026-06-09T04:14:59,15m,HOLD,0.0,down,bearish,exhaustion_down
2026-06-09T04:14:59,15m,HOLD,0.02,down,neutral,flat_zero_range
2026-06-09T04:14:59,15m,HOLD,0.0,down,neutral,flat_zero_range
2026-06-09T04:14:59,15m,HOLD,0.02,down,bearish,breakout_up_strong
2026-06-09T04:14:59,15m,HOLD,0.0,down,neutral,bearish_pressure
2026-06-09T04:14:59,15m,HOLD,0.03,down,neutral,inside_bearish_weak
2026-06-09T04:14:59,15m,HOLD,0.0,down,neutral,trend_continuation_down
2026-06-09T04:14:59,15m,HOLD,0.75,down,neutral,exhaustion_up
2026-06-09T04:14:59,15m,HOLD,0.16,down,neutral,breakout_up_weak
2026-06-09T04:14:59,15m,HOLD,0.1,down,neutral,trend_continuation_down
2026-06-09T04:14:59,15m,HOLD,0.65,down,neutral,bullish_pressure
2026-06-09T04:14:59,15m,SHORT,0.72,down,neutral,breakout_down_strong
2026-06-09T04:14:59,15m,HOLD,0.09,down,neutral,exhaustion_up
2026-06-09T04:14:59,15m,HOLD,0.16,down,neutral,breakout_up_weak
2026-06-09T04:14:59,15m,HOLD,0.08,down,neutral,inside_bearish_weak
2026-06-09T04:14:59,15m,HOLD,0.0,down,bearish,flat_zero_range
2026-06-09T04:14:59,15m,HOLD,0.07,down,neutral,trend_continuation_down
2026-06-09T04:14:59,15m,HOLD,0.12,down,neutral,indecision
2026-06-09T04:14:59,15m,HOLD,0.1,down,bearish,exhaustion_up
2026-06-09T04:14:59,15m,HOLD,0.33,down,neutral,inside_bar
2026-06-09T04:14:59,15m,HOLD,0.77,down,neutral,breakout_up_weak
2026-06-09T04:14:59,15m,HOLD,0.05,down,bearish,exhaustion_up
2026-06-09T04:14:59,15m,HOLD,0.0,down,neutral,flat_zero_range
2026-06-09T04:14:59,15m,HOLD,0.05,down,neutral,breakout_up_weak
2026-06-09T04:14:59,15m,HOLD,0.17,down,bearish,breakout_up_weak
2026-06-09T04:14:59,15m,HOLD,1.66,down,neutral,bearish_pressure
2026-06-09T04:14:59,15m,HOLD,0.04,down,neutral,breakout_up_weak
2026-06-09T04:29:59,15m,HOLD,0.19,down,bearish,breakout_down_weak
2026-06-09T04:29:59,15m,HOLD,6.96,down,bearish,breakout_down_strong
2026-06-09T04:29:59,15m,HOLD,0.1,down,bearish,breakout_down_weak
2026-06-09T04:29:59,15m,HOLD,0.25,down,neutral,flat_zero_range
2026-06-09T04:29:59,15m,HOLD,0.14,down,neutral,trend_continuation_down
2026-06-09T04:29:59,15m,HOLD,0.12,range,neutral,exhaustion_up
2026-06-09T04:29:59,15m,HOLD,1.22,down,bearish,flat_zero_range
2026-06-09T04:29:59,15m,HOLD,0.03,down,neutral,trend_continuation_down
2026-06-09T04:29:59,15m,HOLD,0.08,down,neutral,breakout_down_strong
2026-06-09T04:29:59,15m,HOLD,0.36,down,neutral,exhaustion_up
2026-06-09T04:29:59,15m,HOLD,0.01,down,bearish,breakout_down_strong
2026-06-09T04:29:59,15m,HOLD,0.21,down,bearish,breakout_down_weak
2026-06-09T04:29:59,15m,HOLD,0.02,down,bearish,flat_zero_range
2026-06-09T04:29:59,15m,HOLD,0.08,down,neutral,trend_continuation_up
2026-06-09T04:29:59,15m,HOLD,2.06,down,bearish,breakout_down_strong
2026-06-09T04:29:59,15m,HOLD,0.06,down,bearish,breakout_down_strong
2026-06-09T04:29:59,15m,HOLD,0.3,down,bearish,breakout_down_strong
2026-06-09T04:29:59,15m,HOLD,1.0,range,bullish,breakout_up_weak
2026-06-09T04:29:59,15m,HOLD,36.59,down,bearish,inside_bearish_weak
2026-06-09T04:29:59,15m,HOLD,0.06,down,bearish,breakout_down_weak
2026-06-09T04:29:59,15m,HOLD,0.01,down,bearish,breakout_down_strong
2026-06-09T04:29:59,15m,HOLD,0.24,down,bearish,breakout_down_strong
2026-06-09T04:29:59,15m,HOLD,0.13,down,neutral,trend_continuation_down
2026-06-09T04:29:59,15m,HOLD,213.3,down,neutral,inside_bar
2026-06-09T04:29:59,15m,HOLD,0.04,down,bearish,breakout_down_strong
2026-06-09T04:29:59,15m,HOLD,0.05,down,neutral,flat_zero_range
2026-06-09T04:29:59,15m,HOLD,0.62,down,neutral,inside_bar
2026-06-09T04:29:59,15m,HOLD,0.05,down,bearish,breakout_down_strong
2026-06-09T04:29:59,15m,HOLD,7.87,down,bearish,breakout_down_strong
2026-06-09T04:29:59,15m,HOLD,0.0,down,neutral,flat_zero_range
2026-06-09T04:29:59,15m,HOLD,0.03,down,neutral,breakout_down_strong
2026-06-09T04:29:59,15m,HOLD,0.01,down,neutral,breakout_down_strong
2026-06-09T04:29:59,15m,HOLD,0.05,down,bearish,breakout_down_strong
2026-06-09T04:29:59,15m,HOLD,4322.75,range,neutral,trend_continuation_down
2026-06-09T04:29:59,15m,HOLD,0.35,down,bullish,breakout_down_strong
2026-06-09T04:29:59,15m,HOLD,1.25,down,bearish,breakout_down_strong
2026-06-09T04:29:59,15m,HOLD,0.0,down,bearish,breakout_down_strong
2026-06-09T04:29:59,15m,HOLD,0.07,down,bearish,trend_continuation_down
2026-06-09T04:29:59,15m,HOLD,0.01,down,bearish,breakout_down_weak
2026-06-09T04:29:59,15m,HOLD,0.02,down,bearish,breakout_down_strong
2026-06-09T04:29:59,15m,HOLD,0.08,down,bearish,exhaustion_up
2026-06-09T04:29:59,15m,HOLD,0.02,down,bearish,breakout_up_strong
2026-06-09T04:29:59,15m,HOLD,0.09,down,neutral,breakout_down_weak
2026-06-09T04:29:59,15m,HOLD,0.01,up,bearish,breakout_down_strong
2026-06-09T04:29:59,15m,HOLD,1.6,down,neutral,breakout_down_weak
2026-06-09T04:29:59,15m,HOLD,0.29,down,bearish,breakout_down_strong
2026-06-09T04:29:59,15m,HOLD,0.08,up,bullish,breakout_up_strong
2026-06-09T04:29:59,15m,HOLD,0.01,down,bearish,breakout_down_strong
2026-06-09T04:29:59,15m,HOLD,0.01,down,neutral,flat_zero_range
2026-06-09T04:29:59,15m,HOLD,0.0,down,bearish,flat_zero_range
2026-06-09T04:29:59,15m,HOLD,0.0,down,bearish,flat_zero_range
2026-06-09T04:29:59,15m,HOLD,0.35,down,bearish,breakout_down_strong
2026-06-09T04:29:59,15m,HOLD,0.0,down,neutral,flat_zero_range
2026-06-09T04:29:59,15m,HOLD,0.01,down,bearish,breakout_down_strong
2026-06-09T04:29:59,15m,HOLD,0.05,down,bearish,breakout_down_weak
2026-06-09T04:29:59,15m,HOLD,62793.65,down,bearish,breakout_down_strong
2026-06-09T04:29:59,15m,HOLD,0.09,down,neutral,breakout_down_strong
2026-06-09T04:29:59,15m,HOLD,0.05,down,bearish,breakout_down_strong
2026-06-09T04:29:59,15m,HOLD,0.1,down,neutral,flat_zero_range
2026-06-09T04:29:59,15m,HOLD,0.01,down,neutral,trend_continuation_up
2026-06-09T04:29:59,15m,HOLD,0.04,down,bearish,exhaustion_up
2026-06-09T04:29:59,15m,HOLD,0.31,down,neutral,breakout_down_strong
2026-06-09T04:29:59,15m,HOLD,1.12,down,bearish,breakout_down_strong
2026-06-09T04:29:59,15m,HOLD,0.41,down,bearish,inside_bar
2026-06-09T04:29:59,15m,HOLD,0.01,up,bullish,breakout_up_strong
2026-06-09T04:29:59,15m,HOLD,0.12,down,bearish,breakout_down_strong
2026-06-09T04:29:59,15m,HOLD,0.04,down,bearish,flat_zero_range
2026-06-09T04:29:59,15m,HOLD,2.49,down,neutral,breakout_down_strong
2026-06-09T04:29:59,15m,HOLD,5.5,down,neutral,breakout_down_weak
2026-06-09T04:29:59,15m,HOLD,0.08,down,neutral,breakout_down_weak
2026-06-09T04:29:59,15m,HOLD,0.13,down,neutral,breakout_down_strong
2026-06-09T04:29:59,15m,HOLD,0.86,down,bearish,breakout_down_strong
2026-06-09T04:29:59,15m,HOLD,0.08,range,bullish,exhaustion_up
2026-06-09T04:29:59,15m,HOLD,0.26,down,bearish,breakout_down_strong
2026-06-09T04:29:59,15m,HOLD,0.07,down,neutral,breakout_down_strong
2026-06-09T04:29:59,15m,HOLD,0.07,down,bearish,breakout_down_strong
2026-06-09T04:29:59,15m,HOLD,0.08,down,neutral,inside_bar
2026-06-09T04:29:59,15m,HOLD,0.23,down,bearish,breakout_down_strong
2026-06-09T04:29:59,15m,HOLD,0.01,down,bearish,breakout_down_strong
2026-06-09T04:29:59,15m,HOLD,0.0,down,bearish,breakout_down_strong
2026-06-09T04:29:59,15m,HOLD,0.05,down,neutral,breakout_down_weak
2026-06-09T04:29:59,15m,HOLD,5.68,down,neutral,inside_bar
2026-06-09T04:29:59,15m,HOLD,0.0,down,bearish,exhaustion_down
2026-06-09T04:29:59,15m,HOLD,0.2,down,neutral,breakout_down_strong
2026-06-09T04:29:59,15m,HOLD,0.04,down,neutral,flat_zero_range
2026-06-09T04:29:59,15m,HOLD,0.02,down,neutral,breakout_down_strong
2026-06-09T04:29:59,15m,HOLD,0.06,down,bearish,trend_continuation_down
2026-06-09T04:29:59,15m,HOLD,0.04,down,neutral,breakout_down_weak
2026-06-09T04:29:59,15m,HOLD,0.03,range,bearish,breakout_down_strong
2026-06-09T04:29:59,15m,HOLD,444.31,range,bearish,breakout_down_weak
2026-06-09T04:29:59,15m,HOLD,66.98,down,neutral,breakout_up_strong
2026-06-09T04:29:59,15m,HOLD,0.0,up,bullish,breakout_down_weak
2026-06-09T04:29:59,15m,HOLD,1.32,range,bullish,flat_zero_range
2026-06-09T04:29:59,15m,HOLD,0.0,down,neutral,flat_zero_range
2026-06-09T04:29:59,15m,HOLD,0.06,down,bearish,inside_bar
2026-06-09T04:29:59,15m,HOLD,597.29,down,bearish,breakout_down_weak
2026-06-09T04:29:59,15m,HOLD,0.59,down,neutral,flat_zero_range
2026-06-09T04:29:59,15m,HOLD,1.74,down,bearish,breakout_down_strong
2026-06-09T04:29:59,15m,HOLD,0.06,down,bearish,inside_bar
2026-06-09T04:29:59,15m,HOLD,0.18,down,bearish,breakout_down_weak
2026-06-09T04:29:59,15m,HOLD,0.19,down,neutral,flat_zero_range
2026-06-09T04:29:59,15m,HOLD,28.98,down,bearish,breakout_down_strong
2026-06-09T04:29:59,15m,HOLD,0.16,down,neutral,breakout_down_weak
2026-06-09T04:29:59,15m,HOLD,0.03,down,bearish,exhaustion_down
2026-06-09T04:29:59,15m,HOLD,0.03,down,neutral,flat_zero_range
2026-06-09T04:29:59,15m,HOLD,2.52,down,neutral,flat_zero_range
2026-06-09T04:29:59,15m,HOLD,0.84,down,neutral,inside_bearish_weak
2026-06-09T04:29:59,15m,HOLD,0.02,down,bearish,breakout_down_strong
2026-06-09T04:29:59,15m,HOLD,0.02,down,bearish,breakout_down_strong
2026-06-09T04:29:59,15m,HOLD,0.06,down,bearish,inside_bar
2026-06-09T04:29:59,15m,HOLD,0.0,down,bearish,flat_zero_range
2026-06-09T04:29:59,15m,HOLD,61.78,down,bearish,breakout_down_strong
2026-06-09T04:29:59,15m,HOLD,0.0,down,neutral,breakout_up_strong
2026-06-09T04:29:59,15m,HOLD,0.02,down,neutral,flat_zero_range
2026-06-09T04:29:59,15m,HOLD,0.0,down,neutral,flat_zero_range
2026-06-09T04:29:59,15m,HOLD,0.02,down,bearish,breakout_down_strong
2026-06-09T04:29:59,15m,HOLD,0.0,down,bearish,breakout_down_strong
2026-06-09T04:29:59,15m,HOLD,0.03,down,neutral,flat_zero_range
2026-06-09T04:29:59,15m,HOLD,0.0,down,neutral,breakout_down_strong
2026-06-09T04:29:59,15m,HOLD,0.75,down,bearish,breakout_down_strong
2026-06-09T04:29:59,15m,HOLD,0.16,down,neutral,breakout_down_weak
2026-06-09T04:29:59,15m,HOLD,0.1,down,bearish,breakout_down_weak
2026-06-09T04:29:59,15m,HOLD,0.65,down,neutral,breakout_down_strong
2026-06-09T04:29:59,15m,HOLD,0.72,down,neutral,breakout_down_strong
2026-06-09T04:29:59,15m,HOLD,0.09,down,neutral,breakout_down_strong
2026-06-09T04:29:59,15m,HOLD,0.16,down,neutral,breakout_down_strong
2026-06-09T04:29:59,15m,HOLD,0.08,down,neutral,breakout_down_strong
2026-06-09T04:29:59,15m,HOLD,0.0,down,bearish,flat_zero_range
2026-06-09T04:29:59,15m,HOLD,0.07,down,bearish,breakout_down_strong
2026-06-09T04:29:59,15m,HOLD,0.12,down,neutral,breakout_down_weak
2026-06-09T04:29:59,15m,HOLD,0.1,down,bearish,breakout_down_strong
2026-06-09T04:29:59,15m,HOLD,0.33,down,bearish,indecision
2026-06-09T04:29:59,15m,HOLD,0.76,down,neutral,breakout_down_strong
2026-06-09T04:29:59,15m,HOLD,0.05,down,bearish,breakout_down_strong
2026-06-09T04:29:59,15m,HOLD,0.0,down,neutral,trend_continuation_down
2026-06-09T04:29:59,15m,HOLD,0.05,down,neutral,flat_zero_range
2026-06-09T04:29:59,15m,HOLD,0.17,down,bearish,breakout_down_strong
2026-06-09T04:29:59,15m,HOLD,1.65,down,bearish,breakout_down_strong
2026-06-09T04:29:59,15m,HOLD,0.04,down,bearish,breakout_down_strong
2026-06-09T04:59:59,15m,HOLD,1.14,down,neutral,breakout_down_weak
2026-06-09T04:59:59,15m,HOLD,0.02,down,neutral,inside_bar
2026-06-09T04:59:59,15m,HOLD,0.07,down,neutral,breakout_down_strong
2026-06-09T04:59:59,15m,HOLD,0.04,down,neutral,inside_bar
2026-06-09T04:59:59,15m,HOLD,0.13,down,neutral,breakout_down_strong
2026-06-09T04:59:59,15m,HOLD,0.59,down,neutral,breakout_down_strong
2026-06-09T04:59:59,15m,HOLD,0.04,down,neutral,inside_bar
2026-06-09T04:59:59,15m,HOLD,0.87,down,bullish,inside_bearish_weak
2026-06-09T04:59:59,15m,HOLD,0.0,down,neutral,flat_zero_range
2026-06-09T04:59:59,15m,HOLD,29.44,down,neutral,inside_bar
2026-06-09T04:59:59,15m,HOLD,0.05,down,neutral,breakout_down_strong
2026-06-09T04:59:59,15m,HOLD,0.0,down,neutral,flat_zero_range
2026-06-09T04:59:59,15m,HOLD,0.26,down,neutral,breakout_down_strong
2026-06-09T04:59:59,15m,HOLD,0.3,down,neutral,flat_zero_range
2026-06-09T04:59:59,15m,HOLD,0.08,down,bearish,breakout_down_strong
2026-06-09T04:59:59,15m,SHORT,0.71,down,neutral,inside_bar
2026-06-09T04:59:59,15m,HOLD,0.2,down,neutral,inside_bar
2026-06-09T04:59:59,15m,HOLD,0.06,down,neutral,inside_bar
2026-06-09T04:59:59,15m,HOLD,0.27,down,neutral,breakout_down_strong
2026-06-09T04:59:59,15m,HOLD,0.04,down,neutral,breakout_down_weak
2026-06-09T04:59:59,15m,HOLD,0.08,down,neutral,inside_bar
2026-06-09T04:59:59,15m,HOLD,0.01,down,neutral,inside_bar
2026-06-09T04:59:59,15m,HOLD,0.18,down,neutral,breakout_down_strong
2026-06-09T04:59:59,15m,HOLD,0.0,down,neutral,breakout_down_strong
2026-06-09T04:59:59,15m,HOLD,5.56,down,neutral,inside_bar
2026-06-09T04:59:59,15m,HOLD,1.25,down,neutral,flat_zero_range
2026-06-09T04:59:59,15m,HOLD,0.09,down,bearish,breakout_down_strong
2026-06-09T04:59:59,15m,HOLD,0.1,down,neutral,bearish_pressure
2026-06-09T04:59:59,15m,HOLD,0.0,down,neutral,breakout_up_strong
2026-06-09T04:59:59,15m,HOLD,0.13,down,bullish,breakout_up_weak
2026-06-09T04:59:59,15m,HOLD,215.8,down,neutral,breakout_down_strong
2026-06-09T04:59:59,15m,HOLD,0.23,down,neutral,inside_bar
2026-06-09T04:59:59,15m,HOLD,0.06,down,neutral,inside_bullish_weak
2026-06-09T04:59:59,15m,HOLD,0.0,down,neutral,breakout_down_strong
2026-06-09T04:59:59,15m,HOLD,0.19,down,neutral,inside_bullish_weak
2026-06-09T04:59:59,15m,HOLD,0.1,down,neutral,breakout_down_strong
2026-06-09T04:59:59,15m,HOLD,0.17,down,neutral,inside_bar
2026-06-09T04:59:59,15m,HOLD,0.01,down,neutral,inside_bar
2026-06-09T04:59:59,15m,HOLD,7.04,down,neutral,bearish_pressure
2026-06-09T04:59:59,15m,HOLD,0.66,down,neutral,inside_bearish_weak
2026-06-09T04:59:59,15m,HOLD,0.08,down,neutral,inside_bearish_weak
2026-06-09T04:59:59,15m,HOLD,0.02,down,neutral,breakout_down_weak
2026-06-09T04:59:59,15m,HOLD,0.36,down,neutral,flat_zero_range
2026-06-09T04:59:59,15m,HOLD,37.04,down,bullish,inside_bar
2026-06-09T04:59:59,15m,HOLD,0.02,down,neutral,exhaustion_up
2026-06-09T04:59:59,15m,HOLD,7.97,down,neutral,inside_bar
2026-06-09T04:59:59,15m,HOLD,0.1,down,neutral,inside_bar
2026-06-09T04:59:59,15m,HOLD,0.03,down,bullish,inside_bar
2026-06-09T04:59:59,15m,HOLD,0.08,down,neutral,inside_bearish_weak
2026-06-09T04:59:59,15m,HOLD,0.07,down,neutral,inside_bar
2026-06-09T04:59:59,15m,HOLD,2.1,down,neutral,inside_bar
2026-06-09T04:59:59,15m,HOLD,0.32,down,neutral,breakout_down_strong
2026-06-09T04:59:59,15m,HOLD,0.01,up,bullish,inside_bar
2026-06-09T04:59:59,15m,HOLD,67.44,down,bullish,breakout_down_strong
2026-06-09T04:59:59,15m,HOLD,0.0,down,neutral,flat_zero_range
2026-06-09T04:59:59,15m,HOLD,0.0,down,bullish,inside_bar
2026-06-09T04:59:59,15m,HOLD,0.0,down,neutral,flat_zero_range
2026-06-09T04:59:59,15m,HOLD,0.36,up,bullish,exhaustion_down
2026-06-09T04:59:59,15m,HOLD,0.29,down,neutral,trend_continuation_down
2026-06-09T04:59:59,15m,HOLD,0.06,down,neutral,inside_bar
2026-06-09T04:59:59,15m,HOLD,1.0,range,bullish,inside_bar
2026-06-09T04:59:59,15m,HOLD,0.77,down,neutral,inside_bar
2026-06-09T04:59:59,15m,HOLD,0.21,down,neutral,inside_bar
2026-06-09T04:59:59,15m,HOLD,0.42,down,neutral,inside_bearish_weak
2026-06-09T04:59:59,15m,HOLD,0.0,up,bullish,breakout_up_weak
2026-06-09T04:59:59,15m,HOLD,0.0,down,neutral,breakout_down_strong
2026-06-09T04:59:59,15m,HOLD,0.08,down,neutral,inside_bar
2026-06-09T04:59:59,15m,HOLD,0.01,down,neutral,inside_bar
2026-06-09T04:59:59,15m,HOLD,62.63,down,neutral,inside_bar
2026-06-09T04:59:59,15m,HOLD,0.14,down,neutral,inside_bar
2026-06-09T04:59:59,15m,HOLD,0.04,down,neutral,flat_zero_range
2026-06-09T04:59:59,15m,HOLD,2.55,down,neutral,flat_zero_range
2026-06-09T04:59:59,15m,HOLD,4323.89,range,bullish,breakout_up_strong
2026-06-09T04:59:59,15m,HOLD,602.4,down,neutral,inside_bar
2026-06-09T04:59:59,15m,HOLD,0.0,down,neutral,inside_bar
2026-06-09T04:59:59,15m,HOLD,0.33,down,neutral,inside_bar
2026-06-09T04:59:59,15m,HOLD,0.03,range,neutral,breakout_down_weak
2026-06-09T04:59:59,15m,HOLD,1.27,down,neutral,inside_bar
2026-06-09T04:59:59,15m,HOLD,0.05,down,neutral,breakout_down_strong
2026-06-09T04:59:59,15m,HOLD,0.0,down,neutral,flat_zero_range
2026-06-09T04:59:59,15m,HOLD,0.08,up,bullish,breakout_up_weak
2026-06-09T04:59:59,15m,HOLD,0.1,down,neutral,inside_bar
2026-06-09T04:59:59,15m,HOLD,0.17,down,neutral,flat_zero_range
2026-06-09T04:59:59,15m,HOLD,0.19,down,neutral,inside_bar
2026-06-09T04:59:59,15m,HOLD,0.06,down,neutral,inside_bar
2026-06-09T04:59:59,15m,HOLD,1.34,up,bullish,breakout_up_strong
2026-06-09T04:59:59,15m,HOLD,0.08,up,bullish,indecision
2026-06-09T04:59:59,15m,HOLD,0.02,down,neutral,flat_zero_range
2026-06-09T04:59:59,15m,HOLD,0.01,down,neutral,inside_bar
2026-06-09T04:59:59,15m,HOLD,0.03,down,neutral,breakout_down_weak
2026-06-09T04:59:59,15m,HOLD,0.01,down,bearish,breakout_down_strong
2026-06-09T04:59:59,15m,HOLD,0.08,down,neutral,breakout_up_weak
2026-06-09T04:59:59,15m,HOLD,0.1,down,neutral,inside_bar
2026-06-09T04:59:59,15m,HOLD,0.03,down,neutral,flat_zero_range
2026-06-09T04:59:59,15m,HOLD,0.01,down,neutral,breakout_down_strong
2026-06-09T04:59:59,15m,HOLD,0.02,down,bearish,breakout_up_weak
2026-06-09T04:59:59,15m,HOLD,0.16,down,neutral,inside_bar
2026-06-09T04:59:59,15m,HOLD,0.0,down,neutral,flat_zero_range
2026-06-09T04:59:59,15m,HOLD,0.0,down,neutral,flat_zero_range
2026-06-09T04:59:59,15m,HOLD,0.87,down,neutral,inside_bar
2026-06-09T04:59:59,15m,HOLD,1.76,down,neutral,breakout_up_strong
2026-06-09T04:59:59,15m,HOLD,0.16,down,neutral,inside_bar
2026-06-09T04:59:59,15m,HOLD,0.06,down,neutral,breakout_down_strong
2026-06-09T04:59:59,15m,HOLD,0.01,down,neutral,breakout_down_strong
2026-06-09T04:59:59,15m,HOLD,0.05,down,neutral,inside_bar
2026-06-09T04:59:59,15m,HOLD,0.76,down,neutral,inside_bar
2026-06-09T04:59:59,15m,HOLD,0.05,down,neutral,flat_zero_range
2026-06-09T04:59:59,15m,HOLD,2.51,down,neutral,breakout_down_strong
2026-06-09T04:59:59,15m,HOLD,0.0,down,neutral,breakout_down_strong
2026-06-09T04:59:59,15m,HOLD,0.02,down,neutral,breakout_down_strong
2026-06-09T04:59:59,15m,HOLD,450.1,range,neutral,inside_bearish_weak
2026-06-09T04:59:59,15m,HOLD,0.0,down,neutral,inside_bar
2026-06-09T04:59:59,15m,HOLD,0.05,down,neutral,inside_bar
2026-06-09T04:59:59,15m,HOLD,0.07,down,neutral,inside_bar
2026-06-09T04:59:59,15m,HOLD,0.02,down,neutral,trend_continuation_up
2026-06-09T04:59:59,15m,HOLD,63242.36,down,neutral,breakout_down_strong
2026-06-09T04:59:59,15m,HOLD,0.06,down,bearish,breakout_down_strong
2026-06-09T04:59:59,15m,HOLD,0.01,down,neutral,breakout_down_strong
2026-06-09T04:59:59,15m,HOLD,0.36,down,neutral,breakout_down_strong
2026-06-09T04:59:59,15m,HOLD,1.68,down,neutral,inside_bar
2026-06-09T04:59:59,15m,HOLD,0.12,down,neutral,inside_bar
2026-06-09T04:59:59,15m,HOLD,0.05,down,bullish,breakout_up_weak
2026-06-09T04:59:59,15m,HOLD,0.05,down,neutral,inside_bar
2026-06-09T04:59:59,15m,HOLD,0.03,down,neutral,bearish_pressure
2026-06-09T04:59:59,15m,HOLD,0.02,down,neutral,inside_bar
2026-06-09T04:59:59,15m,HOLD,0.03,down,neutral,flat_zero_range
2026-06-09T04:59:59,15m,HOLD,0.12,down,neutral,inside_bar
2026-06-09T04:59:59,15m,HOLD,0.02,down,neutral,inside_bar
2026-06-09T04:59:59,15m,HOLD,0.07,down,neutral,inside_bar
2026-06-09T04:59:59,15m,HOLD,0.04,down,bearish,breakout_down_strong
2026-06-09T04:59:59,15m,HOLD,1.63,down,neutral,inside_bar
2026-06-09T04:59:59,15m,HOLD,0.04,down,neutral,inside_bar
2026-06-09T04:59:59,15m,HOLD,0.05,down,neutral,inside_bar
2026-06-09T04:59:59,15m,HOLD,0.01,up,bullish,breakout_up_strong
2026-06-09T04:59:59,15m,HOLD,0.12,up,neutral,flat_zero_range
2026-06-09T04:59:59,15m,HOLD,0.63,down,neutral,bearish_pressure
2026-06-09T04:59:59,15m,HOLD,5.72,down,bullish,breakout_down_strong
2026-06-09T04:59:59,15m,HOLD,0.1,down,neutral,breakout_down_strong
2026-06-09T04:59:59,15m,HOLD,0.24,down,neutral,breakout_down_strong
2026-06-09T15:59:59,15m,HOLD,0.08,down,bearish,breakout_down_weak
2026-06-09T15:59:59,15m,HOLD,0.02,down,neutral,breakout_down_weak
2026-06-09T15:59:59,15m,HOLD,0.13,down,bearish,breakout_down_strong
2026-06-09T15:59:59,15m,HOLD,0.83,down,bearish,exhaustion_down
2026-06-09T15:59:59,15m,HOLD,0.25,down,bearish,breakout_down_strong
2026-06-09T15:59:59,15m,HOLD,0.3,down,bearish,inside_bar
2026-06-09T15:59:59,15m,HOLD,0.06,down,bearish,trend_continuation_down
2026-06-09T15:59:59,15m,HOLD,0.26,down,bearish,breakout_down_weak
2026-06-09T15:59:59,15m,HOLD,0.0,down,bearish,breakout_down_strong
2026-06-09T15:59:59,15m,HOLD,0.0,down,bearish,exhaustion_down
2026-06-09T15:59:59,15m,HOLD,0.0,down,bearish,breakout_down_strong
2026-06-09T15:59:59,15m,HOLD,0.19,down,bearish,breakout_down_strong
2026-06-09T15:59:59,15m,HOLD,0.02,down,bearish,breakout_down_strong
2026-06-09T15:59:59,15m,HOLD,0.34,down,bearish,breakout_down_strong
2026-06-09T15:59:59,15m,HOLD,0.02,down,bearish,flat_zero_range
2026-06-09T15:59:59,15m,HOLD,0.09,down,bearish,inside_bar
2026-06-09T15:59:59,15m,HOLD,0.03,down,bearish,breakout_down_strong
2026-06-09T15:59:59,15m,HOLD,0.01,down,bearish,inside_bar
2026-06-09T15:59:59,15m,HOLD,0.37,up,bullish,exhaustion_down
2026-06-09T15:59:59,15m,HOLD,0.0,down,bearish,flat_zero_range
2026-06-09T15:59:59,15m,HOLD,0.0,up,bullish,bearish_pressure
2026-06-09T15:59:59,15m,HOLD,0.0,down,bearish,inside_bearish_weak
2026-06-09T15:59:59,15m,HOLD,0.01,down,bearish,breakout_down_weak
2026-06-09T15:59:59,15m,HOLD,0.14,down,neutral,inside_bar
2026-06-09T15:59:59,15m,HOLD,0.04,down,bearish,exhaustion_down
2026-06-09T15:59:59,15m,HOLD,0.08,up,bullish,indecision
2026-06-09T15:59:59,15m,HOLD,1.29,up,neutral,breakout_down_weak
2026-06-09T15:59:59,15m,HOLD,0.08,up,neutral,inside_bearish_weak
2026-06-09T15:59:59,15m,HOLD,0.02,down,bearish,flat_zero_range
2026-06-09T15:59:59,15m,HOLD,0.01,down,neutral,exhaustion_up
2026-06-09T15:59:59,15m,HOLD,0.05,down,bearish,breakout_down_weak
2026-06-09T15:59:59,15m,HOLD,0.0,down,bearish,breakout_down_weak
2026-06-09T15:59:59,15m,HOLD,0.02,down,bearish,breakout_down_strong
2026-06-09T15:59:59,15m,HOLD,0.06,down,bearish,trend_continuation_down
2026-06-09T15:59:59,15m,HOLD,1.63,down,bearish,breakout_down_weak
2026-06-09T15:59:59,15m,HOLD,0.12,down,bearish,breakout_down_strong
2026-06-09T15:59:59,15m,HOLD,0.03,down,bearish,breakout_down_weak
2026-06-09T15:59:59,15m,HOLD,0.02,down,neutral,trend_continuation_down
2026-06-09T15:59:59,15m,HOLD,0.04,down,bearish,breakout_down_strong
2026-06-09T15:59:59,15m,HOLD,0.61,down,bearish,breakout_down_weak
2026-06-09T15:59:59,15m,HOLD,5.49,down,bearish,breakout_down_strong
2026-06-09T16:14:59,15m,HOLD,1.1,down,bearish,flat_zero_range
2026-06-09T16:14:59,15m,HOLD,0.07,down,neutral,breakout_down_weak
2026-06-09T16:14:59,15m,HOLD,0.04,down,bearish,breakout_down_weak
2026-06-09T16:14:59,15m,HOLD,0.56,down,bearish,inside_bar
2026-06-09T16:14:59,15m,HOLD,0.82,down,bearish,breakout_down_strong
2026-06-09T16:14:59,15m,HOLD,0.05,down,bearish,exhaustion_up
2026-06-09T16:14:59,15m,HOLD,0.0,down,bearish,bullish_pressure
2026-06-09T16:14:59,15m,HOLD,0.3,down,bearish,inside_bar
2026-06-09T16:14:59,15m,HOLD,0.09,down,neutral,exhaustion_up
2026-06-09T16:14:59,15m,HOLD,0.69,down,bearish,breakout_down_weak
2026-06-09T16:14:59,15m,HOLD,0.06,down,bearish,breakout_down_weak
2026-06-09T16:14:59,15m,HOLD,0.04,down,bullish,breakout_down_weak
2026-06-09T16:14:59,15m,HOLD,0.01,down,bearish,inside_bar
2026-06-09T16:14:59,15m,HOLD,5.51,down,bearish,inside_bullish_weak
2026-06-09T16:14:59,15m,HOLD,1.2,down,bearish,breakout_down_weak
2026-06-09T16:14:59,15m,HOLD,0.09,down,bearish,breakout_down_strong
2026-06-09T16:14:59,15m,HOLD,0.23,down,bearish,inside_bar
2026-06-09T16:14:59,15m,HOLD,0.19,down,bearish,breakout_up_weak
2026-06-09T16:14:59,15m,HOLD,0.1,down,bearish,breakout_down_weak
2026-06-09T16:14:59,15m,HOLD,6.9,down,bearish,inside_bar
2026-06-09T16:14:59,15m,HOLD,0.03,down,bearish,trend_continuation_down
2026-06-09T16:14:59,15m,HOLD,0.08,down,bearish,inside_bar
2026-06-09T16:14:59,15m,HOLD,0.07,down,bearish,trend_continuation_down
2026-06-09T16:14:59,15m,HOLD,2.06,down,bearish,inside_bar
2026-06-09T16:14:59,15m,HOLD,0.0,down,bearish,breakout_down_weak
2026-06-09T16:14:59,15m,HOLD,64.75,down,bearish,breakout_up_weak
2026-06-09T16:14:59,15m,HOLD,0.28,down,bearish,flat_zero_range
2026-06-09T16:14:59,15m,HOLD,0.06,down,bearish,exhaustion_up
2026-06-09T16:14:59,15m,HOLD,1.0,range,bullish,breakout_up_weak
2026-06-09T16:14:59,15m,HOLD,0.75,down,bearish,breakout_down_weak
2026-06-09T16:14:59,15m,HOLD,0.42,down,neutral,breakout_up_strong
2026-06-09T16:14:59,15m,HOLD,0.0,up,neutral,breakout_down_strong
2026-06-09T16:14:59,15m,HOLD,0.08,down,bearish,inside_bar
2026-06-09T16:14:59,15m,HOLD,60.14,down,bearish,inside_bar
2026-06-09T16:14:59,15m,HOLD,0.14,down,neutral,inside_bar
2026-06-09T16:14:59,15m,HOLD,0.0,down,bearish,breakout_down_weak
2026-06-09T16:14:59,15m,HOLD,0.32,down,bearish,inside_bar
2026-06-09T16:14:59,15m,HOLD,0.05,down,bearish,inside_bar
2026-06-09T16:14:59,15m,HOLD,0.0,down,bearish,flat_zero_range
2026-06-09T16:14:59,15m,HOLD,0.1,down,bearish,breakout_down_weak
2026-06-09T16:14:59,15m,HOLD,0.16,down,bearish,breakout_down_strong
2026-06-09T16:14:59,15m,HOLD,1.28,range,neutral,indecision
2026-06-09T16:14:59,15m,HOLD,0.03,range,bullish,breakout_up_weak
2026-06-09T16:14:59,15m,HOLD,0.09,down,bearish,breakout_down_strong
2026-06-09T16:14:59,15m,HOLD,0.03,down,bearish,breakout_down_weak
2026-06-09T16:14:59,15m,HOLD,0.01,down,bearish,breakout_down_strong
2026-06-09T16:14:59,15m,HOLD,0.15,down,bearish,inside_bar
2026-06-09T16:14:59,15m,HOLD,0.0,down,bearish,flat_zero_range
2026-06-09T16:14:59,15m,HOLD,0.85,down,bearish,breakout_down_strong
2026-06-09T16:14:59,15m,HOLD,0.15,down,bearish,breakout_down_weak
2026-06-09T16:14:59,15m,HOLD,0.05,down,bearish,inside_bar
2026-06-09T16:14:59,15m,HOLD,0.01,down,bearish,breakout_down_weak
2026-06-09T16:14:59,15m,HOLD,0.05,down,bearish,exhaustion_up
2026-06-09T16:14:59,15m,HOLD,0.73,down,bearish,bearish_pressure
2026-06-09T16:14:59,15m,HOLD,0.05,down,bearish,breakout_up_strong
2026-06-09T16:14:59,15m,HOLD,0.0,down,bearish,inside_bar
2026-06-09T16:14:59,15m,SHORT,430.8,down,bearish,breakout_down_weak
2026-06-09T16:14:59,15m,HOLD,0.0,down,bearish,breakout_down_strong
2026-06-09T16:14:59,15m,HOLD,0.07,down,bearish,inside_bar
2026-06-09T16:14:59,15m,HOLD,0.02,down,bearish,breakout_up_weak
2026-06-09T16:14:59,15m,HOLD,60996.99,down,bearish,breakout_down_weak
2026-06-09T16:14:59,15m,HOLD,0.01,down,neutral,breakout_down_weak
2026-06-09T16:14:59,15m,HOLD,0.12,down,bearish,inside_bar
2026-06-09T16:14:59,15m,HOLD,0.02,down,neutral,breakout_down_strong
2026-06-09T16:14:59,15m,HOLD,0.03,down,bearish,indecision
2026-06-09T16:14:59,15m,HOLD,0.03,down,bearish,breakout_down_weak
2026-06-09T16:14:59,15m,HOLD,1.58,down,bearish,breakout_down_weak
2026-06-09T16:14:59,15m,HOLD,0.04,down,bearish,breakout_down_weak
2026-06-09T16:14:59,15m,HOLD,0.02,up,bullish,breakout_up_strong
2026-06-09T16:14:59,15m,HOLD,0.12,range,bearish,breakout_down_weak
2026-06-09T16:14:59,15m,HOLD,5.49,down,bearish,inside_bar
2026-06-09T16:14:59,15m,HOLD,0.24,down,bearish,breakout_down_weak
2026-06-09T16:14:59,15m,HOLD,0.02,down,bullish,breakout_down_weak
2026-06-09T16:14:59,15m,HOLD,0.13,down,bearish,breakout_down_weak
2026-06-09T16:14:59,15m,HOLD,0.04,down,bearish,inside_bar
2026-06-09T16:14:59,15m,HOLD,0.0,down,bearish,breakout_down_strong
2026-06-09T16:14:59,15m,HOLD,28.11,down,bearish,indecision
2026-06-09T16:14:59,15m,HOLD,0.25,down,bearish,inside_bar
2026-06-09T16:14:59,15m,HOLD,0.19,down,bearish,breakout_down_weak
2026-06-09T16:14:59,15m,HOLD,0.26,down,bearish,inside_bearish_weak
2026-06-09T16:14:59,15m,HOLD,0.08,down,bearish,bearish_pressure
2026-06-09T16:14:59,15m,HOLD,0.18,down,bearish,breakout_down_strong
2026-06-09T16:14:59,15m,HOLD,0.0,down,bearish,inside_bar
2026-06-09T16:14:59,15m,HOLD,0.1,down,bearish,breakout_down_weak
2026-06-09T16:14:59,15m,HOLD,0.0,down,bearish,inside_bar
2026-06-09T16:14:59,15m,HOLD,0.13,down,bullish,breakout_down_weak
2026-06-09T16:14:59,15m,HOLD,208.0,down,bearish,inside_bar
2026-06-09T16:14:59,15m,HOLD,0.06,down,bullish,breakout_down_weak
2026-06-09T16:14:59,15m,HOLD,0.0,down,bearish,inside_bar
2026-06-09T16:14:59,15m,HOLD,0.16,down,bearish,breakout_down_strong
2026-06-09T16:14:59,15m,HOLD,0.02,range,bullish,inside_bar
2026-06-09T16:14:59,15m,HOLD,0.65,down,bearish,breakout_down_strong
2026-06-09T16:14:59,15m,HOLD,0.08,down,bearish,breakout_down_strong
2026-06-09T16:14:59,15m,HOLD,0.02,down,bearish,breakout_down_weak
2026-06-09T16:14:59,15m,HOLD,0.35,down,bearish,inside_bar
2026-06-09T16:14:59,15m,HOLD,35.49,down,bearish,breakout_down_strong
2026-06-09T16:14:59,15m,HOLD,0.02,down,bearish,inside_bar
2026-06-09T16:14:59,15m,HOLD,7.71,down,bearish,inside_bearish_weak
2026-06-09T16:14:59,15m,HOLD,0.09,down,bearish,breakout_down_strong
2026-06-09T16:14:59,15m,HOLD,0.31,down,bearish,inside_bar
2026-06-09T16:14:59,15m,HOLD,0.01,down,bearish,breakout_down_strong
2026-06-09T16:14:59,15m,HOLD,0.0,down,bearish,breakout_down_weak
2026-06-09T16:14:59,15m,HOLD,0.0,down,bearish,flat_zero_range
2026-06-09T16:14:59,15m,HOLD,0.37,up,bullish,inside_bar
2026-06-09T16:14:59,15m,HOLD,0.2,down,bearish,bearish_pressure
2026-06-09T16:14:59,15m,HOLD,0.0,down,bearish,breakout_down_strong
2026-06-09T16:14:59,15m,HOLD,0.01,down,bearish,inside_bar
2026-06-09T16:14:59,15m,HOLD,0.04,down,bearish,flat_zero_range
2026-06-09T16:14:59,15m,HOLD,2.48,down,bearish,inside_bar
2026-06-09T16:14:59,15m,HOLD,4255.54,range,bearish,breakout_down_strong
2026-06-09T16:14:59,15m,HOLD,585.62,down,bearish,breakout_down_weak
2026-06-09T16:14:59,15m,SHORT,0.03,down,bearish,breakout_down_weak
2026-06-09T16:14:59,15m,HOLD,1.22,down,bearish,inside_bar
2026-06-09T16:14:59,15m,HOLD,0.08,up,bullish,exhaustion_down
2026-06-09T16:14:59,15m,HOLD,0.18,down,bearish,breakout_down_weak
2026-06-09T16:14:59,15m,HOLD,0.05,down,bearish,inside_bar
2026-06-09T16:14:59,15m,HOLD,0.02,down,bearish,exhaustion_down
2026-06-09T16:14:59,15m,HOLD,0.08,up,neutral,breakout_down_weak
2026-06-09T16:14:59,15m,HOLD,0.01,down,bearish,breakout_down_strong
2026-06-09T16:14:59,15m,HOLD,0.01,down,neutral,inside_bearish_weak
2026-06-09T16:14:59,15m,HOLD,0.08,down,bearish,breakout_down_weak
2026-06-09T16:14:59,15m,HOLD,0.02,down,neutral,inside_bar
2026-06-09T16:14:59,15m,HOLD,0.0,down,bearish,inside_bar
2026-06-09T16:14:59,15m,HOLD,1.76,down,neutral,breakout_down_weak
2026-06-09T16:14:59,15m,HOLD,2.46,down,bearish,inside_bar
2026-06-09T16:14:59,15m,HOLD,0.02,down,bearish,inside_bar
2026-06-09T16:14:59,15m,HOLD,0.05,down,bearish,trend_continuation_up
2026-06-09T16:14:59,15m,HOLD,0.35,down,bearish,breakout_down_strong
2026-06-09T16:14:59,15m,HOLD,1.62,down,bearish,breakout_down_strong
2026-06-09T16:14:59,15m,HOLD,0.05,down,bullish,inside_bar
2026-06-09T16:14:59,15m,HOLD,0.03,down,bearish,breakout_down_weak
2026-06-09T16:14:59,15m,HOLD,0.05,down,bearish,inside_bar
2026-06-09T16:14:59,15m,HOLD,0.12,down,bearish,inside_bar
2026-06-09T16:14:59,15m,HOLD,0.02,down,bearish,breakout_down_weak
2026-06-09T16:14:59,15m,HOLD,0.06,down,bearish,breakout_down_strong
2026-06-09T16:14:59,15m,HOLD,0.05,down,bearish,inside_bar
2026-06-09T16:14:59,15m,HOLD,0.61,down,bearish,bullish_pressure
2026-06-09T16:14:59,15m,HOLD,0.1,down,bearish,inside_bar
2026-06-09T16:14:59,15m,HOLD,0.06,down,bearish,breakout_down_weak
2026-06-09T16:29:59,15m,HOLD,0.09,down,bearish,breakout_up_weak
2026-06-09T16:29:59,15m,HOLD,0.82,down,bearish,exhaustion_down
2026-06-09T16:29:59,15m,HOLD,0.06,down,bearish,breakout_up_weak
2026-06-09T16:29:59,15m,HOLD,0.19,down,bearish,exhaustion_down
2026-06-09T16:29:59,15m,HOLD,0.03,down,neutral,inside_bar
2026-06-09T16:29:59,15m,HOLD,2.1,down,neutral,inside_bar
2026-06-09T16:29:59,15m,HOLD,0.14,down,neutral,breakout_up_weak
2026-06-09T16:29:59,15m,SHORT,1.28,down,bearish,inside_bar
2026-06-09T16:29:59,15m,HOLD,0.05,down,bearish,breakout_up_weak
2026-06-09T16:29:59,15m,HOLD,0.05,down,bearish,breakout_up_weak
2026-06-09T16:29:59,15m,HOLD,0.02,down,bearish,trend_continuation_down
2026-06-09T16:29:59,15m,HOLD,61044.0,down,bearish,indecision
2026-06-09T16:29:59,15m,HOLD,0.06,down,bearish,inside_bar
2026-06-09T16:29:59,15m,HOLD,0.02,down,neutral,exhaustion_down
2026-06-09T16:29:59,15m,HOLD,0.03,down,bearish,breakout_up_weak
2026-06-09T16:29:59,15m,HOLD,0.04,down,bearish,inside_bar
2026-06-09T16:29:59,15m,HOLD,5.47,down,bearish,inside_bar
2026-06-09T16:29:59,15m,HOLD,0.02,down,bullish,inside_bar
2026-06-09T16:29:59,15m,HOLD,0.13,down,bearish,exhaustion_down
2026-06-09T16:29:59,15m,HOLD,0.0,down,bearish,inside_bar
2026-06-09T16:29:59,15m,HOLD,0.16,down,bearish,breakout_up_weak
2026-06-09T16:29:59,15m,HOLD,0.08,down,bearish,inside_bullish_weak
2026-06-09T16:29:59,15m,HOLD,0.34,down,bearish,breakout_up_strong
2026-06-09T16:29:59,15m,HOLD,0.02,down,bearish,exhaustion_up
2026-06-09T16:29:59,15m,HOLD,35.64,down,bearish,exhaustion_down
2026-06-09T16:29:59,15m,HOLD,0.01,down,bearish,inside_bar
2026-06-09T16:29:59,15m,HOLD,0.0,down,bearish,trend_continuation_down
2026-06-09T16:29:59,15m,HOLD,0.37,up,bullish,exhaustion_down
2026-06-09T16:29:59,15m,HOLD,0.01,down,bearish,inside_bar
2026-06-09T16:29:59,15m,HOLD,0.04,down,bearish,flat_zero_range
2026-06-09T16:29:59,15m,HOLD,587.06,down,bearish,breakout_up_weak
2026-06-09T16:29:59,15m,HOLD,0.08,up,bullish,breakout_up_strong
2026-06-09T16:29:59,15m,HOLD,0.02,down,bearish,flat_zero_range
2026-06-09T16:29:59,15m,HOLD,0.01,down,neutral,breakout_up_weak
2026-06-09T16:29:59,15m,HOLD,0.61,down,bearish,inside_bar
2026-06-09T16:29:59,15m,HOLD,0.04,down,bearish,inside_bar
2026-06-09T16:29:59,15m,HOLD,0.3,down,bearish,inside_bar
2026-06-09T16:29:59,15m,HOLD,1.19,down,bearish,bearish_pressure
2026-06-09T16:29:59,15m,HOLD,0.09,down,bearish,inside_bar
2026-06-09T16:29:59,15m,HOLD,0.0,up,neutral,inside_bar
2026-06-09T16:29:59,15m,HOLD,0.0,down,bearish,inside_bar
2026-06-09T16:29:59,15m,HOLD,0.16,down,bearish,breakout_up_strong
2026-06-09T16:29:59,15m,HOLD,0.0,down,bearish,trend_continuation_down
2026-06-09T16:29:59,15m,HOLD,0.85,down,bearish,inside_bar
2026-06-09T16:29:59,15m,HOLD,0.0,down,bearish,inside_bar
2026-06-09T16:29:59,15m,HOLD,0.12,down,bearish,breakout_up_weak
2026-06-09T16:29:59,15m,HOLD,28.06,down,bearish,inside_bar
2026-06-09T16:29:59,15m,HOLD,0.26,down,bearish,breakout_up_weak
2026-06-09T16:29:59,15m,HOLD,0.18,down,bearish,inside_bar
2026-06-09T16:29:59,15m,HOLD,0.1,down,bearish,exhaustion_down
2026-06-09T16:29:59,15m,HOLD,0.0,down,bearish,inside_bearish_weak
2026-06-09T16:29:59,15m,HOLD,0.02,down,bearish,bearish_pressure
2026-06-09T16:29:59,15m,HOLD,0.0,down,bearish,breakout_up_weak
2026-06-09T16:29:59,15m,HOLD,0.08,up,neutral,inside_bar
2026-06-09T16:29:59,15m,HOLD,0.1,down,bearish,trend_continuation_down
2026-06-09T16:44:59,15m,HOLD,1.09,down,bearish,trend_continuation_up
2026-06-09T16:44:59,15m,HOLD,0.07,down,neutral,trend_continuation_up
2026-06-09T16:44:59,15m,HOLD,0.04,down,bearish,trend_continuation_up
2026-06-09T16:44:59,15m,HOLD,0.56,down,bearish,trend_continuation_up
2026-06-09T16:44:59,15m,HOLD,0.83,down,bearish,breakout_up_strong
2026-06-09T16:44:59,15m,HOLD,0.05,down,bearish,trend_continuation_up
2026-06-09T16:44:59,15m,HOLD,0.0,down,bearish,inside_bar
2026-06-09T16:44:59,15m,HOLD,0.3,down,bearish,trend_continuation_up
2026-06-09T16:44:59,15m,HOLD,0.09,down,neutral,inside_bullish_weak
2026-06-09T16:44:59,15m,HOLD,0.69,down,bearish,inside_bullish_weak
2026-06-09T16:44:59,15m,HOLD,0.06,down,bearish,inside_bar
2026-06-09T16:44:59,15m,HOLD,0.04,down,bearish,trend_continuation_up
2026-06-09T16:44:59,15m,HOLD,0.01,down,bearish,trend_continuation_up
2026-06-09T16:44:59,15m,HOLD,5.46,down,bearish,trend_continuation_up
2026-06-09T16:44:59,15m,HOLD,1.19,down,bearish,trend_continuation_up
2026-06-09T16:44:59,15m,HOLD,0.09,down,bearish,exhaustion_down
2026-06-09T16:44:59,15m,HOLD,0.23,down,bearish,trend_continuation_up
2026-06-09T16:44:59,15m,HOLD,0.19,down,bearish,indecision
2026-06-09T16:44:59,15m,HOLD,0.1,down,bearish,inside_bar
2026-06-09T16:44:59,15m,HOLD,6.89,down,bearish,trend_continuation_up
2026-06-09T16:44:59,15m,HOLD,0.03,down,neutral,trend_continuation_up
2026-06-09T16:44:59,15m,HOLD,0.08,down,bearish,trend_continuation_up
2026-06-09T16:44:59,15m,HOLD,0.07,down,bearish,inside_bar
2026-06-09T16:44:59,15m,HOLD,2.09,down,neutral,inside_bar
2026-06-09T16:44:59,15m,HOLD,0.0,down,neutral,inside_bar
2026-06-09T16:44:59,15m,HOLD,64.86,down,bearish,inside_bar
2026-06-09T16:44:59,15m,HOLD,0.28,down,bearish,inside_bar
2026-06-09T16:44:59,15m,HOLD,0.06,down,bearish,inside_bar
2026-06-09T16:44:59,15m,HOLD,1.0,range,bullish,exhaustion_down
2026-06-09T16:44:59,15m,HOLD,0.75,down,bearish,inside_bar
2026-06-09T16:44:59,15m,HOLD,0.42,down,neutral,trend_continuation_up
2026-06-09T16:44:59,15m,HOLD,0.0,up,neutral,inside_bar
2026-06-09T16:44:59,15m,HOLD,0.08,down,bearish,inside_bar
2026-06-09T16:44:59,15m,HOLD,60.37,down,bearish,inside_bar
2026-06-09T16:44:59,15m,HOLD,0.14,down,neutral,inside_bar
2026-06-09T16:44:59,15m,HOLD,0.0,down,bearish,inside_bar
2026-06-09T16:44:59,15m,HOLD,0.32,down,bearish,inside_bar
2026-06-09T16:44:59,15m,HOLD,0.05,down,bearish,inside_bar
2026-06-09T16:44:59,15m,HOLD,0.0,down,bearish,inside_bar
2026-06-09T16:44:59,15m,HOLD,0.1,down,neutral,trend_continuation_up
2026-06-09T16:44:59,15m,HOLD,0.16,down,bearish,trend_continuation_up
2026-06-09T16:44:59,15m,HOLD,1.28,down,bearish,trend_continuation_up
2026-06-09T16:44:59,15m,LONG,0.03,up,bullish,inside_bar
2026-06-09T16:44:59,15m,HOLD,0.09,down,bearish,trend_continuation_up
2026-06-09T16:44:59,15m,HOLD,0.03,down,bearish,inside_bar
2026-06-09T16:44:59,15m,HOLD,0.01,down,bearish,inside_bar
2026-06-09T16:44:59,15m,HOLD,0.15,down,bearish,inside_bar
2026-06-09T16:44:59,15m,HOLD,0.0,down,bearish,inside_bar
2026-06-09T16:44:59,15m,HOLD,0.85,down,bearish,inside_bar
2026-06-09T16:44:59,15m,HOLD,0.15,down,bearish,inside_bar
2026-06-09T16:44:59,15m,HOLD,0.05,down,bearish,inside_bar
2026-06-09T16:44:59,15m,HOLD,0.01,down,bearish,trend_continuation_up
2026-06-09T16:44:59,15m,HOLD,0.05,down,bearish,trend_continuation_up
2026-06-09T16:44:59,15m,HOLD,0.74,down,bearish,trend_continuation_up
2026-06-09T16:44:59,15m,HOLD,0.05,down,bearish,inside_bar
2026-06-09T16:44:59,15m,HOLD,0.0,down,bearish,trend_continuation_up
2026-06-09T16:44:59,15m,HOLD,439.56,down,bearish,breakout_up_strong
2026-06-09T16:44:59,15m,HOLD,0.0,down,bearish,inside_bar
2026-06-09T16:44:59,15m,HOLD,0.07,down,bearish,trend_continuation_up
2026-06-09T16:44:59,15m,HOLD,0.02,down,bearish,inside_bar
2026-06-09T16:44:59,15m,HOLD,61246.01,down,bearish,trend_continuation_up
2026-06-09T16:44:59,15m,HOLD,0.01,down,bullish,trend_continuation_up
2026-06-09T16:44:59,15m,HOLD,0.12,down,bearish,trend_continuation_up
2026-06-09T16:44:59,15m,HOLD,0.02,down,neutral,inside_bar
2026-06-09T16:44:59,15m,HOLD,0.03,down,bearish,trend_continuation_up
2026-06-09T16:44:59,15m,HOLD,0.03,down,bearish,exhaustion_up
2026-06-09T16:44:59,15m,HOLD,1.59,down,bearish,trend_continuation_up
2026-06-09T16:44:59,15m,HOLD,0.04,down,bearish,inside_bar
2026-06-09T16:44:59,15m,HOLD,0.02,up,bullish,breakout_up_weak
2026-06-09T16:44:59,15m,HOLD,0.12,range,bearish,inside_bar
2026-06-09T16:44:59,15m,HOLD,5.44,down,bearish,flat_zero_range
2026-06-09T16:44:59,15m,HOLD,0.24,down,bearish,trend_continuation_up
2026-06-09T16:44:59,15m,HOLD,0.02,up,bullish,trend_continuation_up
2026-06-09T16:44:59,15m,HOLD,0.13,down,bearish,trend_continuation_up
2026-06-09T16:44:59,15m,HOLD,0.04,down,bearish,inside_bar
2026-06-09T16:44:59,15m,HOLD,0.0,down,bearish,bullish_pressure
2026-06-09T16:44:59,15m,HOLD,28.05,down,bearish,trend_continuation_up
2026-06-09T16:44:59,15m,HOLD,0.25,down,bearish,bullish_pressure
2026-06-09T16:44:59,15m,HOLD,0.19,down,bearish,breakout_up_strong
2026-06-09T16:44:59,15m,HOLD,0.26,down,bearish,trend_continuation_up
2026-06-09T16:44:59,15m,HOLD,0.08,down,bearish,trend_continuation_up
2026-06-09T16:44:59,15m,HOLD,0.18,down,neutral,trend_continuation_up
2026-06-09T16:44:59,15m,HOLD,0.0,down,bearish,inside_bar
2026-06-09T16:44:59,15m,HOLD,0.1,down,bearish,inside_bar
2026-06-09T16:44:59,15m,HOLD,0.0,down,bearish,inside_bar
2026-06-09T16:44:59,15m,HOLD,0.13,down,bullish,trend_continuation_up
2026-06-09T16:44:59,15m,HOLD,207.3,down,bearish,inside_bar
2026-06-09T16:44:59,15m,HOLD,0.06,range,bullish,exhaustion_down
2026-06-09T16:44:59,15m,HOLD,0.0,down,bearish,trend_continuation_up
2026-06-09T16:44:59,15m,HOLD,0.16,down,bearish,inside_bar
2026-06-09T16:44:59,15m,LONG,0.02,up,bullish,trend_continuation_up
2026-06-09T16:44:59,15m,HOLD,0.65,down,bearish,trend_continuation_up
2026-06-09T16:44:59,15m,HOLD,0.08,down,bearish,trend_continuation_up
2026-06-09T16:44:59,15m,HOLD,0.02,down,bearish,trend_continuation_up
2026-06-09T16:44:59,15m,HOLD,0.34,down,bearish,trend_continuation_up
2026-06-09T16:44:59,15m,HOLD,0.02,down,bearish,inside_bar
2026-06-09T16:44:59,15m,HOLD,35.63,down,bearish,trend_continuation_up
2026-06-09T16:44:59,15m,HOLD,7.72,down,bearish,trend_continuation_up
2026-06-09T16:44:59,15m,HOLD,0.09,down,bearish,inside_bar
2026-06-09T16:44:59,15m,HOLD,0.31,down,neutral,trend_continuation_up
2026-06-09T16:44:59,15m,HOLD,0.01,down,bearish,exhaustion_down
2026-06-09T16:44:59,15m,HOLD,0.0,down,bearish,inside_bar
2026-06-09T16:44:59,15m,HOLD,0.0,down,bearish,inside_bar
2026-06-09T16:44:59,15m,HOLD,0.37,up,bullish,inside_bar
2026-06-09T16:44:59,15m,HOLD,0.2,down,bearish,inside_bar
2026-06-09T16:44:59,15m,HOLD,0.0,down,bearish,trend_continuation_up
2026-06-09T16:44:59,15m,HOLD,0.01,down,bearish,trend_continuation_up
2026-06-09T16:44:59,15m,HOLD,0.04,down,bearish,trend_continuation_up
2026-06-09T16:44:59,15m,SHORT,4241.2,down,bearish,inside_bar
2026-06-09T16:44:59,15m,HOLD,2.48,down,bearish,trend_continuation_up
2026-06-09T16:44:59,15m,HOLD,587.16,down,bearish,trend_continuation_up
2026-06-09T16:44:59,15m,HOLD,0.03,down,bearish,breakout_up_strong
2026-06-09T16:44:59,15m,HOLD,1.22,down,bearish,trend_continuation_up
2026-06-09T16:44:59,15m,HOLD,0.08,up,bullish,exhaustion_down
2026-06-09T16:44:59,15m,HOLD,0.18,down,bearish,trend_continuation_up
2026-06-09T16:44:59,15m,HOLD,0.06,down,bearish,trend_continuation_up
2026-06-09T16:44:59,15m,HOLD,0.02,down,bearish,trend_continuation_up
2026-06-09T16:44:59,15m,HOLD,0.08,range,neutral,trend_continuation_up
2026-06-09T16:44:59,15m,HOLD,0.01,down,bearish,trend_continuation_up
2026-06-09T16:44:59,15m,HOLD,0.01,down,neutral,trend_continuation_up
2026-06-09T16:44:59,15m,HOLD,0.08,down,bearish,trend_continuation_up
2026-06-09T16:44:59,15m,HOLD,0.02,down,neutral,breakout_down_weak
2026-06-09T16:44:59,15m,HOLD,0.0,down,bearish,inside_bar
2026-06-09T16:44:59,15m,HOLD,1.74,down,bearish,inside_bar
2026-06-09T16:44:59,15m,HOLD,2.46,down,bearish,inside_bar
2026-06-09T16:44:59,15m,HOLD,0.02,down,bearish,trend_continuation_up
2026-06-09T16:44:59,15m,HOLD,0.05,down,bearish,trend_continuation_up
2026-06-09T16:44:59,15m,HOLD,0.35,down,bearish,inside_bar
2026-06-09T16:44:59,15m,HOLD,1.62,down,bearish,inside_bar
2026-06-09T16:44:59,15m,HOLD,0.05,range,bullish,trend_continuation_up
2026-06-09T16:44:59,15m,HOLD,0.05,down,bearish,inside_bar
2026-06-09T16:44:59,15m,HOLD,0.03,down,bearish,trend_continuation_up
2026-06-09T16:44:59,15m,HOLD,0.12,down,bearish,trend_continuation_up
2026-06-09T16:44:59,15m,HOLD,0.02,down,bearish,trend_continuation_up
2026-06-09T16:44:59,15m,HOLD,0.06,down,bearish,trend_continuation_up
2026-06-09T16:44:59,15m,HOLD,0.05,down,bearish,trend_continuation_up
2026-06-09T16:44:59,15m,HOLD,0.61,down,bearish,inside_bar
2026-06-09T16:44:59,15m,HOLD,0.1,down,bearish,trend_continuation_up
2026-06-09T16:44:59,15m,HOLD,0.06,down,bearish,inside_bar
2026-06-09T16:59:59,15m,HOLD,1.1,down,bearish,breakout_up_strong
2026-06-09T16:59:59,15m,HOLD,0.07,down,neutral,breakout_up_strong
2026-06-09T16:59:59,15m,HOLD,0.04,down,bearish,breakout_up_strong
2026-06-09T16:59:59,15m,HOLD,0.56,down,bearish,breakout_up_strong
2026-06-09T16:59:59,15m,HOLD,0.84,down,neutral,breakout_up_strong
2026-06-09T16:59:59,15m,HOLD,0.05,down,bearish,breakout_up_strong
2026-06-09T16:59:59,15m,HOLD,0.0,down,bearish,inside_bar
2026-06-09T16:59:59,15m,HOLD,0.3,down,bearish,breakout_up_strong
2026-06-09T16:59:59,15m,HOLD,0.7,down,bearish,breakout_up_weak
2026-06-09T16:59:59,15m,HOLD,0.09,down,bearish,breakout_down_strong
2026-06-09T16:59:59,15m,HOLD,0.06,down,bearish,inside_bar
2026-06-09T16:59:59,15m,HOLD,0.04,down,bearish,breakout_up_strong
2026-06-09T16:59:59,15m,HOLD,0.01,down,bearish,breakout_up_strong
2026-06-09T16:59:59,15m,HOLD,5.5,down,neutral,breakout_up_strong
2026-06-09T16:59:59,15m,HOLD,1.2,down,bearish,breakout_up_strong
2026-06-09T16:59:59,15m,HOLD,0.09,down,bearish,breakout_up_strong
2026-06-09T16:59:59,15m,HOLD,0.23,down,bearish,breakout_up_strong
2026-06-09T16:59:59,15m,HOLD,0.19,down,bearish,inside_bullish_weak
2026-06-09T16:59:59,15m,HOLD,0.1,down,neutral,breakout_up_strong
2026-06-09T16:59:59,15m,HOLD,6.9,down,bearish,breakout_up_strong
2026-06-09T16:59:59,15m,HOLD,0.03,down,neutral,breakout_up_strong
2026-06-09T16:59:59,15m,HOLD,0.07,down,bearish,trend_continuation_up
2026-06-09T16:59:59,15m,HOLD,0.08,down,bearish,breakout_up_strong
2026-06-09T16:59:59,15m,HOLD,2.08,down,neutral,inside_bar
2026-06-09T16:59:59,15m,HOLD,64.95,down,bearish,breakout_up_strong
2026-06-09T16:59:59,15m,HOLD,0.0,down,neutral,breakout_up_strong
2026-06-09T16:59:59,15m,HOLD,0.28,down,bearish,breakout_up_strong
2026-06-09T16:59:59,15m,HOLD,0.06,down,bearish,breakout_up_strong
2026-06-09T16:59:59,15m,HOLD,1.0,range,bullish,inside_bar
2026-06-09T16:59:59,15m,HOLD,0.75,down,bearish,breakout_up_strong
2026-06-09T16:59:59,15m,HOLD,0.42,down,bearish,trend_continuation_up
2026-06-09T16:59:59,15m,HOLD,0.0,up,neutral,breakout_up_strong
2026-06-09T16:59:59,15m,HOLD,0.08,down,bearish,inside_bar
2026-06-09T16:59:59,15m,HOLD,60.27,down,bearish,trend_continuation_up
2026-06-09T16:59:59,15m,HOLD,0.14,down,neutral,breakout_up_strong
2026-06-09T16:59:59,15m,HOLD,0.0,down,bearish,breakout_up_strong
2026-06-09T16:59:59,15m,HOLD,0.32,down,bearish,breakout_up_weak
2026-06-09T16:59:59,15m,HOLD,0.05,down,bearish,breakout_up_strong
2026-06-09T16:59:59,15m,HOLD,0.0,down,bearish,inside_bar
2026-06-09T16:59:59,15m,HOLD,0.1,down,neutral,breakout_up_strong
2026-06-09T16:59:59,15m,HOLD,0.16,down,neutral,breakout_up_strong
2026-06-09T16:59:59,15m,HOLD,1.28,down,bearish,breakout_up_weak
2026-06-09T16:59:59,15m,HOLD,0.03,up,bullish,breakout_up_strong
2026-06-09T16:59:59,15m,HOLD,0.09,down,bearish,breakout_up_strong
2026-06-09T16:59:59,15m,HOLD,0.03,down,bearish,breakout_up_strong
2026-06-09T16:59:59,15m,HOLD,0.01,down,bearish,breakout_up_strong
2026-06-09T16:59:59,15m,HOLD,0.15,down,bearish,breakout_up_strong
2026-06-09T16:59:59,15m,HOLD,0.0,down,bearish,breakout_up_strong
2026-06-09T16:59:59,15m,HOLD,0.85,down,bearish,breakout_up_strong
2026-06-09T16:59:59,15m,HOLD,0.15,down,bearish,breakout_up_strong
2026-06-09T16:59:59,15m,HOLD,0.05,down,bearish,bullish_pressure
2026-06-09T16:59:59,15m,HOLD,0.01,down,bearish,breakout_up_strong
2026-06-09T16:59:59,15m,HOLD,0.05,down,bearish,breakout_up_strong
2026-06-09T16:59:59,15m,HOLD,0.74,down,bearish,breakout_up_strong
2026-06-09T16:59:59,15m,HOLD,0.05,down,bearish,flat_zero_range
2026-06-09T16:59:59,15m,HOLD,0.0,down,bearish,breakout_up_strong
2026-06-09T16:59:59,15m,HOLD,439.75,down,neutral,breakout_up_strong
2026-06-09T16:59:59,15m,HOLD,0.0,down,bearish,breakout_up_strong
2026-06-09T16:59:59,15m,HOLD,0.07,down,bearish,breakout_up_strong
2026-06-09T16:59:59,15m,HOLD,0.02,down,bearish,breakout_up_strong
2026-06-09T16:59:59,15m,HOLD,61390.51,down,bearish,breakout_up_strong
2026-06-09T16:59:59,15m,HOLD,0.06,down,bearish,indecision
2026-06-09T16:59:59,15m,HOLD,0.01,down,bullish,breakout_up_strong
2026-06-09T16:59:59,15m,HOLD,0.12,down,bearish,breakout_up_strong
2026-06-09T16:59:59,15m,HOLD,0.02,down,neutral,breakout_up_strong
2026-06-09T16:59:59,15m,HOLD,0.03,down,neutral,breakout_up_strong
2026-06-09T16:59:59,15m,HOLD,0.03,down,bearish,inside_bar
2026-06-09T16:59:59,15m,HOLD,1.59,down,bearish,breakout_up_strong
2026-06-09T16:59:59,15m,HOLD,0.04,down,bearish,breakout_up_strong
2026-06-09T16:59:59,15m,HOLD,0.02,up,bullish,breakout_up_strong
2026-06-09T16:59:59,15m,HOLD,0.12,range,bearish,inside_bar
2026-06-09T16:59:59,15m,HOLD,5.46,down,bearish,breakout_up_strong
2026-06-09T16:59:59,15m,HOLD,0.24,down,bearish,breakout_up_strong
2026-06-09T16:59:59,15m,HOLD,0.02,up,bullish,trend_continuation_up
2026-06-09T16:59:59,15m,HOLD,0.13,down,bearish,breakout_up_strong
2026-06-09T16:59:59,15m,HOLD,0.04,down,bearish,breakout_up_strong
2026-06-09T16:59:59,15m,HOLD,0.0,down,bearish,breakout_up_strong
2026-06-09T16:59:59,15m,HOLD,28.18,down,bearish,breakout_up_strong
2026-06-09T16:59:59,15m,HOLD,0.25,down,bearish,breakout_up_strong
2026-06-09T16:59:59,15m,HOLD,0.19,down,bearish,breakout_up_weak
2026-06-09T16:59:59,15m,HOLD,0.26,down,bearish,breakout_up_strong
2026-06-09T16:59:59,15m,HOLD,0.08,down,neutral,breakout_up_strong
2026-06-09T16:59:59,15m,HOLD,0.18,down,neutral,breakout_up_strong
2026-06-09T16:59:59,15m,HOLD,0.0,down,bearish,breakout_up_strong
2026-06-09T16:59:59,15m,HOLD,0.1,down,bearish,breakout_up_strong
2026-06-09T16:59:59,15m,HOLD,0.0,down,bearish,breakout_up_strong
2026-06-09T16:59:59,15m,HOLD,0.13,range,bullish,breakout_up_strong
2026-06-09T16:59:59,15m,HOLD,206.9,down,bearish,inside_bar
2026-06-09T16:59:59,15m,LONG,0.06,up,bullish,breakout_up_strong
2026-06-09T16:59:59,15m,HOLD,0.0,down,bearish,breakout_up_strong
2026-06-09T16:59:59,15m,HOLD,0.16,down,bearish,trend_continuation_up
2026-06-09T16:59:59,15m,HOLD,0.02,up,bullish,breakout_up_strong
2026-06-09T16:59:59,15m,HOLD,0.65,down,bearish,breakout_up_strong
2026-06-09T16:59:59,15m,HOLD,0.08,down,bearish,breakout_up_strong
2026-06-09T16:59:59,15m,HOLD,0.02,down,bearish,breakout_up_strong
2026-06-09T16:59:59,15m,HOLD,0.34,down,bearish,breakout_up_strong
2026-06-09T16:59:59,15m,HOLD,0.02,down,bearish,breakout_up_strong
2026-06-09T16:59:59,15m,HOLD,35.57,down,bearish,breakout_up_strong
2026-06-09T16:59:59,15m,HOLD,7.74,down,bearish,breakout_up_strong
2026-06-09T16:59:59,15m,HOLD,0.09,down,bearish,breakout_up_strong
2026-06-09T16:59:59,15m,HOLD,0.31,down,neutral,breakout_up_strong
2026-06-09T16:59:59,15m,HOLD,0.01,down,bearish,breakout_up_strong
2026-06-09T16:59:59,15m,HOLD,0.0,down,bearish,breakout_up_strong
2026-06-09T16:59:59,15m,HOLD,0.0,down,bearish,breakout_up_strong
2026-06-09T16:59:59,15m,HOLD,0.37,up,bullish,trend_continuation_up
2026-06-09T16:59:59,15m,HOLD,0.2,down,bearish,breakout_up_strong
2026-06-09T16:59:59,15m,HOLD,0.0,down,bearish,breakout_up_strong
2026-06-09T16:59:59,15m,HOLD,0.01,down,bearish,breakout_up_strong
2026-06-09T16:59:59,15m,HOLD,0.04,down,bearish,exhaustion_up
2026-06-09T16:59:59,15m,HOLD,4248.33,down,bearish,breakout_up_strong
2026-06-09T16:59:59,15m,HOLD,2.48,down,bearish,breakout_up_strong
2026-06-09T16:59:59,15m,HOLD,588.6,down,bearish,breakout_up_weak
2026-06-09T16:59:59,15m,HOLD,0.03,down,bearish,inside_bar
2026-06-09T16:59:59,15m,HOLD,1.22,down,bearish,trend_continuation_up
2026-06-09T16:59:59,15m,HOLD,0.08,up,bullish,inside_bar
2026-06-09T16:59:59,15m,HOLD,0.18,down,bearish,breakout_up_strong
2026-06-09T16:59:59,15m,HOLD,0.06,down,neutral,breakout_up_strong
2026-06-09T16:59:59,15m,HOLD,0.08,range,neutral,breakout_up_strong
2026-06-09T16:59:59,15m,HOLD,0.02,down,bearish,breakout_up_strong
2026-06-09T16:59:59,15m,HOLD,0.01,down,neutral,breakout_up_strong
2026-06-09T16:59:59,15m,HOLD,0.08,down,bearish,breakout_down_weak
2026-06-09T16:59:59,15m,HOLD,0.01,down,bullish,inside_bearish_weak
2026-06-09T16:59:59,15m,HOLD,0.02,down,neutral,breakout_up_weak
2026-06-09T16:59:59,15m,HOLD,0.0,down,neutral,breakout_up_strong
2026-06-09T16:59:59,15m,HOLD,1.74,down,bearish,trend_continuation_up
2026-06-09T16:59:59,15m,HOLD,2.46,down,bearish,breakout_up_strong
2026-06-09T16:59:59,15m,HOLD,0.02,down,bearish,breakout_up_strong
2026-06-09T16:59:59,15m,HOLD,0.05,down,bearish,inside_bar
2026-06-09T16:59:59,15m,HOLD,0.35,down,bearish,breakout_up_strong
2026-06-09T16:59:59,15m,HOLD,1.62,down,bearish,breakout_up_strong
2026-06-09T16:59:59,15m,HOLD,0.05,range,bullish,breakout_up_weak
2026-06-09T16:59:59,15m,HOLD,0.05,down,bearish,breakout_up_strong
2026-06-09T16:59:59,15m,HOLD,0.03,down,bearish,breakout_up_strong
2026-06-09T16:59:59,15m,HOLD,0.12,down,bearish,breakout_up_strong
2026-06-09T16:59:59,15m,HOLD,0.02,down,bearish,breakout_up_strong
2026-06-09T16:59:59,15m,HOLD,0.06,down,bearish,breakout_up_strong
2026-06-09T16:59:59,15m,HOLD,0.05,down,bearish,breakout_up_strong
2026-06-09T16:59:59,15m,HOLD,0.61,down,bearish,exhaustion_up
2026-06-09T16:59:59,15m,HOLD,0.1,down,neutral,breakout_up_strong
2026-06-09T17:14:59,15m,HOLD,1.11,down,neutral,flat_zero_range
2026-06-09T17:14:59,15m,HOLD,0.07,down,neutral,inside_bullish_weak
2026-06-09T17:14:59,15m,HOLD,0.04,down,neutral,trend_continuation_up
2026-06-09T17:14:59,15m,HOLD,0.57,down,bearish,breakout_up_strong
2026-06-09T17:14:59,15m,HOLD,0.84,down,neutral,inside_bullish_weak
2026-06-09T17:14:59,15m,HOLD,0.05,down,neutral,indecision
2026-06-09T17:14:59,15m,HOLD,0.0,down,bearish,flat_zero_range
2026-06-09T17:14:59,15m,HOLD,0.3,down,neutral,bullish_pressure
2026-06-09T17:14:59,15m,HOLD,0.69,down,bearish,breakout_down_strong
2026-06-09T17:14:59,15m,HOLD,0.09,down,neutral,inside_bar
2026-06-09T17:14:59,15m,HOLD,0.06,down,bearish,exhaustion_down
2026-06-09T17:14:59,15m,HOLD,0.04,down,bearish,inside_bar
2026-06-09T17:14:59,15m,HOLD,0.01,down,neutral,breakout_up_weak
2026-06-09T17:14:59,15m,HOLD,5.54,down,neutral,breakout_up_weak
2026-06-09T17:14:59,15m,HOLD,1.21,down,neutral,breakout_up_weak
2026-06-09T17:14:59,15m,HOLD,0.09,down,bearish,inside_bullish_weak
2026-06-09T17:14:59,15m,HOLD,0.19,down,neutral,breakout_up_strong
2026-06-09T17:14:59,15m,HOLD,0.1,down,neutral,breakout_up_strong
2026-06-09T17:14:59,15m,HOLD,6.95,down,neutral,breakout_up_weak
2026-06-09T17:14:59,15m,HOLD,0.03,down,neutral,indecision
2026-06-09T17:14:59,15m,HOLD,0.07,down,neutral,breakout_up_weak
2026-06-09T17:14:59,15m,HOLD,0.08,down,bearish,breakout_up_weak
2026-06-09T17:14:59,15m,HOLD,2.1,down,neutral,breakout_up_weak
2026-06-09T17:14:59,15m,HOLD,65.44,down,neutral,breakout_up_strong
2026-06-09T17:14:59,15m,HOLD,0.0,down,neutral,breakout_up_strong
2026-06-09T17:14:59,15m,HOLD,0.28,down,neutral,breakout_up_strong
2026-06-09T17:14:59,15m,HOLD,0.06,down,neutral,breakout_up_weak
2026-06-09T17:14:59,15m,HOLD,1.0,range,bullish,inside_bar
2026-06-09T17:14:59,15m,HOLD,0.76,down,neutral,breakout_up_strong
2026-06-09T17:14:59,15m,HOLD,0.42,down,neutral,breakout_up_strong
2026-06-09T17:14:59,15m,HOLD,0.0,up,bullish,indecision
2026-06-09T17:14:59,15m,HOLD,0.08,down,neutral,breakout_up_weak
2026-06-09T17:14:59,15m,HOLD,60.88,down,neutral,breakout_up_weak
2026-06-09T17:14:59,15m,HOLD,0.14,down,neutral,breakout_up_weak
2026-06-09T17:14:59,15m,HOLD,0.0,down,neutral,breakout_up_strong
2026-06-09T17:14:59,15m,HOLD,0.32,down,bearish,exhaustion_up
2026-06-09T17:14:59,15m,HOLD,0.05,down,neutral,breakout_up_strong
2026-06-09T17:14:59,15m,HOLD,0.0,down,neutral,flat_zero_range
2026-06-09T17:14:59,15m,HOLD,0.1,down,neutral,bullish_pressure
2026-06-09T17:14:59,15m,HOLD,0.16,down,neutral,breakout_up_strong
2026-06-09T17:14:59,15m,HOLD,1.3,down,neutral,breakout_up_weak
2026-06-09T17:14:59,15m,HOLD,0.03,up,bullish,breakout_up_weak
2026-06-09T17:14:59,15m,HOLD,0.09,down,neutral,breakout_up_weak
2026-06-09T17:14:59,15m,HOLD,0.03,down,bearish,flat_zero_range
2026-06-09T17:14:59,15m,HOLD,0.15,down,neutral,breakout_up_weak
2026-06-09T17:14:59,15m,HOLD,0.0,down,neutral,inside_bar
2026-06-09T17:14:59,15m,HOLD,0.86,down,neutral,breakout_up_strong
2026-06-09T17:14:59,15m,HOLD,0.05,down,bearish,indecision
2026-06-09T17:14:59,15m,HOLD,0.01,down,neutral,breakout_up_strong
2026-06-09T17:14:59,15m,HOLD,0.05,down,neutral,breakout_up_weak
2026-06-09T17:14:59,15m,HOLD,0.75,down,neutral,breakout_up_weak
2026-06-09T17:14:59,15m,HOLD,0.05,down,neutral,flat_zero_range
2026-06-09T17:14:59,15m,HOLD,0.0,down,neutral,inside_bar
2026-06-09T17:14:59,15m,HOLD,449.8,down,neutral,breakout_up_strong
2026-06-09T17:14:59,15m,HOLD,0.0,down,neutral,breakout_up_strong
2026-06-09T17:14:59,15m,HOLD,0.07,down,neutral,breakout_up_strong
2026-06-09T17:14:59,15m,HOLD,0.02,down,bearish,inside_bar
2026-06-09T17:14:59,15m,HOLD,61599.99,down,bearish,inside_bullish_weak
2026-06-09T17:14:59,15m,HOLD,0.01,range,bullish,breakout_up_weak
2026-06-09T17:14:59,15m,HOLD,0.06,down,neutral,trend_continuation_down
2026-06-09T17:14:59,15m,HOLD,0.12,down,neutral,inside_bullish_weak
2026-06-09T17:14:59,15m,HOLD,0.02,down,bullish,indecision
2026-06-09T17:14:59,15m,HOLD,0.03,down,neutral,inside_bar
2026-06-09T17:14:59,15m,HOLD,0.03,down,bearish,breakout_down_weak
2026-06-09T17:14:59,15m,HOLD,1.61,down,neutral,breakout_up_weak
2026-06-09T17:14:59,15m,HOLD,0.04,down,neutral,inside_bullish_weak
2026-06-09T17:14:59,15m,HOLD,0.02,up,bullish,inside_bar
2026-06-09T17:14:59,15m,HOLD,0.12,range,neutral,bearish_pressure
2026-06-09T17:14:59,15m,HOLD,5.51,down,bearish,inside_bar
2026-06-09T17:14:59,15m,HOLD,0.24,down,bearish,trend_continuation_up
2026-06-09T17:14:59,15m,HOLD,0.02,up,bullish,breakout_up_strong
2026-06-09T17:14:59,15m,HOLD,0.13,down,bearish,indecision
2026-06-09T17:14:59,15m,HOLD,0.04,down,bearish,inside_bullish_weak
2026-06-09T17:14:59,15m,HOLD,0.0,down,bearish,flat_zero_range
2026-06-09T17:14:59,15m,HOLD,28.33,down,bearish,breakout_up_weak
2026-06-09T17:14:59,15m,HOLD,0.25,down,neutral,exhaustion_down
2026-06-09T17:14:59,15m,HOLD,0.19,down,bearish,inside_bullish_weak
2026-06-09T17:14:59,15m,HOLD,0.26,down,neutral,bullish_pressure
2026-06-09T17:14:59,15m,HOLD,0.08,down,neutral,breakout_up_strong
2026-06-09T17:14:59,15m,HOLD,0.18,down,neutral,breakout_up_weak
2026-06-09T17:14:59,15m,HOLD,0.0,down,neutral,trend_continuation_down
2026-06-09T17:14:59,15m,HOLD,0.1,down,neutral,breakout_up_weak
2026-06-09T17:14:59,15m,LONG,0.13,up,bullish,breakout_up_weak
2026-06-09T17:14:59,15m,HOLD,0.0,down,neutral,trend_continuation_up
2026-06-09T17:14:59,15m,HOLD,208.3,down,bearish,exhaustion_down
2026-06-09T17:14:59,15m,HOLD,0.06,up,bullish,inside_bar
2026-06-09T17:14:59,15m,HOLD,0.0,down,neutral,trend_continuation_up
2026-06-09T17:14:59,15m,HOLD,0.16,down,neutral,breakout_up_strong
2026-06-09T17:14:59,15m,HOLD,0.02,up,bullish,breakout_up_strong
2026-06-09T17:14:59,15m,HOLD,0.65,down,neutral,breakout_up_weak
2026-06-09T17:14:59,15m,HOLD,0.08,down,neutral,breakout_up_weak
2026-06-09T17:14:59,15m,HOLD,0.02,down,neutral,breakout_up_strong
2026-06-09T17:14:59,15m,HOLD,0.35,down,neutral,breakout_up_strong
2026-06-09T17:14:59,15m,HOLD,0.02,down,neutral,flat_zero_range
2026-06-09T17:14:59,15m,HOLD,35.67,down,bearish,breakout_up_weak
2026-06-09T17:14:59,15m,HOLD,7.79,down,neutral,breakout_up_weak
2026-06-09T17:14:59,15m,HOLD,0.09,down,neutral,breakout_up_weak
2026-06-09T17:14:59,15m,HOLD,0.32,down,neutral,breakout_up_weak
2026-06-09T17:14:59,15m,HOLD,0.01,down,bearish,inside_bar
2026-06-09T17:14:59,15m,HOLD,0.0,down,bearish,inside_bar
2026-06-09T17:14:59,15m,HOLD,0.0,down,neutral,breakout_up_strong
2026-06-09T17:14:59,15m,HOLD,0.37,up,bullish,breakout_up_strong
2026-06-09T17:14:59,15m,HOLD,0.2,down,bearish,bullish_pressure
2026-06-09T17:14:59,15m,HOLD,0.0,down,neutral,breakout_up_weak
2026-06-09T17:14:59,15m,HOLD,0.01,down,neutral,breakout_up_strong
2026-06-09T17:14:59,15m,HOLD,0.04,down,neutral,trend_continuation_up
2026-06-09T17:14:59,15m,HOLD,4258.31,down,bearish,indecision
2026-06-09T17:14:59,15m,HOLD,2.49,down,neutral,indecision
2026-06-09T17:14:59,15m,HOLD,590.84,down,neutral,breakout_up_weak
2026-06-09T17:14:59,15m,HOLD,0.03,down,bearish,breakout_up_strong
2026-06-09T17:14:59,15m,HOLD,0.08,up,bullish,breakout_down_weak
2026-06-09T17:14:59,15m,HOLD,0.06,down,neutral,trend_continuation_up
2026-06-09T17:14:59,15m,HOLD,0.02,down,neutral,breakout_up_strong
2026-06-09T17:14:59,15m,LONG,0.08,up,bullish,breakout_up_strong
2026-06-09T17:14:59,15m,HOLD,0.01,down,neutral,exhaustion_down
2026-06-09T17:14:59,15m,HOLD,0.08,down,bearish,indecision
2026-06-09T17:14:59,15m,HOLD,0.01,down,bullish,breakout_down_weak
2026-06-09T17:14:59,15m,HOLD,0.02,down,neutral,inside_bar
2026-06-09T17:14:59,15m,HOLD,1.75,down,neutral,breakout_up_weak
2026-06-09T17:14:59,15m,HOLD,2.48,down,neutral,breakout_up_weak
2026-06-09T17:14:59,15m,HOLD,0.02,down,neutral,exhaustion_up
2026-06-09T17:14:59,15m,HOLD,0.05,down,neutral,breakout_up_strong
2026-06-09T17:14:59,15m,HOLD,1.64,down,neutral,breakout_up_weak
2026-06-09T17:14:59,15m,LONG,0.06,up,bullish,inside_bar
2026-06-09T17:14:59,15m,HOLD,0.05,down,bearish,trend_continuation_up
2026-06-09T17:14:59,15m,HOLD,0.03,down,bearish,inside_bearish_weak
2026-06-09T17:14:59,15m,HOLD,0.12,down,neutral,breakout_up_weak
2026-06-09T17:14:59,15m,HOLD,0.02,down,neutral,breakout_up_weak
2026-06-09T17:14:59,15m,HOLD,0.07,down,neutral,breakout_up_strong
2026-06-09T17:14:59,15m,HOLD,0.05,down,neutral,breakout_up_weak
2026-06-09T17:14:59,15m,HOLD,0.62,down,neutral,inside_bullish_weak
2026-06-09T17:14:59,15m,HOLD,0.1,down,neutral,inside_bar
2026-06-09T17:14:59,15m,HOLD,0.23,down,neutral,breakout_up_strong
2026-06-09T17:14:59,15m,HOLD,0.01,down,neutral,bullish_pressure
2026-06-09T17:14:59,15m,HOLD,0.15,down,neutral,breakout_up_weak
2026-06-09T17:14:59,15m,HOLD,1.24,down,neutral,breakout_up_weak
2026-06-09T17:14:59,15m,HOLD,0.18,down,bearish,breakout_up_strong
2026-06-09T17:14:59,15m,HOLD,0.0,down,neutral,breakout_up_weak
2026-06-09T17:14:59,15m,HOLD,0.35,down,neutral,breakout_up_weak
2026-06-09T17:29:59,15m,HOLD,1.12,down,neutral,breakout_up_strong
2026-06-09T17:29:59,15m,HOLD,0.07,down,bullish,exhaustion_down
2026-06-09T17:29:59,15m,HOLD,0.04,down,neutral,flat_zero_range
2026-06-09T17:29:59,15m,HOLD,0.57,down,neutral,inside_bar
2026-06-09T17:29:59,15m,HOLD,0.84,down,neutral,indecision
2026-06-09T17:29:59,15m,HOLD,0.0,down,neutral,flat_zero_range
2026-06-09T17:29:59,15m,HOLD,0.3,down,neutral,inside_bar
2026-06-09T17:29:59,15m,HOLD,0.69,down,bearish,breakout_down_strong
2026-06-09T17:29:59,15m,HOLD,0.09,down,neutral,inside_bar
2026-06-09T17:29:59,15m,HOLD,0.06,down,bearish,bullish_pressure
2026-06-09T17:29:59,15m,HOLD,0.04,down,neutral,inside_bar
2026-06-09T17:29:59,15m,HOLD,0.01,down,neutral,bullish_pressure
2026-06-09T17:29:59,15m,HOLD,5.56,down,neutral,breakout_down_strong
2026-06-09T17:29:59,15m,HOLD,1.21,down,neutral,inside_bar
2026-06-09T17:29:59,15m,HOLD,0.09,down,neutral,breakout_up_strong
2026-06-09T17:29:59,15m,HOLD,0.23,down,neutral,trend_continuation_up
2026-06-09T17:29:59,15m,HOLD,0.19,down,neutral,exhaustion_down
2026-06-09T17:29:59,15m,HOLD,0.1,down,neutral,flat_zero_range
2026-06-09T17:29:59,15m,HOLD,0.03,down,bullish,indecision
2026-06-09T17:29:59,15m,HOLD,0.07,down,neutral,inside_bearish_weak
2026-06-09T17:29:59,15m,HOLD,0.08,down,neutral,indecision
2026-06-09T17:29:59,15m,HOLD,2.1,down,neutral,breakout_down_weak
2026-06-09T17:29:59,15m,HOLD,65.68,down,neutral,breakout_down_strong
2026-06-09T17:29:59,15m,HOLD,0.0,down,neutral,breakout_down_strong
2026-06-09T17:29:59,15m,HOLD,0.28,down,neutral,trend_continuation_down
2026-06-09T17:29:59,15m,HOLD,0.06,down,neutral,inside_bullish_weak
2026-06-09T17:29:59,15m,HOLD,1.0,range,bullish,inside_bar
2026-06-09T17:29:59,15m,HOLD,0.77,down,neutral,breakout_up_strong
2026-06-09T17:29:59,15m,HOLD,0.42,down,neutral,breakout_up_strong
2026-06-09T17:29:59,15m,HOLD,0.0,up,bullish,indecision
2026-06-09T17:29:59,15m,HOLD,61.39,down,neutral,indecision
2026-06-09T17:29:59,15m,HOLD,0.14,down,bullish,breakout_up_strong
2026-06-09T17:29:59,15m,HOLD,0.0,down,neutral,exhaustion_down
2026-06-09T17:29:59,15m,HOLD,0.05,down,neutral,trend_continuation_down
2026-06-09T17:29:59,15m,HOLD,0.0,down,neutral,flat_zero_range
2026-06-09T17:29:59,15m,HOLD,0.1,down,neutral,inside_bar
2026-06-09T17:29:59,15m,HOLD,0.17,down,neutral,trend_continuation_down
2026-06-09T17:29:59,15m,HOLD,1.3,down,neutral,breakout_down_weak
2026-06-09T17:29:59,15m,HOLD,0.03,up,bullish,inside_bar
2026-06-09T17:29:59,15m,HOLD,0.03,down,neutral,flat_zero_range
2026-06-09T17:29:59,15m,HOLD,0.01,down,neutral,bullish_pressure
2026-06-09T17:29:59,15m,HOLD,0.16,down,neutral,indecision
2026-06-09T17:29:59,15m,HOLD,0.0,down,neutral,flat_zero_range
2026-06-09T17:29:59,15m,HOLD,0.87,down,neutral,inside_bar
2026-06-09T17:29:59,15m,HOLD,0.15,down,neutral,indecision
2026-06-09T17:29:59,15m,HOLD,0.05,down,neutral,inside_bar
2026-06-09T17:29:59,15m,HOLD,0.01,down,neutral,breakout_up_strong
2026-06-09T17:29:59,15m,HOLD,0.05,down,neutral,indecision
2026-06-09T17:29:59,15m,HOLD,0.75,down,neutral,inside_bullish_weak
2026-06-09T17:29:59,15m,HOLD,0.05,down,neutral,breakout_up_strong
2026-06-09T17:29:59,15m,HOLD,0.0,down,neutral,inside_bar
2026-06-09T17:29:59,15m,HOLD,0.0,down,neutral,breakout_up_weak
2026-06-09T17:29:59,15m,HOLD,0.07,down,neutral,inside_bar
2026-06-09T17:29:59,15m,HOLD,0.02,down,bearish,breakout_down_weak
2026-06-09T17:29:59,15m,HOLD,61746.59,down,neutral,indecision
2026-06-09T17:29:59,15m,LONG,0.01,up,bullish,inside_bar
2026-06-09T17:29:59,15m,HOLD,0.06,down,neutral,inside_bar
2026-06-09T17:29:59,15m,HOLD,0.12,down,neutral,bullish_pressure
2026-06-09T17:29:59,15m,HOLD,0.02,down,bullish,exhaustion_up
2026-06-09T17:29:59,15m,HOLD,0.03,down,neutral,inside_bullish_weak
2026-06-09T17:29:59,15m,HOLD,0.03,down,bearish,inside_bar
2026-06-09T17:29:59,15m,HOLD,1.62,down,neutral,indecision
2026-06-09T17:29:59,15m,HOLD,0.04,down,neutral,inside_bullish_weak
2026-06-09T17:29:59,15m,HOLD,0.02,up,bullish,breakout_up_weak
2026-06-09T17:29:59,15m,HOLD,0.12,range,neutral,inside_bar
2026-06-09T17:29:59,15m,HOLD,5.55,down,neutral,exhaustion_down
2026-06-09T17:29:59,15m,HOLD,0.24,down,neutral,trend_continuation_up
2026-06-09T17:29:59,15m,HOLD,0.02,up,bullish,breakout_up_weak
2026-06-09T17:29:59,15m,HOLD,0.13,down,neutral,exhaustion_down
2026-06-09T17:29:59,15m,HOLD,0.04,down,bearish,inside_bar
2026-06-09T17:29:59,15m,HOLD,0.0,down,neutral,exhaustion_up
2026-06-09T17:29:59,15m,HOLD,28.54,down,neutral,inside_bar
2026-06-09T17:29:59,15m,HOLD,0.25,down,neutral,bullish_pressure
2026-06-09T17:29:59,15m,HOLD,0.2,down,neutral,breakout_up_weak
2026-06-09T17:29:59,15m,HOLD,0.26,down,neutral,inside_bullish_weak
2026-06-09T17:29:59,15m,HOLD,0.08,down,neutral,inside_bar
2026-06-09T17:29:59,15m,HOLD,0.18,down,neutral,indecision
2026-06-09T17:29:59,15m,HOLD,0.0,down,neutral,flat_zero_range
2026-06-09T17:29:59,15m,HOLD,0.1,down,neutral,trend_continuation_up
2026-06-09T17:29:59,15m,HOLD,0.13,up,bullish,indecision
2026-06-09T17:29:59,15m,HOLD,0.0,down,neutral,inside_bar
2026-06-09T17:29:59,15m,HOLD,210.5,down,neutral,indecision
2026-06-09T17:29:59,15m,HOLD,0.06,up,bullish,breakout_up_weak
2026-06-09T17:29:59,15m,HOLD,0.0,down,neutral,trend_continuation_up
2026-06-09T17:29:59,15m,HOLD,0.17,down,neutral,inside_bullish_weak
2026-06-09T17:29:59,15m,HOLD,0.02,up,bullish,breakout_down_weak
2026-06-09T17:29:59,15m,HOLD,0.66,down,neutral,exhaustion_up
2026-06-09T17:29:59,15m,HOLD,0.08,down,neutral,inside_bar
2026-06-09T17:29:59,15m,HOLD,0.02,down,neutral,breakout_up_strong
2026-06-09T17:29:59,15m,HOLD,0.35,down,neutral,breakout_up_strong
2026-06-09T17:29:59,15m,HOLD,0.02,down,neutral,flat_zero_range
2026-06-09T17:29:59,15m,HOLD,36.14,down,neutral,indecision
2026-06-09T17:29:59,15m,HOLD,7.83,down,neutral,indecision
2026-06-09T17:29:59,15m,HOLD,0.09,down,neutral,inside_bar
2026-06-09T17:29:59,15m,HOLD,0.01,down,bearish,breakout_down_weak
2026-06-09T17:29:59,15m,HOLD,0.0,down,neutral,inside_bar
2026-06-09T17:29:59,15m,HOLD,0.0,down,neutral,flat_zero_range
2026-06-09T17:29:59,15m,HOLD,0.38,up,bullish,bearish_pressure
2026-06-09T17:29:59,15m,HOLD,0.0,down,neutral,inside_bullish_weak
2026-06-09T17:29:59,15m,HOLD,0.01,down,neutral,breakout_up_strong
2026-06-09T17:29:59,15m,HOLD,0.04,down,neutral,trend_continuation_down
2026-06-09T17:29:59,15m,HOLD,4260.57,down,bearish,exhaustion_down
2026-06-09T17:29:59,15m,HOLD,2.5,down,neutral,breakout_down_strong
2026-06-09T17:29:59,15m,HOLD,591.95,down,neutral,indecision
2026-06-09T17:29:59,15m,HOLD,0.03,down,neutral,breakout_up_strong
2026-06-09T17:29:59,15m,HOLD,1.25,down,neutral,inside_bullish_weak
2026-06-09T17:29:59,15m,HOLD,0.08,up,bullish,inside_bar
2026-06-09T17:29:59,15m,HOLD,0.18,down,neutral,trend_continuation_up
2026-06-09T17:29:59,15m,HOLD,0.06,down,neutral,exhaustion_down
2026-06-09T17:29:59,15m,HOLD,0.08,up,bullish,inside_bar
2026-06-09T17:29:59,15m,HOLD,0.02,down,neutral,flat_zero_range
2026-06-09T17:29:59,15m,HOLD,0.01,down,neutral,trend_continuation_down
2026-06-09T17:29:59,15m,HOLD,0.08,down,bearish,inside_bar
2026-06-09T17:29:59,15m,HOLD,0.01,down,bullish,breakout_up_weak
2026-06-09T17:29:59,15m,HOLD,0.02,down,neutral,breakout_up_strong
2026-06-09T17:29:59,15m,HOLD,0.0,down,neutral,inside_bar
2026-06-09T17:29:59,15m,HOLD,1.77,down,neutral,breakout_up_strong
2026-06-09T17:29:59,15m,HOLD,2.49,down,neutral,indecision
2026-06-09T17:29:59,15m,HOLD,0.02,down,neutral,flat_zero_range
2026-06-09T17:29:59,15m,HOLD,0.05,down,neutral,inside_bar
2026-06-09T17:29:59,15m,HOLD,0.36,down,neutral,breakout_up_weak
2026-06-09T17:29:59,15m,HOLD,1.65,down,neutral,inside_bullish_weak
2026-06-09T17:29:59,15m,HOLD,0.06,up,bullish,exhaustion_up
2026-06-09T17:29:59,15m,HOLD,0.05,down,neutral,inside_bar
2026-06-09T17:29:59,15m,HOLD,0.03,down,bearish,inside_bullish_weak
2026-06-09T17:29:59,15m,HOLD,0.12,down,neutral,inside_bullish_weak
2026-06-09T17:29:59,15m,HOLD,0.02,down,neutral,inside_bearish_weak
2026-06-09T17:29:59,15m,HOLD,0.07,down,neutral,bullish_pressure
2026-06-09T17:29:59,15m,HOLD,0.05,down,neutral,breakout_up_weak
2026-06-09T17:29:59,15m,HOLD,0.62,down,neutral,bullish_pressure
2026-06-09T17:29:59,15m,HOLD,0.1,down,neutral,flat_zero_range
2026-06-09T17:29:59,15m,HOLD,0.05,down,neutral,trend_continuation_up
2026-06-09T17:29:59,15m,HOLD,6.99,down,neutral,bullish_pressure
2026-06-09T17:29:59,15m,HOLD,0.08,down,neutral,bullish_pressure
2026-06-09T17:29:59,15m,HOLD,0.32,down,neutral,inside_bar
2026-06-09T17:29:59,15m,HOLD,0.09,down,neutral,exhaustion_up
2026-06-09T17:29:59,15m,HOLD,457.35,down,neutral,exhaustion_up
2026-06-09T17:29:59,15m,HOLD,0.32,down,bullish,indecision
2026-06-09T17:29:59,15m,HOLD,0.2,down,neutral,indecision
2026-06-09T17:44:59,15m,HOLD,1.12,down,neutral,flat_zero_range
2026-06-09T17:44:59,15m,HOLD,0.07,down,bullish,breakout_down_weak
2026-06-09T17:44:59,15m,HOLD,0.04,down,neutral,breakout_down_strong
2026-06-09T17:44:59,15m,HOLD,0.57,down,neutral,inside_bar
2026-06-09T17:44:59,15m,HOLD,0.84,down,neutral,inside_bar
2026-06-09T17:44:59,15m,HOLD,0.05,down,neutral,exhaustion_up
2026-06-09T17:44:59,15m,HOLD,0.0,down,neutral,flat_zero_range
2026-06-09T17:44:59,15m,HOLD,0.3,down,neutral,inside_bar
2026-06-09T17:44:59,15m,HOLD,0.69,down,bearish,exhaustion_up
2026-06-09T17:44:59,15m,HOLD,0.09,down,neutral,inside_bullish_weak
2026-06-09T17:44:59,15m,HOLD,0.06,down,bearish,inside_bearish_weak
2026-06-09T17:44:59,15m,HOLD,0.04,down,neutral,inside_bar
2026-06-09T17:44:59,15m,HOLD,0.01,down,neutral,breakout_down_strong
2026-06-09T17:44:59,15m,HOLD,5.61,down,neutral,breakout_up_strong
2026-06-09T17:44:59,15m,HOLD,1.22,down,neutral,exhaustion_up
2026-06-09T17:44:59,15m,HOLD,0.09,down,bearish,breakout_down_strong
2026-06-09T17:44:59,15m,HOLD,0.23,down,neutral,breakout_down_strong
2026-06-09T17:44:59,15m,HOLD,0.19,down,neutral,exhaustion_up
2026-06-09T17:44:59,15m,HOLD,0.1,down,neutral,breakout_down_strong
2026-06-09T17:44:59,15m,HOLD,6.99,down,neutral,inside_bar
2026-06-09T17:44:59,15m,HOLD,0.03,down,bullish,breakout_down_weak
2026-06-09T17:44:59,15m,HOLD,0.08,down,neutral,breakout_down_weak
2026-06-09T17:44:59,15m,HOLD,0.07,down,neutral,inside_bar
2026-06-09T17:44:59,15m,HOLD,2.12,down,neutral,breakout_up_strong
2026-06-09T17:44:59,15m,HOLD,65.74,down,neutral,breakout_down_weak
2026-06-09T17:44:59,15m,HOLD,0.0,down,neutral,breakout_down_weak
2026-06-09T17:44:59,15m,HOLD,0.28,down,neutral,breakout_down_strong
2026-06-09T17:44:59,15m,HOLD,0.06,down,neutral,inside_bar
2026-06-09T17:44:59,15m,HOLD,1.0,range,bullish,exhaustion_up
2026-06-09T17:44:59,15m,HOLD,0.76,down,neutral,inside_bar
2026-06-09T17:44:59,15m,HOLD,0.42,down,bearish,breakout_down_strong
2026-06-09T17:44:59,15m,HOLD,0.0,up,bullish,breakout_down_weak
2026-06-09T17:44:59,15m,HOLD,0.08,down,neutral,trend_continuation_down
2026-06-09T17:44:59,15m,HOLD,61.46,down,neutral,exhaustion_up
2026-06-09T17:44:59,15m,HOLD,0.14,down,bullish,breakout_up_strong
2026-06-09T17:44:59,15m,HOLD,0.0,down,neutral,breakout_down_strong
2026-06-09T17:44:59,15m,HOLD,0.32,down,neutral,inside_bar
2026-06-09T17:44:59,15m,HOLD,0.05,down,neutral,inside_bar
2026-06-09T17:44:59,15m,HOLD,0.0,down,neutral,flat_zero_range
2026-06-09T17:44:59,15m,HOLD,0.1,down,bullish,inside_bar
2026-06-09T17:44:59,15m,HOLD,0.17,down,neutral,breakout_down_weak
2026-06-09T17:44:59,15m,HOLD,1.31,down,neutral,exhaustion_up
2026-06-09T17:44:59,15m,HOLD,0.03,up,bullish,inside_bar
2026-06-09T17:44:59,15m,HOLD,0.09,down,neutral,exhaustion_up
2026-06-09T17:44:59,15m,HOLD,0.03,down,bearish,breakout_down_strong
2026-06-09T17:44:59,15m,HOLD,0.01,down,neutral,inside_bullish_weak
2026-06-09T17:44:59,15m,HOLD,0.16,down,neutral,breakout_down_weak
2026-06-09T17:44:59,15m,HOLD,0.0,down,neutral,flat_zero_range
2026-06-09T17:44:59,15m,HOLD,0.87,down,neutral,breakout_up_weak
2026-06-09T17:44:59,15m,HOLD,0.15,down,neutral,exhaustion_up
2026-06-09T17:44:59,15m,HOLD,0.05,down,bearish,breakout_down_weak
2026-06-09T17:44:59,15m,HOLD,0.01,down,neutral,breakout_down_strong
2026-06-09T17:44:59,15m,HOLD,0.05,down,neutral,breakout_down_weak
2026-06-09T17:44:59,15m,HOLD,0.75,down,neutral,exhaustion_up
2026-06-09T17:44:59,15m,HOLD,0.05,down,neutral,flat_zero_range
2026-06-09T17:44:59,15m,HOLD,0.0,down,neutral,inside_bar
2026-06-09T17:44:59,15m,HOLD,456.9,range,bullish,breakout_down_weak
2026-06-09T17:44:59,15m,HOLD,0.0,down,neutral,flat_zero_range
2026-06-09T17:44:59,15m,HOLD,0.07,down,neutral,breakout_down_weak
2026-06-09T17:44:59,15m,HOLD,0.02,down,neutral,breakout_up_strong
2026-06-09T17:44:59,15m,HOLD,61692.15,down,bearish,breakout_down_weak
2026-06-09T17:44:59,15m,HOLD,0.01,up,bullish,exhaustion_up
2026-06-09T17:44:59,15m,HOLD,0.06,down,neutral,trend_continuation_down
2026-06-09T17:44:59,15m,HOLD,0.12,down,neutral,inside_bar
2026-06-09T17:44:59,15m,HOLD,0.02,down,bullish,inside_bar
2026-06-09T17:44:59,15m,HOLD,0.03,down,bullish,trend_continuation_down
2026-06-09T17:44:59,15m,HOLD,0.03,down,bearish,inside_bar
2026-06-09T17:44:59,15m,HOLD,1.62,down,neutral,exhaustion_up
2026-06-09T17:44:59,15m,HOLD,0.04,down,neutral,inside_bar
2026-06-09T17:44:59,15m,HOLD,0.02,up,bullish,trend_continuation_up
2026-06-09T17:44:59,15m,HOLD,0.12,range,neutral,breakout_down_strong
2026-06-09T17:44:59,15m,HOLD,5.55,down,neutral,breakout_down_strong
2026-06-09T17:44:59,15m,HOLD,0.24,down,neutral,breakout_down_weak
2026-06-09T17:44:59,15m,HOLD,0.02,up,bullish,breakout_down_strong
2026-06-09T17:44:59,15m,HOLD,0.13,down,neutral,breakout_up_weak
2026-06-09T17:44:59,15m,HOLD,0.04,down,bearish,breakout_down_strong
2026-06-09T17:44:59,15m,HOLD,0.0,down,neutral,flat_zero_range
2026-06-09T17:44:59,15m,HOLD,28.48,down,neutral,breakout_down_weak
2026-06-09T17:44:59,15m,HOLD,0.25,down,bearish,inside_bearish_weak
2026-06-09T17:44:59,15m,HOLD,0.2,down,bearish,exhaustion_up
2026-06-09T17:44:59,15m,HOLD,0.26,down,neutral,trend_continuation_down
2026-06-09T17:44:59,15m,HOLD,0.08,down,bullish,inside_bar
2026-06-09T17:44:59,15m,HOLD,0.18,down,neutral,breakout_down_weak
2026-06-09T17:44:59,15m,HOLD,0.0,down,neutral,flat_zero_range
2026-06-09T17:44:59,15m,HOLD,0.1,down,neutral,breakout_down_strong
2026-06-09T17:44:59,15m,HOLD,0.13,up,bullish,exhaustion_up
2026-06-09T17:44:59,15m,HOLD,0.0,down,neutral,inside_bar
2026-06-09T17:44:59,15m,HOLD,208.9,down,bearish,breakout_down_strong
2026-06-09T17:44:59,15m,HOLD,0.06,up,bullish,inside_bar
2026-06-09T17:44:59,15m,HOLD,0.0,down,neutral,exhaustion_up
2026-06-09T17:44:59,15m,HOLD,0.16,down,neutral,breakout_down_strong
2026-06-09T17:44:59,15m,HOLD,0.02,up,bullish,exhaustion_up
2026-06-09T17:44:59,15m,HOLD,0.66,down,neutral,inside_bearish_weak
2026-06-09T17:44:59,15m,HOLD,0.08,down,neutral,exhaustion_up
2026-06-09T17:44:59,15m,HOLD,0.02,down,neutral,inside_bar
2026-06-09T17:44:59,15m,HOLD,0.35,down,neutral,flat_zero_range
2026-06-09T17:44:59,15m,HOLD,0.02,down,neutral,flat_zero_range
2026-06-09T17:44:59,15m,HOLD,35.98,down,neutral,breakout_down_weak
2026-06-09T17:44:59,15m,HOLD,0.09,down,neutral,inside_bar
2026-06-09T17:44:59,15m,HOLD,7.82,down,neutral,breakout_down_weak
2026-06-09T17:44:59,15m,HOLD,0.32,down,bullish,inside_bar
2026-06-09T17:44:59,15m,HOLD,0.01,down,bearish,breakout_down_strong
2026-06-09T17:44:59,15m,HOLD,0.0,down,bearish,breakout_down_strong
2026-06-09T17:44:59,15m,HOLD,0.37,up,bullish,breakout_down_strong
2026-06-09T17:44:59,15m,HOLD,0.0,down,neutral,flat_zero_range
2026-06-09T17:44:59,15m,HOLD,0.2,down,neutral,breakout_down_weak
2026-06-09T17:44:59,15m,HOLD,0.0,down,neutral,breakout_down_weak
2026-06-09T17:44:59,15m,HOLD,0.01,down,neutral,breakout_down_strong
2026-06-09T17:44:59,15m,HOLD,0.04,down,neutral,inside_bar
2026-06-09T17:44:59,15m,HOLD,4261.83,down,bearish,inside_bullish_weak
2026-06-09T17:44:59,15m,HOLD,2.51,down,neutral,flat_zero_range
2026-06-09T17:44:59,15m,HOLD,591.46,down,neutral,breakout_down_weak
2026-06-09T17:44:59,15m,HOLD,0.03,down,neutral,exhaustion_up
2026-06-09T17:44:59,15m,HOLD,1.24,down,neutral,breakout_down_weak
2026-06-09T17:44:59,15m,HOLD,0.08,up,bullish,exhaustion_down
2026-06-09T17:44:59,15m,HOLD,0.18,down,bearish,breakout_down_strong
2026-06-09T17:44:59,15m,HOLD,0.06,down,bearish,inside_bar
2026-06-09T17:44:59,15m,HOLD,0.08,up,bullish,inside_bar
2026-06-09T17:44:59,15m,HOLD,0.02,down,neutral,flat_zero_range
2026-06-09T17:44:59,15m,HOLD,0.01,down,neutral,trend_continuation_down
2026-06-09T17:44:59,15m,HOLD,0.08,down,bearish,exhaustion_down
2026-06-09T17:44:59,15m,HOLD,0.01,down,bullish,breakout_down_strong
2026-06-09T17:44:59,15m,HOLD,0.02,down,neutral,breakout_down_weak
2026-06-09T17:44:59,15m,HOLD,0.0,down,neutral,bearish_pressure
2026-06-09T17:44:59,15m,HOLD,1.76,down,bullish,inside_bar
2026-06-09T17:44:59,15m,HOLD,2.49,down,neutral,inside_bar
2026-06-09T17:44:59,15m,HOLD,0.02,down,neutral,flat_zero_range
2026-06-09T17:44:59,15m,HOLD,0.05,down,neutral,breakout_up_strong
2026-06-09T17:44:59,15m,HOLD,0.36,down,neutral,exhaustion_up
2026-06-09T17:44:59,15m,HOLD,1.65,down,neutral,exhaustion_up
2026-06-09T17:44:59,15m,HOLD,0.06,up,bullish,breakout_up_strong
2026-06-09T17:44:59,15m,HOLD,0.03,down,bearish,breakout_up_strong
2026-06-09T17:44:59,15m,HOLD,0.05,down,neutral,inside_bar
2026-06-09T17:44:59,15m,HOLD,0.12,down,neutral,inside_bar
2026-06-09T17:44:59,15m,HOLD,0.02,down,neutral,trend_continuation_up
2026-06-09T17:44:59,15m,HOLD,0.07,down,neutral,flat_zero_range
2026-06-09T17:44:59,15m,HOLD,0.05,down,neutral,exhaustion_up
2026-06-09T17:44:59,15m,HOLD,0.62,down,neutral,indecision
2026-06-09T17:44:59,15m,HOLD,0.1,down,neutral,flat_zero_range
2026-06-09T23:29:59,15m,HOLD,0.0,down,neutral,breakout_up_weak
2026-06-09T23:29:59,15m,HOLD,0.08,range,neutral,trend_continuation_down
2026-06-09T23:29:59,15m,HOLD,0.23,range,neutral,inside_bar
2026-06-09T23:29:59,15m,HOLD,0.02,down,bearish,breakout_up_strong
2026-06-09T23:29:59,15m,HOLD,0.26,down,bearish,inside_bar
2026-06-09T23:29:59,15m,HOLD,0.05,down,bullish,breakout_up_strong
2026-06-09T23:29:59,15m,HOLD,0.02,down,bearish,trend_continuation_up
2026-06-09T23:29:59,15m,HOLD,0.02,down,bearish,trend_continuation_down
2026-06-09T23:29:59,15m,HOLD,0.02,up,bullish,breakout_up_weak
2026-06-09T23:29:59,15m,HOLD,0.05,down,neutral,flat_zero_range
2026-06-09T23:29:59,15m,HOLD,0.0,down,neutral,flat_zero_range
2026-06-09T23:29:59,15m,HOLD,0.85,up,bullish,breakout_down_strong
2026-06-09T23:29:59,15m,HOLD,0.04,down,neutral,flat_zero_range
2026-06-09T23:29:59,15m,HOLD,0.02,down,bearish,trend_continuation_up
2026-06-09T23:29:59,15m,HOLD,0.07,range,neutral,trend_continuation_down
2026-06-09T23:29:59,15m,HOLD,0.18,down,neutral,flat_zero_range
2026-06-09T23:29:59,15m,HOLD,0.03,down,bearish,breakout_down_strong
2026-06-09T23:29:59,15m,HOLD,0.36,down,bearish,inside_bar
2026-06-09T23:29:59,15m,HOLD,1.25,down,bearish,trend_continuation_down
2026-06-09T23:29:59,15m,HOLD,0.33,up,bullish,breakout_up_weak
2026-06-09T23:29:59,15m,HOLD,0.1,range,bearish,trend_continuation_down
2026-06-09T23:29:59,15m,HOLD,0.68,down,bearish,bullish_pressure
2026-06-09T23:29:59,15m,HOLD,0.06,down,neutral,breakout_up_strong
2026-06-09T23:29:59,15m,HOLD,0.57,down,bearish,flat_zero_range
2026-06-09T23:29:59,15m,HOLD,27.98,down,bearish,trend_continuation_up
2026-06-09T23:29:59,15m,HOLD,0.05,up,neutral,trend_continuation_up
2026-06-09T23:29:59,15m,HOLD,0.17,down,bearish,breakout_up_weak
2026-06-09T23:29:59,15m,HOLD,0.0,down,neutral,flat_zero_range
2026-06-09T23:29:59,15m,HOLD,0.0,down,neutral,flat_zero_range
2026-06-09T23:29:59,15m,HOLD,0.06,up,bullish,trend_continuation_up
2026-06-09T23:29:59,15m,HOLD,61691.99,down,bearish,trend_continuation_down
2026-06-09T23:29:59,15m,HOLD,0.05,range,bullish,breakout_up_strong
2026-06-09T23:29:59,15m,HOLD,0.01,up,bullish,breakout_up_strong
2026-06-09T23:29:59,15m,HOLD,0.02,up,neutral,inside_bar
2026-06-09T23:29:59,15m,HOLD,0.06,up,bullish,trend_continuation_down
2026-06-09T23:29:59,15m,SHORT,592.29,down,bearish,breakout_down_strong
2026-06-09T23:29:59,15m,HOLD,0.1,up,bullish,breakout_up_strong
2026-06-09T23:29:59,15m,HOLD,0.06,down,bearish,breakout_down_strong
2026-06-09T23:29:59,15m,HOLD,1.21,down,bearish,breakout_down_strong
2026-06-09T23:29:59,15m,HOLD,0.02,up,neutral,breakout_down_weak
2026-06-09T23:29:59,15m,HOLD,0.04,up,neutral,inside_bar
2026-06-09T23:29:59,15m,HOLD,2.5,down,neutral,flat_zero_range
2026-06-09T23:29:59,15m,HOLD,0.12,down,neutral,breakout_up_weak
2026-06-09T23:29:59,15m,HOLD,1.0,range,bullish,breakout_up_strong
2026-06-09T23:29:59,15m,HOLD,0.07,range,neutral,breakout_up_strong
2026-06-09T23:29:59,15m,HOLD,0.01,down,neutral,bearish_pressure
2026-06-09T23:29:59,15m,HOLD,0.05,down,neutral,breakout_up_weak
2026-06-09T23:29:59,15m,HOLD,2.17,up,neutral,exhaustion_up
2026-06-09T23:29:59,15m,HOLD,0.07,down,neutral,breakout_up_weak
2026-06-09T23:29:59,15m,HOLD,0.03,down,bullish,trend_continuation_up
2026-06-09T23:29:59,15m,HOLD,0.0,down,bearish,breakout_down_weak
2026-06-09T23:29:59,15m,HOLD,1.11,down,bearish,flat_zero_range
2026-06-09T23:29:59,15m,HOLD,0.1,range,neutral,flat_zero_range
2026-06-09T23:29:59,15m,HOLD,0.13,down,neutral,trend_continuation_down
2026-06-09T23:29:59,15m,HOLD,0.0,down,neutral,flat_zero_range
2026-06-09T23:29:59,15m,HOLD,0.05,down,bearish,inside_bar
2026-06-09T23:29:59,15m,HOLD,0.24,down,bearish,breakout_down_strong
2026-06-09T23:29:59,15m,HOLD,0.17,range,bullish,flat_zero_range
2026-06-09T23:29:59,15m,HOLD,0.09,down,bearish,flat_zero_range
2026-06-09T23:29:59,15m,HOLD,0.02,down,neutral,flat_zero_range
2026-06-09T23:29:59,15m,HOLD,0.01,down,bearish,flat_zero_range
2026-06-09T23:29:59,15m,HOLD,0.04,down,bearish,exhaustion_up
2026-06-09T23:29:59,15m,HOLD,35.3,down,bearish,breakout_up_weak
2026-06-09T23:29:59,15m,HOLD,0.16,down,neutral,breakout_up_weak
2026-06-09T23:29:59,15m,HOLD,0.03,down,neutral,inside_bar
2026-06-09T23:29:59,15m,HOLD,0.0,range,neutral,breakout_up_weak
2026-06-09T23:29:59,15m,HOLD,0.05,up,bullish,inside_bearish_weak
2026-06-09T23:29:59,15m,HOLD,0.19,down,bearish,inside_bearish_weak
2026-06-09T23:29:59,15m,HOLD,0.12,down,bearish,breakout_down_weak
2026-06-09T23:29:59,15m,HOLD,65.61,down,bearish,breakout_down_strong
2026-06-09T23:29:59,15m,HOLD,0.18,up,bullish,breakout_up_weak
2026-06-09T23:29:59,15m,HOLD,0.04,range,neutral,flat_zero_range
2026-06-09T23:29:59,15m,HOLD,0.28,down,neutral,flat_zero_range
2026-06-09T23:29:59,15m,HOLD,0.62,range,neutral,breakout_down_weak
2026-06-09T23:29:59,15m,HOLD,0.0,down,neutral,flat_zero_range
2026-06-09T23:29:59,15m,HOLD,0.09,down,neutral,trend_continuation_down
2026-06-09T23:29:59,15m,HOLD,0.08,range,neutral,breakout_up_weak
2026-06-09T23:29:59,15m,HOLD,0.12,down,bullish,trend_continuation_down
2026-06-09T23:29:59,15m,HOLD,7.82,range,bearish,trend_continuation_down
2026-06-09T23:29:59,15m,HOLD,0.14,up,bullish,flat_zero_range
2026-06-09T23:29:59,15m,HOLD,0.02,down,neutral,flat_zero_range
2026-06-09T23:29:59,15m,HOLD,1.62,down,neutral,inside_bearish_weak
2026-06-09T23:29:59,15m,HOLD,0.75,range,bearish,inside_bar
2026-06-09T23:29:59,15m,HOLD,0.76,range,bearish,trend_continuation_down
2026-06-09T23:29:59,15m,HOLD,0.05,range,bearish,breakout_up_strong
2026-06-09T23:29:59,15m,HOLD,0.0,down,bearish,flat_zero_range
2026-06-09T23:29:59,15m,HOLD,0.32,range,neutral,breakout_up_strong
2026-06-09T23:29:59,15m,HOLD,0.09,down,neutral,flat_zero_range
2026-06-09T23:29:59,15m,HOLD,1.77,up,neutral,breakout_down_weak
2026-06-09T23:29:59,15m,HOLD,431.52,down,bearish,breakout_up_weak
2026-06-09T23:29:59,15m,HOLD,205.8,down,bearish,inside_bar
2026-06-09T23:29:59,15m,HOLD,61.89,up,neutral,breakout_down_strong
2026-06-09T23:29:59,15m,HOLD,5.54,down,bearish,trend_continuation_down
2026-06-09T23:29:59,15m,HOLD,0.08,up,bullish,breakout_up_strong
2026-06-09T23:29:59,15m,HOLD,0.08,down,bearish,trend_continuation_down
2026-06-09T23:29:59,15m,HOLD,0.0,down,bearish,flat_zero_range
2026-06-09T23:29:59,15m,HOLD,0.0,range,bullish,flat_zero_range
2026-06-09T23:29:59,15m,HOLD,0.0,down,bearish,trend_continuation_down
2026-06-09T23:29:59,15m,HOLD,0.03,up,bullish,breakout_up_strong
2026-06-09T23:29:59,15m,HOLD,0.01,down,neutral,breakout_up_weak
2026-06-09T23:29:59,15m,HOLD,0.07,range,bearish,trend_continuation_down
2026-06-09T23:29:59,15m,HOLD,0.08,down,bearish,inside_bar
2026-06-09T23:29:59,15m,HOLD,0.35,down,neutral,flat_zero_range
2026-06-09T23:29:59,15m,HOLD,1.66,range,bullish,trend_continuation_down
2026-06-09T23:29:59,15m,HOLD,0.3,up,bullish,trend_continuation_down
2026-06-09T23:29:59,15m,HOLD,0.02,down,neutral,inside_bar
2026-06-09T23:29:59,15m,HOLD,0.42,range,bearish,breakout_up_strong
2026-06-09T23:29:59,15m,HOLD,0.13,down,bearish,trend_continuation_up
2026-06-09T23:29:59,15m,HOLD,0.03,up,bullish,breakout_down_strong
2026-06-09T23:29:59,15m,HOLD,0.01,down,bullish,flat_zero_range
2026-06-09T23:29:59,15m,HOLD,0.66,range,bullish,trend_continuation_down
2026-06-09T23:29:59,15m,HOLD,0.0,down,bearish,flat_zero_range
2026-06-09T23:29:59,15m,HOLD,0.08,range,neutral,breakout_up_weak
2026-06-09T23:29:59,15m,HOLD,0.08,down,bearish,trend_continuation_down
2026-06-09T23:29:59,15m,HOLD,7.0,range,neutral,breakout_up_strong
2026-06-09T23:29:59,15m,HOLD,0.86,down,neutral,flat_zero_range
2026-06-09T23:29:59,15m,HOLD,0.03,up,neutral,inside_bar
2026-06-09T23:29:59,15m,HOLD,0.0,down,bearish,flat_zero_range
2026-06-09T23:29:59,15m,HOLD,0.01,up,bullish,breakout_up_strong
2026-06-09T23:29:59,15m,HOLD,0.01,down,neutral,breakout_up_weak
2026-06-09T23:29:59,15m,HOLD,0.2,down,bearish,trend_continuation_down
2026-06-09T23:29:59,15m,HOLD,0.15,down,bearish,trend_continuation_down
2026-06-09T23:29:59,15m,HOLD,1.31,range,bearish,trend_continuation_up
2026-06-09T23:29:59,15m,HOLD,4220.66,down,bearish,breakout_down_strong
2026-06-09T23:29:59,15m,HOLD,0.04,range,bullish,inside_bar
2026-06-09T23:29:59,15m,HOLD,0.05,down,bearish,breakout_down_strong
2026-06-09T23:29:59,15m,HOLD,5.57,down,bullish,flat_zero_range
2026-06-09T23:29:59,15m,HOLD,0.01,down,bearish,breakout_down_strong
2026-06-09T23:29:59,15m,HOLD,0.39,up,neutral,exhaustion_up
2026-06-09T23:29:59,15m,HOLD,0.24,down,bearish,flat_zero_range
2026-06-09T23:29:59,15m,HOLD,0.05,down,neutral,flat_zero_range
2026-06-09T23:29:59,15m,HOLD,0.1,down,neutral,trend_continuation_up
2026-06-09T23:29:59,15m,HOLD,0.0,down,bearish,breakout_down_strong
2026-06-09T23:29:59,15m,HOLD,0.03,down,bullish,flat_zero_range
2026-06-09T23:29:59,15m,HOLD,0.1,down,neutral,trend_continuation_up
2026-06-09T23:29:59,15m,HOLD,0.0,down,neutral,flat_zero_range
2026-06-09T23:29:59,15m,HOLD,0.19,down,bearish,trend_continuation_down
2026-06-09T23:29:59,15m,HOLD,2.47,down,bearish,bearish_pressure
2026-06-09T23:29:59,15m,HOLD,0.02,down,bearish,flat_zero_range
2026-06-09T23:44:59,15m,HOLD,0.0,down,bearish,inside_bar
2026-06-09T23:44:59,15m,HOLD,0.08,range,neutral,inside_bar
2026-06-09T23:44:59,15m,HOLD,0.05,down,neutral,breakout_down_strong
2026-06-09T23:44:59,15m,HOLD,0.02,down,bearish,exhaustion_down
2026-06-09T23:44:59,15m,HOLD,0.02,down,bearish,inside_bar
2026-06-09T23:44:59,15m,HOLD,0.02,up,bullish,inside_bar
2026-06-09T23:44:59,15m,HOLD,0.0,down,bearish,flat_zero_range
2026-06-09T23:44:59,15m,HOLD,0.85,up,bullish,inside_bar
2026-06-09T23:44:59,15m,HOLD,0.04,down,bearish,flat_zero_range
2026-06-09T23:44:59,15m,HOLD,0.02,down,bearish,trend_continuation_down
2026-06-09T23:44:59,15m,HOLD,0.07,range,bearish,flat_zero_range
2026-06-09T23:44:59,15m,HOLD,0.06,down,bearish,breakout_down_strong
2026-06-09T23:44:59,15m,HOLD,0.05,up,bearish,inside_bar
2026-06-09T23:44:59,15m,HOLD,0.17,down,bearish,inside_bar
2026-06-09T23:44:59,15m,HOLD,0.0,down,neutral,flat_zero_range
2026-06-09T23:44:59,15m,HOLD,0.0,down,bearish,trend_continuation_down
2026-06-09T23:44:59,15m,HOLD,61632.0,down,bearish,inside_bar
2026-06-09T23:44:59,15m,HOLD,0.01,up,bullish,inside_bar
2026-06-09T23:44:59,15m,HOLD,0.02,up,bullish,inside_bar
2026-06-09T23:44:59,15m,HOLD,0.06,range,neutral,inside_bar
2026-06-09T23:44:59,15m,HOLD,592.56,down,bearish,breakout_up_strong
2026-06-09T23:44:59,15m,HOLD,1.21,down,neutral,flat_zero_range
2026-06-09T23:44:59,15m,HOLD,0.06,down,bearish,breakout_up_strong
2026-06-09T23:44:59,15m,HOLD,0.02,up,neutral,inside_bar
2026-06-09T23:44:59,15m,HOLD,2.49,down,bearish,flat_zero_range
2026-06-09T23:44:59,15m,HOLD,0.04,up,neutral,inside_bar
2026-06-09T23:44:59,15m,HOLD,1.0,range,bullish,inside_bar
2026-06-09T23:44:59,15m,HOLD,0.07,range,neutral,trend_continuation_down
2026-06-09T23:44:59,15m,HOLD,0.01,down,neutral,flat_zero_range
2026-06-09T23:44:59,15m,HOLD,0.05,down,bearish,inside_bar
2026-06-09T23:44:59,15m,HOLD,2.17,up,neutral,exhaustion_down
2026-06-09T23:44:59,15m,HOLD,0.07,down,neutral,inside_bar
2026-06-09T23:44:59,15m,HOLD,0.03,down,bullish,inside_bar
2026-06-09T23:44:59,15m,HOLD,0.1,range,neutral,flat_zero_range
2026-06-09T23:44:59,15m,HOLD,0.13,down,neutral,breakout_up_strong
2026-06-09T23:44:59,15m,HOLD,0.05,down,bearish,inside_bar
2026-06-09T23:44:59,15m,HOLD,0.24,down,neutral,breakout_up_strong
2026-06-09T23:44:59,15m,HOLD,0.17,range,bullish,exhaustion_down
2026-06-09T23:44:59,15m,HOLD,0.02,down,neutral,flat_zero_range
2026-06-09T23:44:59,15m,HOLD,0.01,down,bearish,flat_zero_range
2026-06-09T23:44:59,15m,HOLD,35.21,down,bearish,exhaustion_down
2026-06-09T23:44:59,15m,HOLD,0.05,up,bullish,breakout_up_strong
2026-06-09T23:44:59,15m,HOLD,0.19,down,bearish,exhaustion_down
2026-06-09T23:44:59,15m,HOLD,0.12,down,bearish,breakout_down_strong
2026-06-09T23:44:59,15m,HOLD,0.18,up,bullish,inside_bar
2026-06-09T23:44:59,15m,HOLD,0.04,range,bearish,flat_zero_range
2026-06-09T23:44:59,15m,HOLD,0.28,down,neutral,flat_zero_range
2026-06-09T23:44:59,15m,HOLD,0.62,range,bearish,inside_bar
2026-06-09T23:44:59,15m,HOLD,0.0,down,bearish,inside_bar
2026-06-09T23:44:59,15m,HOLD,0.09,down,neutral,breakout_up_strong
2026-06-09T23:44:59,15m,HOLD,7.83,range,bearish,breakout_up_strong
2026-06-09T23:44:59,15m,HOLD,0.14,up,neutral,inside_bar
2026-06-09T23:44:59,15m,HOLD,1.62,down,bearish,inside_bar
2026-06-09T23:44:59,15m,HOLD,0.02,down,neutral,flat_zero_range
2026-06-09T23:44:59,15m,HOLD,0.75,range,neutral,breakout_up_strong
2026-06-09T23:44:59,15m,HOLD,0.77,range,neutral,breakout_up_strong
2026-06-09T23:44:59,15m,HOLD,0.05,range,bearish,flat_zero_range
2026-06-09T23:44:59,15m,HOLD,0.0,down,bearish,flat_zero_range
2026-06-09T23:44:59,15m,HOLD,0.32,range,neutral,inside_bar
2026-06-09T23:44:59,15m,HOLD,0.09,down,neutral,flat_zero_range
2026-06-09T23:44:59,15m,HOLD,1.77,up,neutral,inside_bar
2026-06-09T23:44:59,15m,HOLD,206.3,down,bearish,breakout_up_strong
2026-06-09T23:44:59,15m,HOLD,61.93,up,neutral,breakout_up_strong
2026-06-09T23:44:59,15m,HOLD,5.53,down,bearish,exhaustion_up
2026-06-09T23:44:59,15m,HOLD,0.08,down,bearish,inside_bar
2026-06-09T23:44:59,15m,HOLD,0.03,up,bullish,breakout_up_weak
2026-06-09T23:44:59,15m,HOLD,0.0,down,bearish,flat_zero_range
2026-06-09T23:44:59,15m,HOLD,0.01,down,neutral,breakout_up_weak
2026-06-09T23:44:59,15m,HOLD,0.07,range,bullish,inside_bar
2026-06-09T23:44:59,15m,HOLD,0.08,down,bearish,inside_bar
2026-06-09T23:44:59,15m,HOLD,0.35,down,bearish,flat_zero_range
2026-06-09T23:44:59,15m,HOLD,1.66,range,bullish,inside_bar
2026-06-09T23:44:59,15m,HOLD,0.02,down,bearish,breakout_down_strong
2026-06-09T23:44:59,15m,HOLD,0.03,up,bullish,indecision
2026-06-09T23:44:59,15m,HOLD,0.01,down,bullish,indecision
2026-06-09T23:44:59,15m,LONG,0.67,up,bullish,inside_bar
2026-06-09T23:44:59,15m,HOLD,0.0,down,bearish,flat_zero_range
2026-06-09T23:44:59,15m,HOLD,0.08,range,neutral,exhaustion_up
2026-06-09T23:44:59,15m,HOLD,7.01,range,bullish,breakout_up_strong
2026-06-09T23:44:59,15m,HOLD,0.03,up,bullish,breakout_up_strong
2026-06-09T23:44:59,15m,HOLD,0.0,down,bearish,flat_zero_range
2026-06-09T23:44:59,15m,HOLD,0.15,down,bearish,inside_bar
2026-06-09T23:44:59,15m,HOLD,1.31,range,neutral,breakout_up_strong
2026-06-09T23:44:59,15m,HOLD,0.04,range,bullish,inside_bar
2026-06-09T23:44:59,15m,HOLD,5.55,down,neutral,flat_zero_range
2026-06-09T23:44:59,15m,HOLD,0.39,up,neutral,inside_bar
2026-06-09T23:44:59,15m,HOLD,0.24,down,bearish,inside_bar
2026-06-09T23:44:59,15m,HOLD,0.1,down,neutral,inside_bar
2026-06-09T23:44:59,15m,HOLD,0.0,down,bearish,exhaustion_down
2026-06-09T23:44:59,15m,HOLD,0.1,down,neutral,flat_zero_range
2026-06-09T23:44:59,15m,HOLD,0.19,down,bearish,inside_bar
2026-06-09T23:44:59,15m,HOLD,2.48,down,bearish,breakout_up_strong
2026-06-09T23:44:59,15m,HOLD,0.02,down,bearish,flat_zero_range
2026-06-09T23:44:59,15m,HOLD,0.23,range,bullish,flat_zero_range
2026-06-09T23:44:59,15m,HOLD,0.02,down,neutral,breakout_up_strong
2026-06-09T23:44:59,15m,HOLD,0.26,down,neutral,indecision
2026-06-09T23:44:59,15m,HOLD,0.05,down,bearish,flat_zero_range
2026-06-09T23:44:59,15m,HOLD,0.18,down,neutral,flat_zero_range
2026-06-09T23:44:59,15m,HOLD,0.03,down,bearish,indecision
2026-06-09T23:44:59,15m,HOLD,0.36,down,bearish,inside_bearish_weak
2026-06-09T23:44:59,15m,HOLD,1.25,down,bearish,inside_bar
2026-06-09T23:44:59,15m,HOLD,0.33,up,bullish,indecision
2026-06-09T23:44:59,15m,HOLD,0.1,range,bearish,inside_bar
2026-06-09T23:44:59,15m,HOLD,0.68,down,bearish,exhaustion_down
2026-06-09T23:44:59,15m,HOLD,0.57,down,bearish,inside_bar
2026-06-09T23:44:59,15m,HOLD,27.91,down,bearish,inside_bar
2026-06-09T23:44:59,15m,HOLD,0.06,up,bullish,inside_bar
2026-06-09T23:44:59,15m,HOLD,0.05,range,bearish,flat_zero_range
2026-06-09T23:44:59,15m,HOLD,0.1,up,bullish,inside_bar
2026-06-09T23:44:59,15m,HOLD,0.12,down,neutral,inside_bar
2026-06-09T23:44:59,15m,HOLD,0.0,down,bearish,flat_zero_range
2026-06-09T23:44:59,15m,HOLD,1.11,down,bearish,flat_zero_range
2026-06-09T23:44:59,15m,HOLD,0.0,down,neutral,flat_zero_range
2026-06-09T23:44:59,15m,HOLD,0.09,down,bearish,breakout_down_weak
2026-06-09T23:44:59,15m,HOLD,0.04,down,bearish,exhaustion_up
2026-06-09T23:44:59,15m,HOLD,0.16,down,neutral,inside_bar
2026-06-09T23:44:59,15m,HOLD,0.03,down,neutral,exhaustion_down
2026-06-09T23:44:59,15m,HOLD,0.0,range,neutral,inside_bar
2026-06-09T23:44:59,15m,HOLD,65.97,down,bullish,breakout_up_weak
2026-06-09T23:44:59,15m,HOLD,0.08,range,bullish,breakout_up_strong
2026-06-09T23:44:59,15m,HOLD,0.12,down,bullish,inside_bar
2026-06-09T23:44:59,15m,HOLD,433.51,down,bearish,breakout_up_strong
2026-06-09T23:44:59,15m,HOLD,0.08,up,bullish,trend_continuation_down
2026-06-09T23:44:59,15m,HOLD,0.0,down,neutral,flat_zero_range
2026-06-09T23:44:59,15m,HOLD,0.0,range,bullish,flat_zero_range
2026-06-09T23:44:59,15m,HOLD,0.3,up,bullish,exhaustion_up
2026-06-09T23:44:59,15m,HOLD,0.42,range,bearish,breakout_down_strong
2026-06-09T23:44:59,15m,HOLD,0.13,down,bearish,breakout_up_weak
2026-06-09T23:44:59,15m,HOLD,0.08,down,bearish,inside_bar
2026-06-09T23:44:59,15m,HOLD,0.87,down,neutral,breakout_up_strong
2026-06-09T23:44:59,15m,HOLD,0.01,up,bullish,breakout_down_weak
2026-06-09T23:44:59,15m,HOLD,0.01,down,neutral,bullish_pressure
2026-06-09T23:44:59,15m,HOLD,0.2,down,bearish,inside_bar
2026-06-09T23:44:59,15m,HOLD,4214.44,down,bearish,breakout_down_strong
2026-06-09T23:44:59,15m,HOLD,0.05,down,neutral,inside_bar
2026-06-09T23:44:59,15m,HOLD,0.01,down,bearish,breakout_up_strong
2026-06-09T23:44:59,15m,HOLD,0.05,down,neutral,flat_zero_range
2026-06-09T23:44:59,15m,HOLD,0.03,down,bullish,flat_zero_range
2026-06-09T23:44:59,15m,HOLD,0.0,down,bearish,breakout_down_strong
2026-06-09T23:59:59,15m,HOLD,0.0,down,neutral,bearish_pressure
2026-06-09T23:59:59,15m,HOLD,0.08,range,bearish,inside_bar
2026-06-09T23:59:59,15m,HOLD,0.05,down,bullish,flat_zero_range
2026-06-09T23:59:59,15m,HOLD,0.02,down,neutral,breakout_up_strong
2026-06-09T23:59:59,15m,HOLD,0.02,down,bearish,inside_bar
2026-06-09T23:59:59,15m,HOLD,0.02,up,bullish,inside_bar
2026-06-09T23:59:59,15m,HOLD,0.0,down,neutral,flat_zero_range
2026-06-09T23:59:59,15m,HOLD,0.85,up,bullish,inside_bar
2026-06-09T23:59:59,15m,HOLD,0.04,down,bearish,flat_zero_range
2026-06-09T23:59:59,15m,HOLD,0.07,range,bearish,inside_bar
2026-06-09T23:59:59,15m,HOLD,0.06,down,bearish,breakout_down_strong
2026-06-09T23:59:59,15m,HOLD,0.0,down,bearish,flat_zero_range
2026-06-09T23:59:59,15m,HOLD,0.17,down,bearish,inside_bar
2026-06-09T23:59:59,15m,HOLD,0.0,down,bearish,flat_zero_range
2026-06-09T23:59:59,15m,HOLD,61730.0,down,neutral,inside_bar
2026-06-09T23:59:59,15m,HOLD,0.01,up,bullish,exhaustion_up
2026-06-09T23:59:59,15m,HOLD,0.02,up,bullish,breakout_up_strong
2026-06-09T23:59:59,15m,LONG,0.06,up,bullish,inside_bar
2026-06-09T23:59:59,15m,HOLD,593.44,down,bearish,inside_bar
2026-06-09T23:59:59,15m,HOLD,0.06,down,bearish,inside_bar
2026-06-09T23:59:59,15m,HOLD,0.02,up,bearish,inside_bar
2026-06-09T23:59:59,15m,HOLD,2.49,down,bearish,flat_zero_range
2026-06-09T23:59:59,15m,HOLD,0.04,up,neutral,breakout_up_strong
2026-06-09T23:59:59,15m,HOLD,1.0,range,bullish,breakout_up_weak
2026-06-09T23:59:59,15m,HOLD,0.07,range,neutral,breakout_down_strong
2026-06-09T23:59:59,15m,HOLD,0.05,down,bearish,inside_bar
2026-06-09T23:59:59,15m,HOLD,2.15,up,neutral,trend_continuation_down
2026-06-09T23:59:59,15m,HOLD,0.07,down,neutral,trend_continuation_down
2026-06-09T23:59:59,15m,HOLD,0.03,down,bullish,trend_continuation_down
2026-06-09T23:59:59,15m,HOLD,0.1,range,neutral,flat_zero_range
2026-06-09T23:59:59,15m,HOLD,0.13,down,neutral,breakout_down_strong
2026-06-09T23:59:59,15m,HOLD,0.05,down,bearish,inside_bar
2026-06-09T23:59:59,15m,HOLD,0.24,down,bearish,inside_bar
2026-06-09T23:59:59,15m,LONG,0.17,up,bullish,flat_zero_range
2026-06-09T23:59:59,15m,HOLD,0.02,down,neutral,flat_zero_range
2026-06-09T23:59:59,15m,HOLD,0.01,down,neutral,flat_zero_range
2026-06-09T23:59:59,15m,HOLD,0.03,up,bullish,breakout_down_weak
2026-06-09T23:59:59,15m,HOLD,35.14,down,bearish,inside_bar
2026-06-09T23:59:59,15m,HOLD,0.0,range,neutral,inside_bar
2026-06-09T23:59:59,15m,HOLD,0.05,up,bullish,exhaustion_up
2026-06-09T23:59:59,15m,HOLD,0.19,down,bearish,trend_continuation_down
2026-06-09T23:59:59,15m,HOLD,0.12,down,bearish,breakout_down_strong
2026-06-09T23:59:59,15m,HOLD,0.18,up,neutral,breakout_down_strong
2026-06-09T23:59:59,15m,HOLD,0.04,range,neutral,flat_zero_range
2026-06-09T23:59:59,15m,HOLD,0.28,down,neutral,flat_zero_range
2026-06-09T23:59:59,15m,HOLD,0.62,range,bearish,inside_bar
2026-06-09T23:59:59,15m,HOLD,0.0,down,bearish,breakout_down_strong
2026-06-09T23:59:59,15m,HOLD,0.09,down,neutral,flat_zero_range
2026-06-09T23:59:59,15m,HOLD,0.12,down,bullish,inside_bar
2026-06-09T23:59:59,15m,HOLD,7.84,range,neutral,inside_bar
2026-06-09T23:59:59,15m,HOLD,0.14,up,neutral,inside_bar
2026-06-09T23:59:59,15m,HOLD,0.75,range,neutral,inside_bar
2026-06-09T23:59:59,15m,HOLD,1.61,down,bearish,inside_bar
2026-06-09T23:59:59,15m,HOLD,0.02,down,neutral,flat_zero_range
2026-06-09T23:59:59,15m,HOLD,0.76,range,bearish,inside_bar
2026-06-09T23:59:59,15m,HOLD,0.05,range,neutral,breakout_up_strong
2026-06-09T23:59:59,15m,HOLD,0.0,down,neutral,breakout_up_strong
2026-06-09T23:59:59,15m,HOLD,0.32,range,neutral,breakout_up_weak
2026-06-09T23:59:59,15m,HOLD,0.09,down,bullish,breakout_down_strong
2026-06-09T23:59:59,15m,HOLD,1.78,up,bullish,breakout_up_weak
2026-06-09T23:59:59,15m,HOLD,206.1,down,bearish,bearish_pressure
2026-06-09T23:59:59,15m,HOLD,0.02,down,neutral,flat_zero_range
2026-06-09T23:59:59,15m,HOLD,62.1,up,bullish,inside_bar
2026-06-09T23:59:59,15m,HOLD,5.54,down,bearish,bearish_pressure
2026-06-09T23:59:59,15m,HOLD,0.08,down,bearish,inside_bullish_weak
2026-06-09T23:59:59,15m,HOLD,0.0,range,neutral,breakout_down_strong
2026-06-09T23:59:59,15m,HOLD,0.0,down,bearish,flat_zero_range
2026-06-09T23:59:59,15m,HOLD,0.01,down,bullish,inside_bar
2026-06-09T23:59:59,15m,HOLD,0.07,range,bullish,inside_bar
2026-06-09T23:59:59,15m,HOLD,0.08,down,neutral,breakout_up_weak
2026-06-09T23:59:59,15m,HOLD,0.35,down,neutral,flat_zero_range
2026-06-09T23:59:59,15m,HOLD,1.66,range,bullish,inside_bar
2026-06-09T23:59:59,15m,HOLD,0.02,down,bearish,inside_bar
2026-06-09T23:59:59,15m,HOLD,0.03,up,bullish,exhaustion_up
2026-06-09T23:59:59,15m,HOLD,0.01,down,bullish,flat_zero_range
2026-06-09T23:59:59,15m,HOLD,0.67,up,bullish,inside_bar
2026-06-09T23:59:59,15m,HOLD,0.0,down,bearish,flat_zero_range
2026-06-09T23:59:59,15m,HOLD,0.08,range,neutral,breakout_up_strong
2026-06-09T23:59:59,15m,HOLD,7.0,range,neutral,inside_bar
2026-06-09T23:59:59,15m,HOLD,0.03,up,neutral,breakout_down_strong
2026-06-09T23:59:59,15m,HOLD,0.0,down,neutral,flat_zero_range
2026-06-09T23:59:59,15m,HOLD,0.15,down,bearish,inside_bar
2026-06-09T23:59:59,15m,HOLD,1.31,range,bullish,inside_bar
2026-06-09T23:59:59,15m,HOLD,0.04,range,bullish,flat_zero_range
2026-06-09T23:59:59,15m,HOLD,0.05,down,bearish,flat_zero_range
2026-06-09T23:59:59,15m,HOLD,5.56,down,neutral,flat_zero_range
2026-06-09T23:59:59,15m,HOLD,0.39,up,bullish,inside_bar
2026-06-09T23:59:59,15m,HOLD,0.24,down,bearish,inside_bar
2026-06-09T23:59:59,15m,HOLD,0.1,down,neutral,inside_bar
2026-06-09T23:59:59,15m,HOLD,0.0,down,bearish,inside_bar
2026-06-09T23:59:59,15m,HOLD,0.1,down,neutral,flat_zero_range
2026-06-09T23:59:59,15m,HOLD,0.19,down,bearish,inside_bar
2026-06-09T23:59:59,15m,HOLD,0.23,range,bullish,flat_zero_range
2026-06-09T23:59:59,15m,HOLD,0.02,down,neutral,inside_bar
2026-06-09T23:59:59,15m,HOLD,0.26,down,neutral,trend_continuation_down
2026-06-09T23:59:59,15m,HOLD,0.05,down,bearish,trend_continuation_down
2026-06-09T23:59:59,15m,HOLD,0.02,down,bearish,inside_bar
2026-06-09T23:59:59,15m,HOLD,0.18,down,bullish,flat_zero_range
2026-06-09T23:59:59,15m,HOLD,0.03,down,bearish,breakout_up_strong
2026-06-09T23:59:59,15m,HOLD,0.36,down,bearish,inside_bar
2026-06-09T23:59:59,15m,HOLD,1.25,down,bearish,flat_zero_range
2026-06-09T23:59:59,15m,HOLD,0.33,up,bullish,inside_bar
2026-06-09T23:59:59,15m,HOLD,0.1,range,bearish,inside_bar
2026-06-09T23:59:59,15m,HOLD,0.68,down,bearish,inside_bearish_weak
2026-06-09T23:59:59,15m,HOLD,0.57,down,bearish,trend_continuation_down
2026-06-09T23:59:59,15m,HOLD,28.0,down,bearish,breakout_up_weak
2026-06-09T23:59:59,15m,HOLD,0.05,up,bearish,inside_bar
2026-06-09T23:59:59,15m,HOLD,0.06,up,bullish,inside_bar
2026-06-09T23:59:59,15m,HOLD,0.05,range,neutral,flat_zero_range
2026-06-09T23:59:59,15m,HOLD,0.1,up,bullish,inside_bar
2026-06-09T23:59:59,15m,HOLD,1.21,down,neutral,flat_zero_range
2026-06-09T23:59:59,15m,HOLD,0.12,down,bearish,inside_bar
2026-06-09T23:59:59,15m,HOLD,0.01,down,neutral,inside_bar
2026-06-09T23:59:59,15m,HOLD,0.0,down,bearish,flat_zero_range
2026-06-09T23:59:59,15m,HOLD,1.11,down,bearish,flat_zero_range
2026-06-09T23:59:59,15m,HOLD,0.0,down,bullish,flat_zero_range
2026-06-09T23:59:59,15m,HOLD,0.09,down,bearish,breakout_up_weak
2026-06-09T23:59:59,15m,HOLD,0.04,down,neutral,breakout_up_strong
2026-06-09T23:59:59,15m,HOLD,0.16,down,bullish,trend_continuation_down
2026-06-09T23:59:59,15m,HOLD,0.03,down,bullish,breakout_up_strong
2026-06-09T23:59:59,15m,HOLD,65.7,down,neutral,breakout_down_strong
2026-06-09T23:59:59,15m,HOLD,0.08,range,bullish,inside_bar
2026-06-09T23:59:59,15m,HOLD,430.02,down,bearish,breakout_down_weak
2026-06-09T23:59:59,15m,HOLD,0.08,up,bullish,indecision
2026-06-09T23:59:59,15m,HOLD,0.0,down,neutral,flat_zero_range
2026-06-09T23:59:59,15m,HOLD,0.3,up,bullish,inside_bar
2026-06-09T23:59:59,15m,HOLD,0.42,range,bullish,inside_bearish_weak
2026-06-09T23:59:59,15m,HOLD,0.13,down,neutral,breakout_up_weak
2026-06-09T23:59:59,15m,HOLD,0.08,down,bearish,trend_continuation_down
2026-06-09T23:59:59,15m,HOLD,0.87,down,bullish,flat_zero_range
2026-06-09T23:59:59,15m,HOLD,0.01,up,neutral,inside_bar
2026-06-09T23:59:59,15m,HOLD,0.01,down,neutral,inside_bar
2026-06-09T23:59:59,15m,HOLD,0.2,down,bearish,inside_bar
2026-06-09T23:59:59,15m,HOLD,4218.22,down,bearish,breakout_up_weak
2026-06-09T23:59:59,15m,HOLD,0.01,down,bearish,trend_continuation_down
2026-06-09T23:59:59,15m,HOLD,0.05,down,bearish,flat_zero_range
2026-06-09T23:59:59,15m,HOLD,0.03,down,bullish,flat_zero_range
2026-06-09T23:59:59,15m,HOLD,0.0,down,bearish,breakout_down_strong
2026-06-09T23:59:59,15m,HOLD,2.48,down,bearish,inside_bar
2026-06-10T15:59:59,15m,HOLD,0.02,up,bullish,flat_zero_range
2026-06-10T15:59:59,15m,HOLD,0.17,up,bullish,trend_continuation_down
2026-06-10T15:59:59,15m,HOLD,0.0,range,bullish,flat_zero_range
2026-06-10T15:59:59,15m,HOLD,0.08,down,bearish,exhaustion_down
2026-06-10T15:59:59,15m,HOLD,0.0,up,bullish,inside_bar
2026-06-10T15:59:59,15m,HOLD,0.07,up,bullish,breakout_up_weak
2026-06-10T15:59:59,15m,HOLD,0.05,up,bearish,inside_bearish_weak
2026-06-10T15:59:59,15m,HOLD,0.19,up,bullish,breakout_up_weak
2026-06-10T15:59:59,15m,HOLD,0.03,up,bullish,breakout_up_weak
2026-06-10T15:59:59,15m,HOLD,1.0,range,bullish,breakout_up_strong
2026-06-10T15:59:59,15m,HOLD,0.01,range,bullish,inside_bar
2026-06-10T15:59:59,15m,HOLD,0.06,up,bullish,breakout_up_strong
2026-06-10T15:59:59,15m,HOLD,0.58,up,bullish,breakout_up_weak
2026-06-10T15:59:59,15m,HOLD,0.01,up,bullish,breakout_up_strong
2026-06-10T15:59:59,15m,HOLD,0.03,down,bearish,trend_continuation_down
2026-06-10T15:59:59,15m,HOLD,5.32,down,bullish,breakout_up_weak
2026-06-10T15:59:59,15m,HOLD,0.01,up,neutral,flat_zero_range
2026-06-10T15:59:59,15m,HOLD,35.35,up,bullish,breakout_up_strong
2026-06-10T15:59:59,15m,HOLD,0.0,up,bullish,breakout_up_weak
2026-06-10T15:59:59,15m,HOLD,0.1,range,neutral,inside_bar
2026-06-10T15:59:59,15m,HOLD,0.05,up,bullish,breakout_up_weak
2026-06-10T15:59:59,15m,HOLD,2.5,up,bullish,inside_bearish_weak
2026-06-10T15:59:59,15m,HOLD,0.32,range,bullish,breakout_up_strong
2026-06-10T15:59:59,15m,HOLD,438.02,up,bullish,breakout_up_weak
2026-06-10T15:59:59,15m,HOLD,0.07,range,bullish,breakout_up_strong
2026-06-10T15:59:59,15m,HOLD,0.04,up,bullish,trend_continuation_down
2026-06-10T15:59:59,15m,HOLD,0.12,down,neutral,breakout_up_weak
2026-06-10T15:59:59,15m,HOLD,0.08,down,neutral,breakout_up_weak
2026-06-10T15:59:59,15m,HOLD,0.02,down,neutral,breakout_up_weak
2026-06-10T15:59:59,15m,HOLD,0.35,up,bullish,bearish_pressure
2026-06-10T15:59:59,15m,HOLD,0.08,up,bullish,breakout_down_weak
2026-06-10T15:59:59,15m,HOLD,0.42,up,neutral,breakout_up_weak
2026-06-10T15:59:59,15m,HOLD,0.0,up,neutral,inside_bar
2026-06-10T15:59:59,15m,HOLD,4130.09,down,bearish,trend_continuation_up
2026-06-10T15:59:59,15m,HOLD,0.0,up,bullish,flat_zero_range
2026-06-10T15:59:59,15m,HOLD,0.09,down,neutral,bearish_pressure
2026-06-10T15:59:59,15m,HOLD,0.08,up,bullish,breakout_up_weak
2026-06-10T15:59:59,15m,HOLD,0.08,up,bullish,breakout_up_weak
2026-06-10T15:59:59,15m,HOLD,0.24,range,bullish,breakout_up_strong
2026-06-10T15:59:59,15m,LONG,27.94,up,bullish,breakout_up_strong
2026-06-10T15:59:59,15m,HOLD,0.2,down,neutral,breakout_up_weak
2026-06-10T15:59:59,15m,HOLD,0.0,up,bullish,breakout_up_weak
2026-06-10T15:59:59,15m,HOLD,1.8,up,bearish,inside_bar
2026-06-10T15:59:59,15m,HOLD,7.81,up,bullish,breakout_up_strong
2026-06-10T15:59:59,15m,HOLD,65.09,down,neutral,bearish_pressure
2026-06-10T15:59:59,15m,HOLD,0.02,down,bearish,breakout_up_weak
2026-06-10T15:59:59,15m,HOLD,0.05,up,bullish,flat_zero_range
2026-06-10T15:59:59,15m,HOLD,0.25,up,neutral,inside_bar
2026-06-10T15:59:59,15m,HOLD,63.5,up,bullish,trend_continuation_down
2026-06-10T15:59:59,15m,HOLD,0.63,up,bullish,exhaustion_down
2026-06-10T15:59:59,15m,HOLD,0.04,down,bullish,breakout_up_weak
2026-06-10T15:59:59,15m,HOLD,0.07,up,bullish,breakout_up_strong
2026-06-10T15:59:59,15m,HOLD,0.0,up,bullish,inside_bar
2026-06-10T15:59:59,15m,HOLD,0.39,range,bullish,breakout_up_weak
2026-06-10T15:59:59,15m,HOLD,0.08,range,bullish,breakout_up_weak
2026-06-10T15:59:59,15m,HOLD,0.01,up,bullish,breakout_up_strong
2026-06-10T15:59:59,15m,HOLD,0.07,range,bullish,breakout_up_weak
2026-06-10T15:59:59,15m,HOLD,0.03,up,bullish,breakout_up_weak
2026-06-10T15:59:59,15m,HOLD,1.68,up,bullish,inside_bar
2026-06-10T15:59:59,15m,HOLD,0.76,up,bullish,trend_continuation_down
2026-06-10T15:59:59,15m,HOLD,0.04,up,neutral,trend_continuation_down
2026-06-10T15:59:59,15m,HOLD,0.01,up,neutral,inside_bar
2026-06-10T15:59:59,15m,HOLD,0.08,down,bearish,breakout_up_weak
2026-06-10T15:59:59,15m,HOLD,0.0,range,bullish,breakout_up_weak
2026-06-10T15:59:59,15m,HOLD,0.06,up,bullish,breakout_up_weak
2026-06-10T15:59:59,15m,HOLD,0.18,down,bearish,breakout_down_strong
2026-06-10T15:59:59,15m,HOLD,1.12,up,bullish,breakout_up_weak
2026-06-10T15:59:59,15m,HOLD,0.12,down,bearish,inside_bar
2026-06-10T15:59:59,15m,HOLD,0.06,down,bearish,breakout_up_strong
2026-06-10T15:59:59,15m,HOLD,0.26,up,bullish,breakout_up_strong
2026-06-10T15:59:59,15m,HOLD,596.9,up,bullish,breakout_up_strong
2026-06-10T15:59:59,15m,HOLD,1.24,up,bullish,breakout_up_weak
2026-06-10T15:59:59,15m,HOLD,0.11,down,bearish,breakout_up_weak
2026-06-10T15:59:59,15m,HOLD,0.19,range,neutral,breakout_down_strong
2026-06-10T15:59:59,15m,HOLD,2.1,range,neutral,breakout_up_strong
2026-06-10T15:59:59,15m,HOLD,0.0,up,bullish,breakout_up_strong
2026-06-10T15:59:59,15m,HOLD,1.57,down,neutral,breakout_up_weak
2026-06-10T15:59:59,15m,HOLD,0.11,up,neutral,breakout_up_strong
2026-06-10T15:59:59,15m,HOLD,0.04,up,neutral,breakout_up_strong
2026-06-10T15:59:59,15m,HOLD,0.01,up,bullish,inside_bar
2026-06-10T15:59:59,15m,HOLD,0.05,up,bullish,flat_zero_range
2026-06-10T15:59:59,15m,HOLD,1.32,up,bullish,breakout_up_strong
2026-06-10T15:59:59,15m,HOLD,0.0,range,bullish,flat_zero_range
2026-06-10T15:59:59,15m,HOLD,0.1,up,bullish,breakout_up_weak
2026-06-10T15:59:59,15m,HOLD,0.12,down,bullish,breakout_up_weak
2026-06-10T15:59:59,15m,HOLD,0.09,up,bullish,breakout_up_weak
2026-06-10T15:59:59,15m,HOLD,5.59,up,bullish,breakout_up_strong
2026-06-10T15:59:59,15m,HOLD,0.12,up,bullish,breakout_down_weak
2026-06-10T15:59:59,15m,HOLD,0.28,down,bullish,breakout_up_weak
2026-06-10T15:59:59,15m,HOLD,0.17,up,bullish,breakout_down_strong
2026-06-10T15:59:59,15m,HOLD,0.06,up,bullish,breakout_up_weak
2026-06-10T15:59:59,15m,HOLD,0.0,up,bullish,breakout_up_weak
2026-06-10T15:59:59,15m,HOLD,0.02,up,bullish,inside_bar
2026-06-10T15:59:59,15m,HOLD,0.18,down,bullish,breakout_up_weak
2026-06-10T15:59:59,15m,HOLD,0.83,up,bullish,breakout_up_weak
2026-06-10T15:59:59,15m,HOLD,0.1,range,bullish,trend_continuation_up
2026-06-10T15:59:59,15m,LONG,0.15,up,bullish,inside_bearish_weak
2026-06-10T15:59:59,15m,HOLD,0.02,range,bullish,trend_continuation_down
2026-06-10T15:59:59,15m,HOLD,0.0,up,bullish,breakout_up_strong
2026-06-10T15:59:59,15m,HOLD,0.02,up,neutral,flat_zero_range
2026-06-10T15:59:59,15m,HOLD,0.05,up,bullish,exhaustion_up
2026-06-10T15:59:59,15m,HOLD,0.02,down,neutral,breakout_up_weak
2026-06-10T15:59:59,15m,HOLD,0.05,up,neutral,inside_bar
2026-06-10T15:59:59,15m,HOLD,0.05,down,bearish,breakout_up_strong
2026-06-10T15:59:59,15m,HOLD,0.15,up,bullish,breakout_up_strong
2026-06-10T15:59:59,15m,HOLD,62639.23,up,bullish,breakout_up_strong
2026-06-10T15:59:59,15m,HOLD,0.09,up,bullish,breakout_up_weak
2026-06-10T15:59:59,15m,HOLD,0.1,range,bullish,breakout_up_strong
2026-06-10T15:59:59,15m,HOLD,0.02,up,bullish,breakout_up_strong
2026-06-10T15:59:59,15m,HOLD,0.05,up,bullish,breakout_up_weak
2026-06-10T15:59:59,15m,HOLD,0.02,up,bullish,breakout_down_weak
2026-06-10T15:59:59,15m,HOLD,0.02,up,bullish,flat_zero_range
2026-06-10T15:59:59,15m,HOLD,0.87,up,bullish,breakout_up_strong
2026-06-10T15:59:59,15m,HOLD,0.32,up,bullish,breakout_up_weak
2026-06-10T15:59:59,15m,HOLD,0.14,up,bullish,trend_continuation_down
2026-06-10T15:59:59,15m,HOLD,0.03,up,neutral,inside_bearish_weak
2026-06-10T15:59:59,15m,HOLD,0.7,down,bearish,trend_continuation_down
2026-06-10T15:59:59,15m,HOLD,0.04,up,bullish,flat_zero_range
2026-06-10T15:59:59,15m,HOLD,1.29,up,bullish,breakout_up_weak
2026-06-10T15:59:59,15m,HOLD,0.05,up,bullish,breakout_down_weak
2026-06-10T15:59:59,15m,HOLD,0.65,down,bullish,breakout_up_weak
2026-06-10T15:59:59,15m,HOLD,0.03,down,neutral,inside_bar
2026-06-10T15:59:59,15m,HOLD,7.05,up,bullish,breakout_up_strong
2026-06-10T15:59:59,15m,HOLD,0.03,up,bullish,breakout_up_weak
2026-06-10T15:59:59,15m,HOLD,0.3,up,neutral,inside_bearish_weak
2026-06-10T15:59:59,15m,HOLD,0.04,down,bearish,inside_bearish_weak
2026-06-10T15:59:59,15m,HOLD,0.0,up,bullish,flat_zero_range
2026-06-10T15:59:59,15m,HOLD,0.02,range,bullish,breakout_up_strong
2026-06-10T15:59:59,15m,HOLD,0.0,up,bullish,flat_zero_range
2026-06-10T15:59:59,15m,HOLD,0.06,down,bullish,trend_continuation_up
2026-06-10T15:59:59,15m,HOLD,210.2,up,bullish,trend_continuation_down
2026-06-10T15:59:59,15m,HOLD,2.5,up,bullish,flat_zero_range
2026-06-10T15:59:59,15m,HOLD,0.01,down,neutral,breakout_up_weak
2026-06-10T15:59:59,15m,HOLD,0.0,up,bullish,breakout_up_strong
2026-06-10T15:59:59,15m,HOLD,0.34,down,bullish,flat_zero_range
2026-06-10T15:59:59,15m,HOLD,0.76,range,bullish,breakout_up_weak
2026-06-10T15:59:59,15m,HOLD,0.01,down,neutral,breakout_up_strong
2026-06-10T15:59:59,15m,HOLD,0.24,up,bullish,breakout_down_weak
2026-06-10T15:59:59,15m,HOLD,0.0,up,bullish,trend_continuation_up
2026-06-10T16:14:59,15m,HOLD,0.02,up,bullish,breakout_down_strong
2026-06-10T16:14:59,15m,HOLD,0.17,up,neutral,breakout_down_strong
2026-06-10T16:14:59,15m,HOLD,0.07,up,bullish,inside_bar
2026-06-10T16:14:59,15m,HOLD,0.05,range,bearish,inside_bearish_weak
2026-06-10T16:14:59,15m,HOLD,0.19,up,bullish,exhaustion_up
2026-06-10T16:14:59,15m,HOLD,0.03,up,bullish,breakout_down_strong
2026-06-10T16:14:59,15m,HOLD,0.06,up,bullish,breakout_up_strong
2026-06-10T16:14:59,15m,HOLD,5.27,down,neutral,breakout_down_strong
2026-06-10T16:14:59,15m,HOLD,0.01,up,bullish,breakout_up_strong
2026-06-10T16:14:59,15m,HOLD,35.17,up,neutral,breakout_down_strong
2026-06-10T16:14:59,15m,HOLD,0.05,up,neutral,breakout_down_strong
2026-06-10T16:14:59,15m,HOLD,0.32,range,bullish,inside_bar
2026-06-10T16:14:59,15m,HOLD,0.04,up,bullish,inside_bar
2026-06-10T16:14:59,15m,HOLD,0.12,down,bearish,breakout_down_strong
2026-06-10T16:14:59,15m,HOLD,0.08,down,bullish,breakout_up_strong
2026-06-10T16:14:59,15m,HOLD,0.02,down,bearish,breakout_down_strong
2026-06-10T16:14:59,15m,HOLD,0.08,up,bullish,breakout_down_strong
2026-06-10T16:14:59,15m,HOLD,0.08,up,neutral,breakout_down_strong
2026-06-10T16:14:59,15m,HOLD,0.23,range,neutral,breakout_down_strong
2026-06-10T16:14:59,15m,HOLD,0.0,up,bullish,inside_bar
2026-06-10T16:14:59,15m,HOLD,1.8,up,neutral,exhaustion_down
2026-06-10T16:14:59,15m,HOLD,7.77,up,neutral,breakout_down_strong
2026-06-10T16:14:59,15m,HOLD,63.25,up,bullish,breakout_down_strong
2026-06-10T16:14:59,15m,HOLD,0.63,up,bullish,inside_bar
2026-06-10T16:14:59,15m,HOLD,0.07,up,bullish,inside_bar
2026-06-10T16:14:59,15m,HOLD,0.39,range,bullish,inside_bar
2026-06-10T16:14:59,15m,HOLD,0.01,up,neutral,breakout_down_strong
2026-06-10T16:14:59,15m,HOLD,1.68,up,bullish,breakout_down_strong
2026-06-10T16:14:59,15m,HOLD,0.75,up,neutral,breakout_down_strong
2026-06-10T16:14:59,15m,HOLD,0.04,up,neutral,inside_bar
2026-06-10T16:14:59,15m,HOLD,0.0,range,neutral,trend_continuation_down
2026-06-10T16:14:59,15m,HOLD,0.18,down,bearish,exhaustion_up
2026-06-10T16:14:59,15m,HOLD,595.04,up,bullish,breakout_down_strong
2026-06-10T16:14:59,15m,HOLD,0.19,range,neutral,inside_bar
2026-06-10T16:14:59,15m,SHORT,2.08,down,neutral,breakout_down_strong
2026-06-10T16:14:59,15m,HOLD,0.0,up,neutral,breakout_down_strong
2026-06-10T16:14:59,15m,HOLD,1.56,down,neutral,breakout_down_strong
2026-06-10T16:14:59,15m,HOLD,0.04,up,bearish,exhaustion_up
2026-06-10T16:14:59,15m,HOLD,0.01,up,neutral,breakout_down_strong
2026-06-10T16:14:59,15m,HOLD,0.0,range,neutral,flat_zero_range
2026-06-10T16:14:59,15m,HOLD,1.32,up,bullish,inside_bar
2026-06-10T16:14:59,15m,HOLD,0.1,up,bullish,breakout_down_strong
2026-06-10T16:14:59,15m,HOLD,0.09,up,neutral,breakout_down_strong
2026-06-10T16:14:59,15m,HOLD,5.57,up,bullish,breakout_down_strong
2026-06-10T16:14:59,15m,HOLD,0.28,range,bullish,trend_continuation_down
2026-06-10T16:14:59,15m,HOLD,0.16,up,bullish,inside_bar
2026-06-10T16:14:59,15m,HOLD,0.0,up,bullish,breakout_down_strong
2026-06-10T16:14:59,15m,HOLD,0.83,up,bullish,trend_continuation_down
2026-06-10T16:14:59,15m,HOLD,0.15,up,neutral,breakout_down_strong
2026-06-10T16:14:59,15m,HOLD,0.02,range,bullish,trend_continuation_down
2026-06-10T16:14:59,15m,HOLD,0.0,up,bullish,flat_zero_range
2026-06-10T16:14:59,15m,HOLD,0.02,up,neutral,flat_zero_range
2026-06-10T16:14:59,15m,HOLD,0.05,up,neutral,inside_bar
2026-06-10T16:14:59,15m,HOLD,0.02,down,neutral,inside_bar
2026-06-10T16:14:59,15m,HOLD,62340.02,up,bullish,breakout_down_strong
2026-06-10T16:14:59,15m,HOLD,0.1,range,bullish,inside_bar
2026-06-10T16:14:59,15m,HOLD,0.05,up,bullish,inside_bar
2026-06-10T16:14:59,15m,HOLD,0.02,up,bullish,inside_bar
2026-06-10T16:14:59,15m,HOLD,0.02,up,bullish,flat_zero_range
2026-06-10T16:14:59,15m,HOLD,0.32,up,neutral,breakout_down_strong
2026-06-10T16:14:59,15m,HOLD,0.14,up,bullish,inside_bar
2026-06-10T16:14:59,15m,HOLD,0.04,up,bullish,flat_zero_range
2026-06-10T16:14:59,15m,HOLD,0.65,down,neutral,breakout_down_strong
2026-06-10T16:14:59,15m,HOLD,7.04,up,bullish,indecision
2026-06-10T16:14:59,15m,HOLD,0.03,up,neutral,breakout_down_strong
2026-06-10T16:14:59,15m,HOLD,0.02,range,bullish,inside_bar
2026-06-10T16:14:59,15m,HOLD,208.5,up,neutral,breakout_down_strong
2026-06-10T16:14:59,15m,HOLD,0.01,down,neutral,breakout_down_strong
2026-06-10T16:14:59,15m,HOLD,0.0,up,bullish,breakout_down_strong
2026-06-10T16:14:59,15m,HOLD,0.75,range,neutral,breakout_down_strong
2026-06-10T16:14:59,15m,HOLD,0.34,down,bullish,breakout_down_strong
2026-06-10T16:14:59,15m,HOLD,0.0,range,bullish,flat_zero_range
2026-06-10T16:14:59,15m,HOLD,0.08,down,bearish,inside_bar
2026-06-10T16:14:59,15m,HOLD,0.0,up,neutral,breakout_down_strong
2026-06-10T16:14:59,15m,HOLD,1.0,range,bullish,breakout_down_strong
2026-06-10T16:14:59,15m,HOLD,0.01,range,bullish,inside_bar
2026-06-10T16:14:59,15m,HOLD,0.58,up,bullish,inside_bar
2026-06-10T16:14:59,15m,HOLD,0.01,up,neutral,breakout_down_strong
2026-06-10T16:14:59,15m,HOLD,0.03,down,bearish,flat_zero_range
2026-06-10T16:14:59,15m,HOLD,0.1,range,neutral,breakout_down_strong
2026-06-10T16:14:59,15m,HOLD,0.0,up,bullish,breakout_down_strong
2026-06-10T16:14:59,15m,HOLD,2.49,up,neutral,breakout_down_strong
2026-06-10T16:14:59,15m,HOLD,431.22,up,neutral,breakout_down_strong
2026-06-10T16:14:59,15m,LONG,0.07,up,bullish,breakout_down_strong
2026-06-10T16:14:59,15m,HOLD,0.35,up,neutral,breakout_down_strong
2026-06-10T16:14:59,15m,HOLD,0.42,up,neutral,breakout_down_strong
2026-06-10T16:14:59,15m,HOLD,0.0,up,neutral,inside_bar
2026-06-10T16:14:59,15m,HOLD,4130.35,down,bearish,indecision
2026-06-10T16:14:59,15m,HOLD,0.0,up,neutral,breakout_down_strong
2026-06-10T16:14:59,15m,HOLD,0.08,down,neutral,exhaustion_up
2026-06-10T16:14:59,15m,HOLD,0.08,up,bullish,breakout_up_strong
2026-06-10T16:14:59,15m,HOLD,27.93,up,bullish,inside_bar
2026-06-10T16:14:59,15m,HOLD,0.2,down,bearish,breakout_down_strong
2026-06-10T16:14:59,15m,HOLD,65.3,down,neutral,inside_bar
2026-06-10T16:14:59,15m,HOLD,0.02,down,bearish,inside_bar
2026-06-10T16:14:59,15m,HOLD,0.05,up,bullish,breakout_down_strong
2026-06-10T16:14:59,15m,HOLD,0.25,up,neutral,breakout_down_strong
2026-06-10T16:14:59,15m,HOLD,0.04,down,bullish,breakout_down_strong
2026-06-10T16:14:59,15m,HOLD,0.0,up,neutral,breakout_down_strong
2026-06-10T16:14:59,15m,HOLD,0.08,range,neutral,breakout_down_strong
2026-06-10T16:14:59,15m,LONG,0.07,up,bullish,breakout_down_strong
2026-06-10T16:14:59,15m,HOLD,0.03,up,neutral,inside_bar
2026-06-10T16:14:59,15m,HOLD,0.01,up,neutral,inside_bar
2026-06-10T16:14:59,15m,HOLD,0.08,down,bearish,breakout_down_strong
2026-06-10T16:14:59,15m,HOLD,0.06,up,bullish,inside_bar
2026-06-10T16:14:59,15m,HOLD,1.12,up,bullish,breakout_down_strong
2026-06-10T16:14:59,15m,HOLD,0.12,down,bearish,flat_zero_range
2026-06-10T16:14:59,15m,HOLD,0.06,down,bearish,breakout_up_strong
2026-06-10T16:14:59,15m,HOLD,0.26,up,neutral,breakout_down_strong
2026-06-10T16:14:59,15m,HOLD,1.23,up,bullish,breakout_down_strong
2026-06-10T16:14:59,15m,HOLD,0.11,down,neutral,inside_bar
2026-06-10T16:14:59,15m,HOLD,0.11,up,bullish,indecision
2026-06-10T16:14:59,15m,HOLD,0.05,up,bullish,flat_zero_range
2026-06-10T16:14:59,15m,HOLD,0.12,range,neutral,breakout_down_strong
2026-06-10T16:14:59,15m,HOLD,0.12,up,neutral,breakout_down_strong
2026-06-10T16:14:59,15m,HOLD,0.06,up,bullish,breakout_up_weak
2026-06-10T16:14:59,15m,HOLD,0.02,up,bullish,inside_bar
2026-06-10T16:14:59,15m,HOLD,0.18,down,bullish,flat_zero_range
2026-06-10T16:14:59,15m,HOLD,0.1,range,bullish,inside_bar
2026-06-10T16:14:59,15m,HOLD,0.05,up,bullish,flat_zero_range
2026-06-10T16:14:59,15m,HOLD,0.05,down,bearish,breakout_down_strong
2026-06-10T16:14:59,15m,HOLD,0.15,up,bullish,trend_continuation_down
2026-06-10T16:14:59,15m,HOLD,0.09,up,bullish,inside_bar
2026-06-10T16:14:59,15m,HOLD,0.02,up,bullish,trend_continuation_down
2026-06-10T16:14:59,15m,HOLD,0.0,up,bullish,inside_bar
2026-06-10T16:14:59,15m,HOLD,0.87,up,neutral,breakout_down_strong
2026-06-10T16:14:59,15m,HOLD,0.03,up,neutral,breakout_down_strong
2026-06-10T16:14:59,15m,HOLD,0.7,down,neutral,breakout_up_weak
2026-06-10T16:14:59,15m,HOLD,1.29,up,bullish,trend_continuation_down
2026-06-10T16:14:59,15m,HOLD,0.05,up,bullish,breakout_down_strong
2026-06-10T16:14:59,15m,HOLD,0.03,down,bearish,breakout_down_strong
2026-06-10T16:14:59,15m,HOLD,0.3,up,neutral,breakout_down_strong
2026-06-10T16:14:59,15m,HOLD,0.04,down,bearish,inside_bar
2026-06-10T16:14:59,15m,HOLD,0.0,up,bullish,breakout_down_strong
2026-06-10T16:14:59,15m,HOLD,0.0,up,neutral,flat_zero_range
2026-06-10T16:14:59,15m,HOLD,0.06,down,bullish,exhaustion_up
2026-06-10T16:14:59,15m,HOLD,2.49,up,neutral,flat_zero_range
2026-06-10T16:14:59,15m,HOLD,0.01,down,neutral,breakout_down_strong
2026-06-10T16:14:59,15m,HOLD,0.24,up,bullish,inside_bar
2026-06-10T16:44:59,15m,HOLD,0.01,down,neutral,inside_bar
2026-06-10T16:44:59,15m,HOLD,0.08,down,neutral,breakout_up_strong
2026-06-10T16:44:59,15m,HOLD,0.83,up,neutral,breakout_down_strong
2026-06-10T16:44:59,15m,HOLD,0.16,up,neutral,breakout_down_strong
2026-06-10T16:44:59,15m,HOLD,0.12,up,neutral,breakout_down_strong
2026-06-10T16:44:59,15m,HOLD,1.8,up,neutral,breakout_down_strong
2026-06-10T16:44:59,15m,HOLD,0.06,up,bullish,inside_bearish_weak
2026-06-10T16:44:59,15m,LONG,0.1,up,bullish,breakout_down_weak
2026-06-10T16:44:59,15m,HOLD,0.19,down,bearish,breakout_down_weak
2026-06-10T16:44:59,15m,HOLD,2.49,up,neutral,flat_zero_range
2026-06-10T16:44:59,15m,HOLD,0.01,up,neutral,breakout_down_strong
2026-06-10T16:44:59,15m,HOLD,0.04,up,bullish,flat_zero_range
2026-06-10T16:44:59,15m,HOLD,0.1,range,bullish,inside_bar
2026-06-10T16:44:59,15m,HOLD,0.04,up,bearish,inside_bar
2026-06-10T16:44:59,15m,SHORT,0.11,down,neutral,breakout_down_strong
2026-06-10T16:44:59,15m,HOLD,0.02,up,neutral,exhaustion_down
2026-06-10T16:44:59,15m,HOLD,0.08,range,neutral,breakout_down_strong
2026-06-10T16:44:59,15m,HOLD,0.02,down,bearish,breakout_down_strong
2026-06-10T16:44:59,15m,HOLD,0.02,range,neutral,breakout_down_weak
2026-06-10T16:44:59,15m,HOLD,208.0,up,neutral,breakout_down_strong
2026-06-10T16:44:59,15m,HOLD,0.0,up,bullish,exhaustion_down
2026-06-10T16:44:59,15m,HOLD,0.05,down,bearish,flat_zero_range
2026-06-10T16:44:59,15m,HOLD,0.09,range,bearish,breakout_down_strong
2026-06-10T16:44:59,15m,HOLD,0.65,down,neutral,breakout_down_strong
2026-06-10T16:44:59,15m,HOLD,0.02,up,neutral,flat_zero_range
2026-06-10T16:44:59,15m,HOLD,0.08,down,bearish,breakout_down_weak
2026-06-10T16:44:59,15m,HOLD,0.0,up,neutral,breakout_down_weak
2026-06-10T16:44:59,15m,HOLD,0.03,up,bullish,breakout_down_weak
2026-06-10T16:44:59,15m,HOLD,0.3,up,neutral,breakout_down_strong
2026-06-10T16:44:59,15m,HOLD,0.02,up,neutral,flat_zero_range
2026-06-10T16:44:59,15m,HOLD,0.09,up,neutral,breakout_down_weak
2026-06-10T16:44:59,15m,HOLD,0.0,up,neutral,flat_zero_range
2026-06-10T16:44:59,15m,HOLD,0.12,down,bearish,breakout_up_strong
2026-06-10T16:44:59,15m,HOLD,0.28,range,bullish,flat_zero_range
2026-06-10T16:44:59,15m,HOLD,0.01,up,neutral,flat_zero_range
2026-06-10T16:44:59,15m,HOLD,1.28,up,bullish,breakout_down_weak
2026-06-10T16:44:59,15m,HOLD,5.2,down,neutral,breakout_down_strong
2026-06-10T16:44:59,15m,HOLD,0.17,up,neutral,breakout_up_weak
2026-06-10T16:44:59,15m,HOLD,0.06,up,neutral,breakout_down_strong
2026-06-10T16:44:59,15m,HOLD,0.17,down,bearish,breakout_down_strong
2026-06-10T16:44:59,15m,HOLD,0.08,down,bearish,breakout_down_strong
2026-06-10T16:44:59,15m,HOLD,0.15,up,neutral,breakout_down_strong
2026-06-10T16:44:59,15m,HOLD,0.01,up,neutral,breakout_down_weak
2026-06-10T16:44:59,15m,HOLD,0.0,up,neutral,inside_bar
2026-06-10T16:44:59,15m,HOLD,0.0,up,bullish,flat_zero_range
2026-06-10T16:44:59,15m,HOLD,4123.65,down,bearish,breakout_down_strong
2026-06-10T16:44:59,15m,HOLD,1.22,up,neutral,breakout_down_strong
2026-06-10T16:44:59,15m,HOLD,0.02,up,neutral,breakout_down_strong
2026-06-10T16:44:59,15m,HOLD,0.06,down,neutral,exhaustion_down
2026-06-10T16:44:59,15m,HOLD,0.08,up,neutral,breakout_down_strong
2026-06-10T16:44:59,15m,HOLD,0.05,up,neutral,breakout_down_strong
2026-06-10T16:44:59,15m,HOLD,0.07,up,bullish,breakout_down_strong
2026-06-10T16:44:59,15m,HOLD,0.0,range,neutral,breakout_down_strong
2026-06-10T16:44:59,15m,HOLD,0.74,up,neutral,breakout_down_strong
2026-06-10T16:44:59,15m,HOLD,27.7,up,neutral,breakout_down_weak
2026-06-10T16:44:59,15m,HOLD,0.03,up,neutral,breakout_down_strong
2026-06-10T16:44:59,15m,HOLD,0.0,range,neutral,inside_bar
2026-06-10T16:44:59,15m,HOLD,0.02,down,bearish,inside_bar
2026-06-10T16:44:59,15m,HOLD,0.0,up,neutral,inside_bar
2026-06-10T16:44:59,15m,HOLD,0.06,up,neutral,breakout_down_strong
2026-06-10T16:44:59,15m,HOLD,0.09,up,neutral,breakout_down_strong
2026-06-10T16:44:59,15m,HOLD,0.39,range,neutral,inside_bar
2026-06-10T16:44:59,15m,HOLD,426.62,up,neutral,inside_bar
2026-06-10T16:44:59,15m,HOLD,1.54,down,bearish,breakout_down_strong
2026-06-10T16:44:59,15m,HOLD,0.03,down,bearish,breakout_down_strong
2026-06-10T16:44:59,15m,HOLD,593.22,up,neutral,breakout_down_strong
2026-06-10T16:44:59,15m,HOLD,62230.0,up,neutral,breakout_down_weak
2026-06-10T16:44:59,15m,HOLD,0.05,down,bearish,breakout_down_strong
2026-06-10T16:44:59,15m,HOLD,0.12,down,bearish,indecision
2026-06-10T16:44:59,15m,HOLD,2.48,up,neutral,breakout_down_strong
2026-06-10T16:44:59,15m,HOLD,0.05,up,bullish,breakout_down_strong
2026-06-10T16:44:59,15m,HOLD,34.71,up,neutral,inside_bar
2026-06-10T16:44:59,15m,HOLD,0.05,up,neutral,flat_zero_range
2026-06-10T16:44:59,15m,HOLD,0.35,range,neutral,inside_bearish_weak
2026-06-10T16:44:59,15m,HOLD,0.04,up,neutral,breakout_down_strong
2026-06-10T16:44:59,15m,HOLD,0.34,down,neutral,breakout_down_strong
2026-06-10T16:44:59,15m,HOLD,1.0,range,bullish,breakout_up_strong
2026-06-10T16:44:59,15m,HOLD,0.0,up,neutral,flat_zero_range
2026-06-10T16:44:59,15m,HOLD,0.05,up,bullish,breakout_down_strong
2026-06-10T16:44:59,15m,HOLD,65.47,down,bullish,breakout_up_weak
2026-06-10T16:44:59,15m,HOLD,0.25,up,neutral,breakout_down_weak
2026-06-10T16:44:59,15m,HOLD,0.7,down,neutral,breakout_up_strong
2026-06-10T16:44:59,15m,HOLD,0.08,up,bullish,breakout_up_weak
2026-06-10T16:44:59,15m,HOLD,0.32,range,bullish,inside_bar
2026-06-10T16:44:59,15m,HOLD,62.88,up,neutral,breakout_down_strong
2026-06-10T16:44:59,15m,HOLD,0.03,up,neutral,indecision
2026-06-10T16:44:59,15m,HOLD,0.26,up,neutral,breakout_down_strong
2026-06-10T16:44:59,15m,HOLD,0.07,up,neutral,breakout_down_strong
2026-06-10T16:44:59,15m,HOLD,0.23,range,neutral,breakout_down_strong
2026-06-10T16:44:59,15m,HOLD,2.05,down,bearish,inside_bar
2026-06-10T16:44:59,15m,HOLD,0.11,down,bearish,breakout_down_strong
2026-06-10T16:44:59,15m,HOLD,0.01,up,neutral,breakout_down_strong
2026-06-10T16:44:59,15m,HOLD,0.02,up,bullish,breakout_up_weak
2026-06-10T16:44:59,15m,HOLD,0.01,up,neutral,trend_continuation_down
2026-06-10T16:44:59,15m,HOLD,0.19,up,bullish,breakout_up_weak
2026-06-10T16:44:59,15m,HOLD,7.75,up,neutral,breakout_down_strong
2026-06-10T16:44:59,15m,HOLD,0.01,up,bullish,inside_bar
2026-06-10T16:44:59,15m,HOLD,0.0,up,neutral,flat_zero_range
2026-06-10T16:44:59,15m,HOLD,0.03,down,bearish,bullish_pressure
2026-06-10T16:44:59,15m,HOLD,0.0,up,neutral,breakout_down_weak
2026-06-10T16:44:59,15m,HOLD,0.1,up,bullish,bearish_pressure
2026-06-10T16:44:59,15m,HOLD,0.14,up,bullish,breakout_down_strong
2026-06-10T16:44:59,15m,HOLD,0.18,down,neutral,breakout_down_weak
2026-06-10T16:44:59,15m,HOLD,5.54,up,neutral,breakout_down_strong
2026-06-10T16:44:59,15m,HOLD,0.05,up,neutral,breakout_down_weak
2026-06-10T16:44:59,15m,HOLD,1.67,up,neutral,breakout_down_strong
2026-06-10T16:44:59,15m,HOLD,0.07,up,neutral,inside_bar
2026-06-10T16:44:59,15m,HOLD,0.02,range,neutral,breakout_down_strong
2026-06-10T16:44:59,15m,HOLD,0.02,down,bearish,inside_bar
2026-06-10T16:44:59,15m,HOLD,0.07,up,bullish,exhaustion_up
2026-06-10T16:44:59,15m,HOLD,0.86,up,neutral,breakout_down_strong
2026-06-10T16:44:59,15m,HOLD,0.42,range,bearish,breakout_down_strong
2026-06-10T16:44:59,15m,HOLD,0.75,range,neutral,breakout_down_weak
2026-06-10T16:44:59,15m,HOLD,0.15,up,neutral,breakout_down_weak
2026-06-10T16:44:59,15m,HOLD,0.05,up,neutral,breakout_down_strong
2026-06-10T16:44:59,15m,HOLD,0.0,up,neutral,breakout_down_strong
2026-06-10T16:44:59,15m,HOLD,0.02,up,neutral,flat_zero_range
2026-06-10T16:44:59,15m,HOLD,7.03,up,bullish,flat_zero_range
2026-06-10T16:44:59,15m,HOLD,0.63,up,neutral,indecision
2026-06-10T16:44:59,15m,HOLD,0.23,up,neutral,exhaustion_down
2026-06-10T16:44:59,15m,HOLD,0.05,up,neutral,breakout_down_strong
2026-06-10T16:44:59,15m,HOLD,0.04,down,bullish,breakout_down_strong
2026-06-10T16:44:59,15m,HOLD,0.08,down,bullish,breakout_up_strong
2026-06-10T16:44:59,15m,HOLD,0.08,up,neutral,breakout_down_weak
2026-06-10T16:44:59,15m,HOLD,1.11,up,neutral,flat_zero_range
2026-06-10T16:44:59,15m,HOLD,0.03,range,bearish,breakout_down_weak
2026-06-10T16:44:59,15m,HOLD,0.0,up,neutral,breakout_down_strong
2026-06-10T16:44:59,15m,HOLD,0.0,up,bullish,trend_continuation_down
2026-06-10T16:44:59,15m,HOLD,0.03,down,bearish,breakout_down_strong
2026-06-10T16:44:59,15m,HOLD,0.58,up,neutral,flat_zero_range
2026-06-10T16:44:59,15m,HOLD,0.11,up,bullish,exhaustion_up
2026-06-10T16:44:59,15m,HOLD,0.06,range,bullish,exhaustion_up
2026-06-10T16:44:59,15m,HOLD,0.0,up,neutral,inside_bar
2026-06-10T16:44:59,15m,HOLD,0.03,up,neutral,breakout_down_weak
2026-06-10T16:44:59,15m,HOLD,0.0,range,neutral,breakout_down_strong
2026-06-10T16:44:59,15m,HOLD,0.19,range,neutral,breakout_down_weak
2026-06-10T16:44:59,15m,HOLD,0.32,up,neutral,breakout_down_weak
2026-06-10T16:44:59,15m,HOLD,0.01,down,bearish,inside_bar
2026-06-10T16:44:59,15m,HOLD,1.32,up,bullish,breakout_down_strong
2026-06-10T16:59:59,15m,HOLD,0.01,down,neutral,breakout_up_strong
2026-06-10T16:59:59,15m,HOLD,0.83,up,neutral,inside_bar
2026-06-10T16:59:59,15m,HOLD,0.16,up,neutral,exhaustion_down
2026-06-10T16:59:59,15m,HOLD,1.79,up,bearish,inside_bar
2026-06-10T16:59:59,15m,HOLD,0.04,up,bearish,trend_continuation_up
2026-06-10T16:59:59,15m,HOLD,0.01,down,bearish,exhaustion_down
2026-06-10T16:59:59,15m,HOLD,0.02,range,neutral,breakout_up_weak
2026-06-10T16:59:59,15m,HOLD,208.8,up,neutral,breakout_up_weak
2026-06-10T16:59:59,15m,HOLD,0.0,up,neutral,inside_bar
2026-06-10T16:59:59,15m,HOLD,0.02,up,neutral,breakout_up_strong
2026-06-10T16:59:59,15m,HOLD,0.01,up,neutral,breakout_up_strong
2026-06-10T16:59:59,15m,HOLD,0.28,range,neutral,flat_zero_range
2026-06-10T16:59:59,15m,HOLD,0.17,up,neutral,flat_zero_range
2026-06-10T16:59:59,15m,HOLD,0.06,up,neutral,inside_bar
2026-06-10T16:59:59,15m,HOLD,0.17,down,bearish,inside_bar
2026-06-10T16:59:59,15m,HOLD,0.01,range,neutral,inside_bar
2026-06-10T16:59:59,15m,HOLD,0.05,up,neutral,breakout_up_weak
2026-06-10T16:59:59,15m,HOLD,0.08,up,neutral,exhaustion_down
2026-06-10T16:59:59,15m,HOLD,0.0,range,bearish,flat_zero_range
2026-06-10T16:59:59,15m,HOLD,0.03,up,neutral,indecision
2026-06-10T16:59:59,15m,HOLD,0.0,up,neutral,flat_zero_range
2026-06-10T16:59:59,15m,HOLD,0.39,range,neutral,flat_zero_range
2026-06-10T16:59:59,15m,HOLD,1.55,down,bearish,inside_bar
2026-06-10T16:59:59,15m,HOLD,0.09,up,neutral,inside_bar
2026-06-10T16:59:59,15m,HOLD,592.45,up,neutral,inside_bar
2026-06-10T16:59:59,15m,HOLD,62219.33,up,neutral,breakout_up_weak
2026-06-10T16:59:59,15m,HOLD,34.65,up,neutral,exhaustion_down
2026-06-10T16:59:59,15m,HOLD,0.34,down,bullish,breakout_up_strong
2026-06-10T16:59:59,15m,HOLD,0.04,up,neutral,inside_bar
2026-06-10T16:59:59,15m,HOLD,0.0,up,neutral,flat_zero_range
2026-06-10T16:59:59,15m,HOLD,62.69,up,neutral,indecision
2026-06-10T16:59:59,15m,HOLD,2.05,down,bearish,inside_bar
2026-06-10T16:59:59,15m,HOLD,0.01,up,bullish,breakout_up_strong
2026-06-10T16:59:59,15m,HOLD,0.1,up,neutral,inside_bar
2026-06-10T16:59:59,15m,HOLD,0.14,up,neutral,inside_bar
2026-06-10T16:59:59,15m,HOLD,0.07,up,neutral,inside_bar
2026-06-10T16:59:59,15m,HOLD,0.02,down,bearish,trend_continuation_down
2026-06-10T16:59:59,15m,HOLD,0.02,up,neutral,flat_zero_range
2026-06-10T16:59:59,15m,HOLD,1.31,up,neutral,inside_bar
2026-06-10T16:59:59,15m,HOLD,0.08,down,bearish,inside_bar
2026-06-10T16:59:59,15m,HOLD,0.12,up,neutral,inside_bar
2026-06-10T16:59:59,15m,HOLD,0.06,up,bullish,breakout_up_strong
2026-06-10T16:59:59,15m,HOLD,0.1,range,neutral,flat_zero_range
2026-06-10T16:59:59,15m,HOLD,0.19,down,bearish,inside_bar
2026-06-10T16:59:59,15m,HOLD,2.47,up,neutral,flat_zero_range
2026-06-10T16:59:59,15m,HOLD,0.01,range,neutral,inside_bar
2026-06-10T16:59:59,15m,HOLD,0.04,up,neutral,flat_zero_range
2026-06-10T16:59:59,15m,HOLD,0.1,range,bullish,flat_zero_range
2026-06-10T16:59:59,15m,HOLD,0.11,down,neutral,inside_bar
2026-06-10T16:59:59,15m,HOLD,0.02,up,neutral,bearish_pressure
2026-06-10T16:59:59,15m,HOLD,0.08,range,neutral,inside_bar
2026-06-10T16:59:59,15m,HOLD,0.0,up,bullish,inside_bar
2026-06-10T16:59:59,15m,HOLD,0.05,down,bearish,breakout_up_strong
2026-06-10T16:59:59,15m,SHORT,0.09,down,bearish,inside_bullish_weak
2026-06-10T16:59:59,15m,HOLD,0.65,down,bearish,indecision
2026-06-10T16:59:59,15m,HOLD,0.02,up,neutral,flat_zero_range
2026-06-10T16:59:59,15m,HOLD,0.08,down,bearish,inside_bar
2026-06-10T16:59:59,15m,HOLD,0.03,up,neutral,bearish_pressure
2026-06-10T16:59:59,15m,HOLD,0.3,range,bearish,inside_bar
2026-06-10T16:59:59,15m,HOLD,0.0,up,neutral,flat_zero_range
2026-06-10T16:59:59,15m,HOLD,0.09,up,neutral,breakout_up_weak
2026-06-10T16:59:59,15m,HOLD,0.12,down,bearish,breakout_down_weak
2026-06-10T16:59:59,15m,HOLD,1.28,up,neutral,inside_bar
2026-06-10T16:59:59,15m,HOLD,5.16,down,neutral,exhaustion_down
2026-06-10T16:59:59,15m,HOLD,0.08,down,bearish,inside_bar
2026-06-10T16:59:59,15m,HOLD,0.15,range,neutral,inside_bar
2026-06-10T16:59:59,15m,HOLD,0.0,up,neutral,inside_bar
2026-06-10T16:59:59,15m,HOLD,0.0,up,neutral,flat_zero_range
2026-06-10T16:59:59,15m,HOLD,4122.75,down,bearish,exhaustion_down
2026-06-10T16:59:59,15m,HOLD,1.22,up,neutral,inside_bar
2026-06-10T16:59:59,15m,HOLD,0.06,down,neutral,breakout_down_strong
2026-06-10T16:59:59,15m,HOLD,0.02,up,neutral,flat_zero_range
2026-06-10T16:59:59,15m,HOLD,0.07,up,neutral,exhaustion_down
2026-06-10T16:59:59,15m,HOLD,0.74,up,neutral,breakout_up_weak
2026-06-10T16:59:59,15m,HOLD,27.57,range,neutral,inside_bar
2026-06-10T16:59:59,15m,SHORT,0.0,down,bearish,exhaustion_down
2026-06-10T16:59:59,15m,HOLD,0.02,down,bearish,inside_bullish_weak
2026-06-10T16:59:59,15m,HOLD,0.06,up,neutral,inside_bar
2026-06-10T16:59:59,15m,HOLD,424.87,range,neutral,trend_continuation_down
2026-06-10T16:59:59,15m,HOLD,0.03,down,bearish,inside_bar
2026-06-10T16:59:59,15m,HOLD,0.12,down,bearish,breakout_up_strong
2026-06-10T16:59:59,15m,HOLD,0.05,down,bearish,exhaustion_down
2026-06-10T16:59:59,15m,HOLD,2.47,up,neutral,inside_bar
2026-06-10T16:59:59,15m,HOLD,0.05,up,neutral,inside_bar
2026-06-10T16:59:59,15m,HOLD,0.05,up,neutral,flat_zero_range
2026-06-10T16:59:59,15m,HOLD,0.35,range,bearish,inside_bar
2026-06-10T16:59:59,15m,HOLD,1.0,range,bullish,breakout_up_strong
2026-06-10T16:59:59,15m,HOLD,0.05,up,neutral,exhaustion_up
2026-06-10T16:59:59,15m,HOLD,65.18,down,bullish,inside_bar
2026-06-10T16:59:59,15m,HOLD,0.24,up,neutral,inside_bar
2026-06-10T16:59:59,15m,HOLD,0.7,down,bearish,bearish_pressure
2026-06-10T16:59:59,15m,HOLD,0.08,up,bullish,breakout_up_strong
2026-06-10T16:59:59,15m,HOLD,0.32,range,bullish,indecision
2026-06-10T16:59:59,15m,HOLD,0.03,up,neutral,breakout_up_strong
2026-06-10T16:59:59,15m,HOLD,0.26,up,neutral,breakout_up_weak
2026-06-10T16:59:59,15m,HOLD,0.07,up,neutral,breakout_up_strong
2026-06-10T16:59:59,15m,HOLD,0.23,range,neutral,inside_bar
2026-06-10T16:59:59,15m,HOLD,0.11,down,bearish,inside_bar
2026-06-10T16:59:59,15m,HOLD,0.01,up,neutral,inside_bar
2026-06-10T16:59:59,15m,HOLD,0.02,up,neutral,inside_bar
2026-06-10T16:59:59,15m,HOLD,0.01,up,neutral,breakout_up_strong
2026-06-10T16:59:59,15m,HOLD,0.19,up,neutral,inside_bar
2026-06-10T16:59:59,15m,HOLD,7.73,up,neutral,inside_bullish_weak
2026-06-10T16:59:59,15m,HOLD,0.0,up,neutral,breakout_up_strong
2026-06-10T16:59:59,15m,HOLD,0.03,down,bearish,breakout_up_weak
2026-06-10T16:59:59,15m,HOLD,0.0,up,neutral,inside_bar
2026-06-10T16:59:59,15m,HOLD,0.18,down,neutral,breakout_up_weak
2026-06-10T16:59:59,15m,HOLD,5.53,up,neutral,inside_bar
2026-06-10T16:59:59,15m,HOLD,0.05,up,neutral,inside_bar
2026-06-10T16:59:59,15m,HOLD,1.67,up,neutral,inside_bar
2026-06-10T16:59:59,15m,HOLD,0.02,range,neutral,inside_bar
2026-06-10T16:59:59,15m,HOLD,0.07,up,bullish,breakout_up_weak
2026-06-10T16:59:59,15m,HOLD,0.86,up,neutral,flat_zero_range
2026-06-10T16:59:59,15m,HOLD,0.42,range,bearish,inside_bar
2026-06-10T16:59:59,15m,HOLD,0.75,range,bearish,breakout_up_strong
2026-06-10T16:59:59,15m,HOLD,0.15,up,neutral,inside_bar
2026-06-10T16:59:59,15m,HOLD,0.05,up,neutral,flat_zero_range
2026-06-10T16:59:59,15m,HOLD,0.0,up,neutral,inside_bullish_weak
2026-06-10T16:59:59,15m,HOLD,7.01,up,neutral,bullish_pressure
2026-06-10T16:59:59,15m,HOLD,0.62,up,neutral,bullish_pressure
2026-06-10T16:59:59,15m,HOLD,0.23,up,neutral,bullish_pressure
2026-06-10T16:59:59,15m,HOLD,0.04,down,neutral,breakout_down_strong
2026-06-10T16:59:59,15m,HOLD,0.05,up,neutral,inside_bar
2026-06-10T16:59:59,15m,HOLD,0.08,down,bullish,breakout_down_strong
2026-06-10T16:59:59,15m,HOLD,0.08,up,neutral,breakout_up_weak
2026-06-10T16:59:59,15m,HOLD,1.11,up,neutral,flat_zero_range
2026-06-10T16:59:59,15m,HOLD,0.03,range,bearish,inside_bar
2026-06-10T16:59:59,15m,HOLD,0.0,up,bullish,inside_bar
2026-06-10T16:59:59,15m,HOLD,0.0,up,neutral,flat_zero_range
2026-06-10T16:59:59,15m,HOLD,0.03,down,bearish,flat_zero_range
2026-06-10T16:59:59,15m,HOLD,0.58,up,bullish,breakout_up_weak
2026-06-10T16:59:59,15m,HOLD,0.11,up,bullish,indecision
2026-06-10T16:59:59,15m,LONG,0.06,up,bullish,inside_bar
2026-06-10T16:59:59,15m,HOLD,0.0,up,neutral,flat_zero_range
2026-06-10T16:59:59,15m,HOLD,0.03,up,neutral,breakout_up_strong
2026-06-10T16:59:59,15m,HOLD,0.0,range,neutral,inside_bar
2026-06-10T16:59:59,15m,HOLD,0.19,range,neutral,inside_bar
2026-06-10T16:59:59,15m,HOLD,0.32,range,bearish,inside_bar
2026-06-10T16:59:59,15m,HOLD,0.01,down,bearish,breakout_up_strong
2026-06-10T17:44:59,15m,HOLD,2.44,up,bearish,breakout_down_weak
2026-06-10T17:44:59,15m,HOLD,1.79,up,bearish,indecision
2026-06-10T17:44:59,15m,HOLD,0.32,range,neutral,bullish_pressure
2026-06-10T17:44:59,15m,HOLD,0.07,up,neutral,inside_bearish_weak
2026-06-10T17:44:59,15m,SHORT,0.1,down,bearish,breakout_down_weak
2026-06-10T17:44:59,15m,HOLD,61747.47,up,neutral,indecision
2026-06-10T17:44:59,15m,HOLD,0.05,down,neutral,inside_bar
2026-06-10T17:44:59,15m,SHORT,0.19,down,bearish,exhaustion_down
2026-06-10T17:44:59,15m,HOLD,0.11,up,neutral,exhaustion_up
2026-06-10T17:44:59,15m,HOLD,0.12,up,neutral,indecision
2026-06-10T17:44:59,15m,HOLD,0.7,range,bearish,exhaustion_down
2026-06-10T17:44:59,15m,HOLD,0.03,up,bearish,trend_continuation_down
2026-06-10T17:44:59,15m,HOLD,0.08,up,bearish,indecision
2026-06-10T17:44:59,15m,HOLD,0.0,up,neutral,breakout_down_strong
2026-06-10T17:44:59,15m,HOLD,0.0,down,bearish,inside_bar
2026-06-10T17:44:59,15m,HOLD,34.41,range,bearish,breakout_down_weak
2026-06-10T17:44:59,15m,HOLD,0.12,down,bearish,flat_zero_range
2026-06-10T17:44:59,15m,HOLD,0.11,down,bearish,exhaustion_down
2026-06-10T17:44:59,15m,HOLD,0.01,up,bearish,trend_continuation_down
2026-06-10T17:44:59,15m,HOLD,0.23,up,neutral,breakout_down_strong
2026-06-10T17:44:59,15m,HOLD,1.1,up,neutral,breakout_down_weak
2026-06-10T17:44:59,15m,HOLD,0.04,up,bearish,indecision
2026-06-10T17:44:59,15m,HOLD,0.07,range,neutral,inside_bearish_weak
2026-06-10T17:44:59,15m,HOLD,0.0,up,neutral,breakout_down_strong
2026-06-10T17:44:59,15m,HOLD,0.08,down,bearish,breakout_down_strong
2026-06-10T17:44:59,15m,HOLD,0.0,range,bearish,breakout_down_strong
2026-06-10T17:44:59,15m,SHORT,64.91,down,neutral,breakout_down_strong
2026-06-10T17:44:59,15m,HOLD,0.1,range,bearish,bearish_pressure
2026-06-10T17:44:59,15m,HOLD,0.12,down,bearish,breakout_down_strong
2026-06-10T17:44:59,15m,HOLD,0.07,up,neutral,inside_bar
2026-06-10T17:44:59,15m,HOLD,0.17,up,bearish,exhaustion_down
2026-06-10T17:44:59,15m,HOLD,1.2,up,neutral,bearish_pressure
2026-06-10T17:44:59,15m,HOLD,0.08,down,neutral,breakout_down_strong
2026-06-10T17:44:59,15m,HOLD,0.0,up,neutral,breakout_down_weak
2026-06-10T17:44:59,15m,HOLD,0.17,down,bearish,inside_bar
2026-06-10T17:44:59,15m,HOLD,0.26,up,bearish,breakout_down_weak
2026-06-10T17:44:59,15m,HOLD,0.01,up,neutral,exhaustion_up
2026-06-10T17:44:59,15m,HOLD,0.06,up,bullish,breakout_up_strong
2026-06-10T17:44:59,15m,HOLD,0.38,down,bearish,breakout_down_strong
2026-06-10T17:44:59,15m,HOLD,0.03,down,bearish,inside_bar
2026-06-10T17:44:59,15m,HOLD,0.0,up,neutral,inside_bearish_weak
2026-06-10T17:44:59,15m,HOLD,0.83,up,neutral,breakout_up_weak
2026-06-10T17:44:59,15m,HOLD,0.04,down,neutral,bearish_pressure
2026-06-10T17:44:59,15m,HOLD,205.7,up,bearish,inside_bearish_weak
2026-06-10T17:44:59,15m,HOLD,0.08,range,bearish,breakout_down_weak
2026-06-10T17:44:59,15m,HOLD,0.15,range,bearish,breakout_down_weak
2026-06-10T17:44:59,15m,HOLD,0.06,down,neutral,trend_continuation_down
2026-06-10T17:44:59,15m,HOLD,1.0,range,bullish,inside_bar
2026-06-10T17:44:59,15m,SHORT,27.41,down,bearish,inside_bearish_weak
2026-06-10T17:44:59,15m,HOLD,0.0,range,bearish,breakout_down_strong
2026-06-10T17:44:59,15m,HOLD,0.02,down,bearish,breakout_down_strong
2026-06-10T17:44:59,15m,HOLD,0.14,range,neutral,breakout_down_strong
2026-06-10T17:44:59,15m,HOLD,0.16,up,bearish,breakout_down_strong
2026-06-10T17:44:59,15m,HOLD,5.11,down,bearish,breakout_down_strong
2026-06-10T17:44:59,15m,SHORT,0.01,down,bearish,exhaustion_down
2026-06-10T17:44:59,15m,HOLD,0.04,up,neutral,exhaustion_down
2026-06-10T17:44:59,15m,HOLD,0.05,range,bearish,breakout_down_weak
2026-06-10T17:44:59,15m,HOLD,0.05,up,bearish,flat_zero_range
2026-06-10T17:44:59,15m,SHORT,0.01,down,bearish,inside_bearish_weak
2026-06-10T17:44:59,15m,HOLD,0.09,down,bearish,breakout_down_weak
2026-06-10T17:44:59,15m,HOLD,0.05,up,neutral,breakout_down_weak
2026-06-10T17:44:59,15m,HOLD,0.18,up,bearish,breakout_down_strong
2026-06-10T17:44:59,15m,HOLD,6.95,up,neutral,breakout_down_weak
2026-06-10T17:44:59,15m,HOLD,1.53,down,bearish,inside_bearish_weak
2026-06-10T17:44:59,15m,HOLD,0.02,up,neutral,flat_zero_range
2026-06-10T17:44:59,15m,HOLD,61.92,up,neutral,breakout_down_weak
2026-06-10T17:44:59,15m,HOLD,0.08,up,neutral,inside_bar
2026-06-10T17:44:59,15m,HOLD,0.02,up,bearish,exhaustion_down
2026-06-10T17:44:59,15m,HOLD,0.24,up,bearish,indecision
2026-06-10T17:44:59,15m,HOLD,0.0,up,neutral,breakout_up_weak
2026-06-10T17:44:59,15m,HOLD,0.74,range,bearish,breakout_down_weak
2026-06-10T17:44:59,15m,HOLD,0.0,up,bearish,flat_zero_range
2026-06-10T17:44:59,15m,HOLD,0.0,down,bearish,flat_zero_range
2026-06-10T17:44:59,15m,HOLD,0.05,up,neutral,breakout_down_weak
2026-06-10T17:44:59,15m,HOLD,587.89,up,neutral,bearish_pressure
2026-06-10T17:44:59,15m,HOLD,0.01,down,bearish,breakout_up_strong
2026-06-10T17:44:59,15m,HOLD,0.23,range,bearish,breakout_down_weak
2026-06-10T17:44:59,15m,HOLD,0.03,up,neutral,exhaustion_down
2026-06-10T17:44:59,15m,HOLD,0.04,up,neutral,breakout_down_strong
2026-06-10T17:44:59,15m,HOLD,2.45,range,bearish,bearish_pressure
2026-06-10T17:44:59,15m,HOLD,0.02,up,neutral,breakout_up_weak
2026-06-10T17:44:59,15m,HOLD,0.02,down,bearish,exhaustion_down
2026-06-10T17:44:59,15m,HOLD,0.02,up,neutral,flat_zero_range
2026-06-10T17:44:59,15m,HOLD,0.06,range,neutral,breakout_down_weak
2026-06-10T17:44:59,15m,HOLD,7.65,range,bearish,breakout_down_weak
2026-06-10T17:44:59,15m,HOLD,0.3,down,bearish,bearish_pressure
2026-06-10T17:44:59,15m,HOLD,0.05,range,bearish,breakout_down_weak
2026-06-10T17:44:59,15m,HOLD,0.28,range,neutral,breakout_down_strong
2026-06-10T17:44:59,15m,HOLD,0.19,down,bearish,breakout_down_strong
2026-06-10T17:44:59,15m,HOLD,5.48,up,bearish,exhaustion_down
2026-06-10T17:44:59,15m,HOLD,0.08,down,bearish,exhaustion_down
2026-06-10T17:44:59,15m,HOLD,1.27,up,neutral,exhaustion_down
2026-06-10T17:44:59,15m,HOLD,0.02,down,bearish,inside_bar
2026-06-10T17:44:59,15m,HOLD,0.08,down,neutral,breakout_down_weak
2026-06-10T17:44:59,15m,HOLD,0.01,down,bearish,exhaustion_down
2026-06-10T17:44:59,15m,HOLD,0.04,up,bearish,breakout_up_weak
2026-06-10T17:44:59,15m,HOLD,0.0,up,bearish,breakout_down_weak
2026-06-10T17:44:59,15m,HOLD,0.11,down,bearish,breakout_down_weak
2026-06-10T17:44:59,15m,HOLD,0.03,down,neutral,breakout_up_strong
2026-06-10T17:44:59,15m,SHORT,0.15,down,bearish,breakout_down_weak
2026-06-10T17:44:59,15m,HOLD,0.18,down,bearish,trend_continuation_down
2026-06-10T17:44:59,15m,HOLD,0.61,up,bearish,breakout_down_weak
2026-06-10T17:44:59,15m,HOLD,0.64,down,bearish,trend_continuation_down
2026-06-10T17:44:59,15m,HOLD,0.06,up,neutral,inside_bearish_weak
2026-06-10T17:44:59,15m,HOLD,0.08,range,bearish,exhaustion_down
2026-06-10T17:44:59,15m,HOLD,0.03,down,bearish,breakout_down_weak
2026-06-10T17:44:59,15m,HOLD,0.0,range,bearish,inside_bearish_weak
2026-06-10T17:44:59,15m,HOLD,0.09,up,neutral,breakout_down_weak
2026-06-10T17:44:59,15m,HOLD,0.01,up,neutral,breakout_up_weak
2026-06-10T17:44:59,15m,HOLD,0.01,up,neutral,inside_bar
2026-06-10T17:44:59,15m,HOLD,0.09,up,bearish,inside_bar
2026-06-10T17:44:59,15m,HOLD,4106.08,down,bearish,breakout_down_strong
2026-06-10T17:44:59,15m,HOLD,0.34,down,bearish,breakout_down_strong
2026-06-10T17:44:59,15m,HOLD,0.06,up,neutral,breakout_down_strong
2026-06-10T17:44:59,15m,HOLD,1.3,up,neutral,exhaustion_down
2026-06-10T17:44:59,15m,HOLD,0.02,up,neutral,breakout_down_weak
2026-06-10T17:44:59,15m,HOLD,1.64,up,neutral,breakout_down_weak
2026-06-10T17:44:59,15m,HOLD,0.03,up,neutral,exhaustion_down
2026-06-10T17:44:59,15m,HOLD,0.0,down,bearish,flat_zero_range
2026-06-10T17:44:59,15m,HOLD,0.03,down,bearish,trend_continuation_down
2026-06-10T17:44:59,15m,SHORT,0.31,down,bearish,breakout_down_weak
2026-06-10T17:44:59,15m,SHORT,417.6,down,bearish,inside_bar
2026-06-10T17:44:59,15m,HOLD,0.02,range,bearish,trend_continuation_up
2026-06-10T17:44:59,15m,HOLD,0.42,range,bearish,breakout_down_weak
2026-06-10T17:44:59,15m,HOLD,0.06,up,neutral,breakout_down_strong
2026-06-10T17:44:59,15m,HOLD,0.0,up,bearish,indecision
2026-06-10T17:44:59,15m,HOLD,0.34,down,bearish,bearish_pressure
2026-06-10T17:44:59,15m,HOLD,0.0,range,bearish,flat_zero_range
2026-06-10T17:44:59,15m,HOLD,0.05,down,bearish,indecision
2026-06-10T17:44:59,15m,HOLD,0.05,range,bearish,trend_continuation_down
2026-06-10T17:44:59,15m,HOLD,2.03,down,bearish,indecision
2026-06-10T17:44:59,15m,HOLD,0.01,down,bearish,exhaustion_down
2026-06-10T17:44:59,15m,HOLD,0.85,up,neutral,breakout_down_strong
2026-06-10T17:44:59,15m,HOLD,0.57,up,neutral,breakout_down_strong
2026-06-10T17:44:59,15m,HOLD,0.0,up,bearish,flat_zero_range
2026-06-10T17:44:59,15m,HOLD,0.02,up,neutral,trend_continuation_up
2026-06-10T17:44:59,15m,HOLD,0.74,down,bearish,breakout_down_strong
2026-06-10T17:44:59,15m,HOLD,0.1,range,bearish,trend_continuation_down
2026-06-10T17:44:59,15m,HOLD,0.02,down,bearish,breakout_up_strong
2026-06-10T17:59:59,15m,HOLD,2.44,range,bearish,inside_bar
2026-06-10T17:59:59,15m,HOLD,1.8,up,neutral,trend_continuation_up
2026-06-10T17:59:59,15m,HOLD,0.32,range,bearish,inside_bar
2026-06-10T17:59:59,15m,HOLD,0.07,up,neutral,inside_bar
2026-06-10T17:59:59,15m,HOLD,0.1,down,bearish,flat_zero_range
2026-06-10T17:59:59,15m,HOLD,61969.99,up,neutral,inside_bar
2026-06-10T17:59:59,15m,HOLD,0.05,down,neutral,breakout_down_weak
2026-06-10T17:59:59,15m,HOLD,0.19,down,bearish,inside_bar
2026-06-10T17:59:59,15m,HOLD,0.11,up,neutral,exhaustion_down
2026-06-10T17:59:59,15m,HOLD,0.12,up,neutral,breakout_up_strong
2026-06-10T17:59:59,15m,HOLD,0.7,range,neutral,breakout_up_strong
2026-06-10T17:59:59,15m,HOLD,0.03,up,bearish,inside_bar
2026-06-10T17:59:59,15m,HOLD,0.08,range,bearish,inside_bar
2026-06-10T17:59:59,15m,HOLD,0.0,up,neutral,inside_bar
2026-06-10T17:59:59,15m,HOLD,0.0,down,bearish,inside_bar
2026-06-10T17:59:59,15m,HOLD,0.12,down,bearish,flat_zero_range
2026-06-10T17:59:59,15m,HOLD,34.72,range,bearish,inside_bar
2026-06-10T17:59:59,15m,HOLD,0.11,down,bearish,inside_bar
2026-06-10T17:59:59,15m,HOLD,0.01,up,neutral,inside_bar
2026-06-10T17:59:59,15m,HOLD,0.23,up,bullish,breakout_up_strong
2026-06-10T17:59:59,15m,HOLD,1.1,up,bearish,flat_zero_range
2026-06-10T17:59:59,15m,HOLD,0.04,up,neutral,inside_bar
2026-06-10T17:59:59,15m,HOLD,0.07,range,bearish,breakout_up_strong
2026-06-10T17:59:59,15m,HOLD,0.08,down,bearish,inside_bar
2026-06-10T17:59:59,15m,HOLD,0.0,up,neutral,breakout_up_strong
2026-06-10T17:59:59,15m,HOLD,0.0,range,bearish,breakout_up_strong
2026-06-10T17:59:59,15m,HOLD,65.26,range,bullish,inside_bar
2026-06-10T17:59:59,15m,SHORT,0.1,down,bearish,inside_bar
2026-06-10T17:59:59,15m,HOLD,0.07,up,neutral,inside_bar
2026-06-10T17:59:59,15m,HOLD,0.12,down,bearish,inside_bar
2026-06-10T17:59:59,15m,HOLD,0.17,up,bearish,inside_bar
2026-06-10T17:59:59,15m,HOLD,1.2,up,neutral,inside_bar
2026-06-10T17:59:59,15m,HOLD,0.08,down,bullish,inside_bar
2026-06-10T17:59:59,15m,HOLD,0.0,up,neutral,inside_bar
2026-06-10T17:59:59,15m,HOLD,0.17,down,bearish,breakout_up_weak
2026-06-10T17:59:59,15m,HOLD,0.26,up,bearish,inside_bar
2026-06-10T17:59:59,15m,HOLD,0.01,up,bullish,flat_zero_range
2026-06-10T17:59:59,15m,HOLD,0.06,up,bullish,breakout_up_strong
2026-06-10T17:59:59,15m,HOLD,0.38,down,bearish,inside_bar
2026-06-10T17:59:59,15m,HOLD,0.03,down,bearish,flat_zero_range
2026-06-10T17:59:59,15m,HOLD,0.0,up,neutral,inside_bar
2026-06-10T17:59:59,15m,HOLD,0.83,up,bullish,inside_bar
2026-06-10T17:59:59,15m,HOLD,0.04,down,neutral,breakout_up_weak
2026-06-10T17:59:59,15m,HOLD,206.6,up,bearish,inside_bar
2026-06-10T17:59:59,15m,HOLD,0.08,range,bearish,inside_bar
2026-06-10T17:59:59,15m,HOLD,0.15,range,bearish,inside_bar
2026-06-10T17:59:59,15m,HOLD,0.06,down,bearish,inside_bullish_weak
2026-06-10T17:59:59,15m,HOLD,1.0,range,bullish,inside_bar
2026-06-10T17:59:59,15m,HOLD,27.57,down,bearish,inside_bar
2026-06-10T17:59:59,15m,HOLD,0.0,range,neutral,breakout_up_strong
2026-06-10T17:59:59,15m,HOLD,0.02,down,bearish,inside_bar
2026-06-10T17:59:59,15m,HOLD,0.14,range,bearish,inside_bar
2026-06-10T17:59:59,15m,HOLD,0.16,up,bearish,breakout_up_strong
2026-06-10T17:59:59,15m,HOLD,5.16,down,bearish,inside_bar
2026-06-10T17:59:59,15m,HOLD,0.05,up,neutral,inside_bar
2026-06-10T17:59:59,15m,HOLD,0.01,down,bearish,inside_bar
2026-06-10T17:59:59,15m,HOLD,0.05,range,bearish,inside_bar
2026-06-10T17:59:59,15m,HOLD,0.05,up,bearish,flat_zero_range
2026-06-10T17:59:59,15m,HOLD,0.09,down,bearish,inside_bar
2026-06-10T17:59:59,15m,HOLD,0.01,down,bearish,inside_bar
2026-06-10T17:59:59,15m,HOLD,0.05,up,neutral,inside_bar
2026-06-10T17:59:59,15m,HOLD,0.19,up,bearish,inside_bar
2026-06-10T17:59:59,15m,HOLD,6.97,up,neutral,inside_bar
2026-06-10T17:59:59,15m,HOLD,1.54,down,bearish,inside_bar
2026-06-10T17:59:59,15m,HOLD,0.02,up,bearish,flat_zero_range
2026-06-10T17:59:59,15m,HOLD,62.39,up,neutral,inside_bar
2026-06-10T17:59:59,15m,HOLD,0.08,up,bullish,inside_bar
2026-06-10T17:59:59,15m,HOLD,0.03,up,bearish,breakout_up_strong
2026-06-10T17:59:59,15m,HOLD,0.24,up,bearish,indecision
2026-06-10T17:59:59,15m,HOLD,0.0,up,neutral,inside_bar
2026-06-10T17:59:59,15m,HOLD,0.74,range,bearish,inside_bar
2026-06-10T17:59:59,15m,HOLD,0.0,up,bearish,breakout_up_strong
2026-06-10T17:59:59,15m,HOLD,0.0,down,bearish,flat_zero_range
2026-06-10T17:59:59,15m,HOLD,0.05,up,neutral,breakout_up_strong
2026-06-10T17:59:59,15m,HOLD,590.1,up,neutral,inside_bar
2026-06-10T17:59:59,15m,HOLD,0.23,range,bearish,inside_bar
2026-06-10T17:59:59,15m,HOLD,0.02,down,neutral,breakout_up_strong
2026-06-10T17:59:59,15m,HOLD,0.03,up,bearish,inside_bar
2026-06-10T17:59:59,15m,HOLD,0.04,up,neutral,flat_zero_range
2026-06-10T17:59:59,15m,HOLD,2.45,range,bearish,flat_zero_range
2026-06-10T17:59:59,15m,HOLD,0.02,up,neutral,inside_bar
2026-06-10T17:59:59,15m,HOLD,0.02,down,bearish,inside_bar
2026-06-10T17:59:59,15m,HOLD,0.02,up,neutral,flat_zero_range
2026-06-10T17:59:59,15m,HOLD,0.07,range,bearish,inside_bar
2026-06-10T17:59:59,15m,HOLD,7.68,range,bearish,inside_bar
2026-06-10T17:59:59,15m,HOLD,0.3,down,bearish,flat_zero_range
2026-06-10T17:59:59,15m,HOLD,0.05,range,bearish,inside_bar
2026-06-10T17:59:59,15m,HOLD,0.28,range,neutral,flat_zero_range
2026-06-10T17:59:59,15m,HOLD,0.19,down,bearish,inside_bar
2026-06-10T17:59:59,15m,HOLD,5.5,range,bearish,breakout_up_strong
2026-06-10T17:59:59,15m,HOLD,0.08,down,bearish,inside_bar
2026-06-10T17:59:59,15m,HOLD,1.28,up,bullish,inside_bar
2026-06-10T17:59:59,15m,HOLD,0.02,down,neutral,breakout_up_weak
2026-06-10T17:59:59,15m,HOLD,0.09,down,neutral,inside_bar
2026-06-10T17:59:59,15m,HOLD,0.0,down,bearish,exhaustion_down
2026-06-10T17:59:59,15m,HOLD,0.04,up,neutral,breakout_up_strong
2026-06-10T17:59:59,15m,HOLD,0.0,range,bearish,inside_bar
2026-06-10T17:59:59,15m,HOLD,0.11,down,bearish,inside_bar
2026-06-10T17:59:59,15m,HOLD,0.03,down,neutral,inside_bearish_weak
2026-06-10T17:59:59,15m,HOLD,0.15,down,bearish,inside_bar
2026-06-10T17:59:59,15m,HOLD,0.18,down,bearish,inside_bar
2026-06-10T17:59:59,15m,HOLD,0.61,range,bearish,inside_bar
2026-06-10T17:59:59,15m,HOLD,0.64,down,bearish,inside_bar
2026-06-10T17:59:59,15m,HOLD,0.06,up,bullish,inside_bar
2026-06-10T17:59:59,15m,HOLD,0.08,range,bearish,inside_bar
2026-06-10T17:59:59,15m,HOLD,0.03,down,bearish,bullish_pressure
2026-06-10T17:59:59,15m,HOLD,0.0,range,bearish,breakout_up_strong
2026-06-10T17:59:59,15m,HOLD,0.09,up,neutral,inside_bar
2026-06-10T17:59:59,15m,HOLD,0.01,up,bearish,inside_bar
2026-06-10T17:59:59,15m,HOLD,0.01,range,bearish,inside_bar
2026-06-10T17:59:59,15m,HOLD,0.09,up,bearish,inside_bar
2026-06-10T17:59:59,15m,HOLD,4115.97,down,bearish,bullish_pressure
2026-06-10T17:59:59,15m,HOLD,0.34,down,bearish,flat_zero_range
2026-06-10T17:59:59,15m,HOLD,0.06,up,neutral,inside_bar
2026-06-10T17:59:59,15m,HOLD,1.31,up,neutral,inside_bar
2026-06-10T17:59:59,15m,HOLD,0.02,up,neutral,breakout_up_strong
2026-06-10T17:59:59,15m,HOLD,1.66,up,neutral,inside_bar
2026-06-10T17:59:59,15m,HOLD,0.03,up,bullish,inside_bar
2026-06-10T17:59:59,15m,HOLD,0.0,down,bearish,flat_zero_range
2026-06-10T17:59:59,15m,HOLD,0.03,down,bearish,inside_bar
2026-06-10T17:59:59,15m,HOLD,0.32,down,bearish,inside_bar
2026-06-10T17:59:59,15m,HOLD,423.15,down,bearish,breakout_up_strong
2026-06-10T17:59:59,15m,SHORT,0.02,down,bearish,breakout_up_strong
2026-06-10T17:59:59,15m,HOLD,0.42,range,neutral,breakout_up_strong
2026-06-10T17:59:59,15m,HOLD,0.06,up,neutral,flat_zero_range
2026-06-10T17:59:59,15m,HOLD,0.0,up,bearish,inside_bar
2026-06-10T17:59:59,15m,HOLD,0.34,down,bearish,inside_bar
2026-06-10T17:59:59,15m,HOLD,0.0,range,bearish,flat_zero_range
2026-06-10T17:59:59,15m,HOLD,0.05,down,bearish,inside_bar
2026-06-10T17:59:59,15m,HOLD,0.05,range,bearish,flat_zero_range
2026-06-10T17:59:59,15m,HOLD,2.06,down,neutral,breakout_up_strong
2026-06-10T17:59:59,15m,HOLD,0.01,down,bearish,flat_zero_range
2026-06-10T17:59:59,15m,HOLD,0.58,up,neutral,inside_bar
2026-06-10T17:59:59,15m,HOLD,0.86,up,neutral,flat_zero_range
2026-06-10T17:59:59,15m,HOLD,0.0,up,bearish,flat_zero_range
2026-06-10T17:59:59,15m,HOLD,0.02,up,neutral,breakout_up_strong
2026-06-10T17:59:59,15m,HOLD,0.75,down,bearish,inside_bar
2026-06-10T17:59:59,15m,HOLD,0.1,range,bearish,inside_bar
2026-06-10T17:59:59,15m,HOLD,0.02,down,neutral,inside_bar
2026-06-10T18:14:59,15m,HOLD,2.43,range,bearish,breakout_down_strong
2026-06-10T18:14:59,15m,HOLD,0.32,range,bearish,bearish_pressure
2026-06-10T18:14:59,15m,HOLD,1.8,up,neutral,inside_bar
2026-06-10T18:14:59,15m,HOLD,0.07,up,bearish,flat_zero_range
2026-06-10T18:14:59,15m,HOLD,0.1,down,bearish,trend_continuation_down
2026-06-10T18:14:59,15m,HOLD,61959.7,up,neutral,bearish_pressure
2026-06-10T18:14:59,15m,HOLD,0.05,down,neutral,flat_zero_range
2026-06-10T18:14:59,15m,HOLD,0.19,down,bearish,inside_bar
2026-06-10T18:14:59,15m,HOLD,0.11,up,neutral,exhaustion_down
2026-06-10T18:14:59,15m,HOLD,0.12,up,neutral,bearish_pressure
2026-06-10T18:14:59,15m,SHORT,0.7,down,bearish,breakout_down_weak
2026-06-10T18:14:59,15m,HOLD,0.03,range,bearish,inside_bar
2026-06-10T18:14:59,15m,HOLD,0.08,range,bearish,inside_bar
2026-06-10T18:14:59,15m,HOLD,0.0,up,neutral,breakout_down_strong
2026-06-10T18:14:59,15m,HOLD,0.0,down,bearish,inside_bar
2026-06-10T18:14:59,15m,HOLD,0.12,down,neutral,breakout_up_strong
2026-06-10T18:14:59,15m,SHORT,34.68,down,bearish,breakout_up_weak
2026-06-10T18:14:59,15m,HOLD,0.11,down,bearish,exhaustion_down
2026-06-10T18:14:59,15m,HOLD,0.01,up,neutral,inside_bar
2026-06-10T18:14:59,15m,HOLD,0.23,up,bullish,inside_bar
2026-06-10T18:14:59,15m,HOLD,1.11,up,bearish,flat_zero_range
2026-06-10T18:14:59,15m,HOLD,0.04,up,bearish,inside_bar
2026-06-10T18:14:59,15m,HOLD,0.07,range,bearish,exhaustion_down
2026-06-10T18:14:59,15m,HOLD,0.08,down,bearish,inside_bar
2026-06-10T18:14:59,15m,HOLD,0.0,up,neutral,exhaustion_down
2026-06-10T18:14:59,15m,SHORT,0.0,down,bearish,flat_zero_range
2026-06-10T18:14:59,15m,HOLD,65.24,range,bullish,flat_zero_range
2026-06-10T18:14:59,15m,HOLD,0.1,down,bearish,flat_zero_range
2026-06-10T18:14:59,15m,HOLD,0.07,up,neutral,breakout_down_strong
2026-06-10T18:14:59,15m,HOLD,0.12,down,bearish,bullish_pressure
2026-06-10T18:14:59,15m,HOLD,0.17,up,bearish,bullish_pressure
2026-06-10T18:14:59,15m,HOLD,1.2,up,bearish,exhaustion_down
2026-06-10T18:14:59,15m,HOLD,0.08,down,bullish,trend_continuation_down
2026-06-10T18:14:59,15m,HOLD,0.0,up,neutral,breakout_down_strong
2026-06-10T18:14:59,15m,HOLD,0.17,down,bearish,inside_bar
2026-06-10T18:14:59,15m,HOLD,0.26,up,bearish,indecision
2026-06-10T18:14:59,15m,HOLD,0.01,up,bullish,inside_bar
2026-06-10T18:14:59,15m,HOLD,0.06,up,bullish,trend_continuation_down
2026-06-10T18:14:59,15m,HOLD,0.38,down,bearish,inside_bar
2026-06-10T18:14:59,15m,HOLD,0.03,down,bearish,breakout_down_strong
2026-06-10T18:14:59,15m,HOLD,0.0,up,bearish,trend_continuation_down
2026-06-10T18:14:59,15m,HOLD,0.83,up,bullish,inside_bar
2026-06-10T18:14:59,15m,HOLD,0.04,down,neutral,flat_zero_range
2026-06-10T18:14:59,15m,HOLD,206.4,up,bearish,inside_bar
2026-06-10T18:14:59,15m,HOLD,0.08,range,bearish,trend_continuation_down
2026-06-10T18:14:59,15m,SHORT,0.15,down,bearish,inside_bar
2026-06-10T18:14:59,15m,HOLD,0.06,down,bearish,inside_bar
2026-06-10T18:14:59,15m,HOLD,27.53,down,bearish,inside_bullish_weak
2026-06-10T18:14:59,15m,HOLD,1.0,range,bullish,breakout_up_weak
2026-06-10T18:14:59,15m,HOLD,0.0,range,bearish,flat_zero_range
2026-06-10T18:14:59,15m,HOLD,0.02,down,bearish,exhaustion_down
2026-06-10T18:14:59,15m,HOLD,0.14,range,bearish,inside_bar
2026-06-10T18:14:59,15m,HOLD,0.16,up,bearish,indecision
2026-06-10T18:14:59,15m,HOLD,5.14,down,bearish,exhaustion_down
2026-06-10T18:14:59,15m,HOLD,0.04,up,neutral,breakout_down_strong
2026-06-10T18:14:59,15m,HOLD,0.01,down,bearish,breakout_down_strong
2026-06-10T18:14:59,15m,HOLD,0.05,range,bearish,inside_bar
2026-06-10T18:14:59,15m,HOLD,0.05,range,bearish,flat_zero_range
2026-06-10T18:14:59,15m,HOLD,0.09,down,bearish,exhaustion_down
2026-06-10T18:14:59,15m,HOLD,0.01,down,bearish,trend_continuation_down
2026-06-10T18:14:59,15m,HOLD,0.05,up,bearish,breakout_down_weak
2026-06-10T18:14:59,15m,HOLD,0.19,range,bearish,bearish_pressure
2026-06-10T18:14:59,15m,HOLD,6.96,up,neutral,inside_bar
2026-06-10T18:14:59,15m,HOLD,1.55,down,neutral,bullish_pressure
2026-06-10T18:14:59,15m,HOLD,0.08,up,bullish,breakout_down_weak
2026-06-10T18:14:59,15m,HOLD,0.02,up,bearish,flat_zero_range
2026-06-10T18:14:59,15m,HOLD,62.24,up,neutral,exhaustion_down
2026-06-10T18:14:59,15m,HOLD,0.02,range,bearish,flat_zero_range
2026-06-10T18:14:59,15m,HOLD,0.24,range,bearish,inside_bar
2026-06-10T18:14:59,15m,HOLD,0.0,up,neutral,flat_zero_range
2026-06-10T18:14:59,15m,HOLD,0.74,range,bearish,exhaustion_down
2026-06-10T18:14:59,15m,HOLD,0.0,range,bearish,flat_zero_range
2026-06-10T18:14:59,15m,HOLD,0.0,down,bearish,indecision
2026-06-10T18:14:59,15m,HOLD,0.05,up,neutral,exhaustion_down
2026-06-10T18:14:59,15m,HOLD,589.61,up,neutral,indecision
2026-06-10T18:14:59,15m,HOLD,0.23,range,bearish,inside_bullish_weak
2026-06-10T18:14:59,15m,HOLD,0.02,down,neutral,exhaustion_down
2026-06-10T18:14:59,15m,HOLD,0.03,up,bearish,trend_continuation_up
2026-06-10T18:14:59,15m,HOLD,0.04,up,neutral,flat_zero_range
2026-06-10T18:14:59,15m,HOLD,2.46,range,bearish,flat_zero_range
2026-06-10T18:14:59,15m,HOLD,0.02,up,bearish,flat_zero_range
2026-06-10T18:14:59,15m,HOLD,0.02,down,neutral,trend_continuation_up
2026-06-10T18:14:59,15m,HOLD,0.02,up,bullish,flat_zero_range
2026-06-10T18:14:59,15m,SHORT,0.07,down,bearish,inside_bar
2026-06-10T18:14:59,15m,SHORT,7.67,down,bearish,breakout_down_weak
2026-06-10T18:14:59,15m,HOLD,0.3,down,bearish,flat_zero_range
2026-06-10T18:14:59,15m,HOLD,0.05,range,bearish,exhaustion_down
2026-06-10T18:14:59,15m,HOLD,0.28,range,bearish,flat_zero_range
2026-06-10T18:14:59,15m,HOLD,0.19,down,bearish,exhaustion_down
2026-06-10T18:14:59,15m,HOLD,5.49,range,bearish,exhaustion_down
2026-06-10T18:14:59,15m,HOLD,0.08,down,neutral,breakout_up_strong
2026-06-10T18:14:59,15m,HOLD,1.28,up,neutral,flat_zero_range
2026-06-10T18:14:59,15m,HOLD,0.01,down,bearish,breakout_down_strong
2026-06-10T18:14:59,15m,HOLD,0.09,down,neutral,inside_bar
2026-06-10T18:14:59,15m,HOLD,0.0,down,bearish,breakout_down_strong
2026-06-10T18:14:59,15m,HOLD,0.04,up,neutral,trend_continuation_down
2026-06-10T18:14:59,15m,HOLD,0.0,range,bearish,breakout_down_weak
2026-06-10T18:14:59,15m,HOLD,0.11,down,bearish,inside_bar
2026-06-10T18:14:59,15m,HOLD,0.03,down,bearish,breakout_down_strong
2026-06-10T18:14:59,15m,HOLD,0.15,down,bearish,inside_bar
2026-06-10T18:14:59,15m,HOLD,0.18,down,bearish,inside_bar
2026-06-10T18:14:59,15m,HOLD,0.61,range,bearish,inside_bullish_weak
2026-06-10T18:14:59,15m,HOLD,0.64,down,bearish,inside_bar
2026-06-10T18:14:59,15m,HOLD,0.06,up,neutral,breakout_down_strong
2026-06-10T18:14:59,15m,SHORT,0.08,down,bearish,bearish_pressure
2026-06-10T18:14:59,15m,HOLD,0.03,down,bearish,breakout_down_strong
2026-06-10T18:14:59,15m,HOLD,0.0,range,bearish,flat_zero_range
2026-06-10T18:14:59,15m,HOLD,0.09,up,neutral,flat_zero_range
2026-06-10T18:14:59,15m,HOLD,0.01,up,bearish,flat_zero_range
2026-06-10T18:14:59,15m,HOLD,0.01,range,bearish,flat_zero_range
2026-06-10T18:14:59,15m,HOLD,0.09,range,bearish,bearish_pressure
2026-06-10T18:14:59,15m,HOLD,4119.55,down,neutral,bullish_pressure
2026-06-10T18:14:59,15m,HOLD,0.34,down,bearish,flat_zero_range
2026-06-10T18:14:59,15m,HOLD,0.06,up,neutral,inside_bar
2026-06-10T18:14:59,15m,HOLD,1.31,up,neutral,exhaustion_down
2026-06-10T18:14:59,15m,HOLD,0.02,up,neutral,inside_bullish_weak
2026-06-10T18:14:59,15m,HOLD,1.66,up,neutral,inside_bar
2026-06-10T18:14:59,15m,HOLD,0.03,up,bullish,exhaustion_down
2026-06-10T18:14:59,15m,HOLD,0.0,down,bearish,flat_zero_range
2026-06-10T18:14:59,15m,HOLD,0.03,down,neutral,inside_bullish_weak
2026-06-10T18:14:59,15m,HOLD,0.32,down,bearish,exhaustion_down
2026-06-10T18:14:59,15m,HOLD,426.85,down,neutral,breakout_up_strong
2026-06-10T18:14:59,15m,HOLD,0.02,down,bearish,flat_zero_range
2026-06-10T18:14:59,15m,HOLD,0.42,range,bearish,breakout_down_weak
2026-06-10T18:14:59,15m,HOLD,0.06,up,bearish,breakout_down_weak
2026-06-10T18:14:59,15m,HOLD,0.0,up,bearish,indecision
2026-06-10T18:14:59,15m,HOLD,0.34,down,bearish,indecision
2026-06-10T18:14:59,15m,HOLD,0.0,range,bearish,flat_zero_range
2026-06-10T18:14:59,15m,HOLD,0.05,down,bearish,inside_bar
2026-06-10T18:14:59,15m,SHORT,0.05,down,bearish,flat_zero_range
2026-06-10T18:14:59,15m,HOLD,2.04,down,bearish,exhaustion_down
2026-06-10T18:14:59,15m,HOLD,0.01,down,bearish,breakout_down_weak
2026-06-10T18:14:59,15m,HOLD,0.57,up,neutral,inside_bar
2026-06-10T18:14:59,15m,HOLD,0.86,up,neutral,inside_bar
2026-06-10T18:14:59,15m,HOLD,0.0,up,bearish,flat_zero_range
2026-06-10T18:14:59,15m,HOLD,0.02,up,neutral,inside_bar
2026-06-10T18:14:59,15m,HOLD,0.74,down,bearish,exhaustion_down
2026-06-10T18:14:59,15m,HOLD,0.1,range,bearish,exhaustion_down
2026-06-10T18:14:59,15m,HOLD,0.02,down,bearish,breakout_down_weak
2026-06-10T18:29:59,15m,SHORT,2.43,down,bearish,breakout_up_weak
2026-06-10T18:29:59,15m,HOLD,0.32,range,bearish,breakout_up_strong
2026-06-10T18:29:59,15m,HOLD,1.8,up,bullish,inside_bar
2026-06-10T18:29:59,15m,HOLD,0.07,up,bearish,breakout_up_strong
2026-06-10T18:29:59,15m,HOLD,0.1,down,bearish,breakout_up_strong
2026-06-10T18:29:59,15m,HOLD,62016.0,up,neutral,breakout_up_weak
2026-06-10T18:29:59,15m,HOLD,0.05,down,neutral,breakout_down_strong
2026-06-10T18:29:59,15m,HOLD,0.19,down,bearish,breakout_up_weak
2026-06-10T18:29:59,15m,HOLD,0.11,up,neutral,breakout_up_weak
2026-06-10T18:29:59,15m,HOLD,0.12,up,bearish,breakout_up_weak
2026-06-10T18:29:59,15m,HOLD,0.7,range,neutral,breakout_up_strong
2026-06-10T18:29:59,15m,HOLD,0.03,range,neutral,inside_bar
2026-06-10T18:29:59,15m,HOLD,0.08,range,bearish,breakout_up_weak
2026-06-10T18:29:59,15m,HOLD,0.0,up,neutral,inside_bar
2026-06-10T18:29:59,15m,HOLD,0.0,down,bearish,exhaustion_down
2026-06-10T18:29:59,15m,HOLD,0.12,down,neutral,flat_zero_range
2026-06-10T18:29:59,15m,HOLD,34.77,down,neutral,breakout_up_strong
2026-06-10T18:29:59,15m,HOLD,0.11,down,bearish,breakout_up_weak
2026-06-10T18:29:59,15m,HOLD,0.01,up,neutral,breakout_up_weak
2026-06-10T18:29:59,15m,HOLD,0.23,up,bullish,breakout_up_strong
2026-06-10T18:29:59,15m,HOLD,1.1,up,bearish,inside_bar
2026-06-10T18:29:59,15m,HOLD,0.04,up,neutral,breakout_up_strong
2026-06-10T18:29:59,15m,SHORT,0.07,down,bearish,inside_bar
2026-06-10T18:29:59,15m,HOLD,0.07,down,bearish,inside_bar
2026-06-10T18:29:59,15m,HOLD,0.0,up,bearish,inside_bar
2026-06-10T18:29:59,15m,HOLD,0.0,down,bearish,breakout_up_strong
2026-06-10T18:29:59,15m,HOLD,65.23,range,bullish,breakout_down_strong
2026-06-10T18:29:59,15m,HOLD,0.1,down,bearish,flat_zero_range
2026-06-10T18:29:59,15m,HOLD,0.07,up,neutral,breakout_up_weak
2026-06-10T18:29:59,15m,HOLD,0.12,down,bearish,exhaustion_down
2026-06-10T18:29:59,15m,HOLD,0.17,up,neutral,breakout_up_strong
2026-06-10T18:29:59,15m,HOLD,1.2,range,bearish,breakout_up_weak
2026-06-10T18:29:59,15m,HOLD,0.08,down,bullish,breakout_up_weak
2026-06-10T18:29:59,15m,HOLD,0.0,up,neutral,breakout_up_weak
2026-06-10T18:29:59,15m,HOLD,0.17,down,bearish,exhaustion_down
2026-06-10T18:29:59,15m,HOLD,0.26,up,bearish,breakout_up_weak
2026-06-10T18:29:59,15m,HOLD,0.01,up,bullish,flat_zero_range
2026-06-10T18:29:59,15m,HOLD,0.06,up,neutral,breakout_down_strong
2026-06-10T18:29:59,15m,HOLD,0.39,down,neutral,breakout_up_strong
2026-06-10T18:29:59,15m,HOLD,0.03,down,neutral,breakout_up_strong
2026-06-10T18:29:59,15m,HOLD,0.0,up,bearish,breakout_up_strong
2026-06-10T18:29:59,15m,HOLD,0.83,up,bullish,inside_bar
2026-06-10T18:29:59,15m,HOLD,0.04,down,bearish,inside_bar
2026-06-10T18:29:59,15m,HOLD,206.6,range,bearish,breakout_up_weak
2026-06-10T18:29:59,15m,HOLD,0.08,range,bearish,breakout_up_weak
2026-06-10T18:29:59,15m,HOLD,0.15,down,bearish,breakout_up_weak
2026-06-10T18:29:59,15m,HOLD,0.06,down,bearish,inside_bar
2026-06-10T18:29:59,15m,HOLD,27.5,down,bearish,exhaustion_down
2026-06-10T18:29:59,15m,HOLD,1.0,range,bullish,inside_bar
2026-06-10T18:29:59,15m,HOLD,0.0,range,bearish,breakout_up_strong
2026-06-10T18:29:59,15m,HOLD,0.02,down,bearish,breakout_up_strong
2026-06-10T18:29:59,15m,HOLD,0.14,range,neutral,breakout_up_strong
2026-06-10T18:29:59,15m,HOLD,0.16,range,neutral,breakout_up_strong
2026-06-10T18:29:59,15m,HOLD,5.14,down,bearish,breakout_up_weak
2026-06-10T18:29:59,15m,HOLD,0.05,up,neutral,breakout_up_strong
2026-06-10T18:29:59,15m,HOLD,0.01,down,bearish,breakout_up_weak
2026-06-10T18:29:59,15m,HOLD,0.05,range,bearish,breakout_up_strong
2026-06-10T18:29:59,15m,HOLD,0.05,range,bearish,flat_zero_range
2026-06-10T18:29:59,15m,HOLD,0.09,down,bearish,breakout_up_weak
2026-06-10T18:29:59,15m,HOLD,0.01,down,bearish,breakout_up_weak
2026-06-10T18:29:59,15m,HOLD,0.05,up,bearish,breakout_up_weak
2026-06-10T18:29:59,15m,HOLD,0.19,range,neutral,breakout_up_strong
2026-06-10T18:29:59,15m,HOLD,6.97,up,bearish,exhaustion_down
2026-06-10T18:29:59,15m,HOLD,1.55,down,neutral,breakout_up_strong
2026-06-10T18:29:59,15m,HOLD,0.08,up,bullish,breakout_up_strong
2026-06-10T18:29:59,15m,HOLD,0.02,range,bearish,breakout_down_strong
2026-06-10T18:29:59,15m,HOLD,62.41,up,neutral,breakout_up_weak
2026-06-10T18:29:59,15m,HOLD,0.03,range,bearish,flat_zero_range
2026-06-10T18:29:59,15m,HOLD,0.24,range,bearish,flat_zero_range
2026-06-10T18:29:59,15m,HOLD,0.0,up,neutral,flat_zero_range
2026-06-10T18:29:59,15m,HOLD,0.74,range,bearish,breakout_up_weak
2026-06-10T18:29:59,15m,HOLD,0.0,range,bearish,flat_zero_range
2026-06-10T18:29:59,15m,HOLD,0.0,down,bearish,exhaustion_down
2026-06-10T18:29:59,15m,HOLD,0.05,up,bullish,breakout_up_weak
2026-06-10T18:29:59,15m,HOLD,590.71,up,neutral,breakout_up_weak
2026-06-10T18:29:59,15m,SHORT,0.23,down,bearish,inside_bar
2026-06-10T18:29:59,15m,HOLD,0.01,down,bearish,breakout_down_weak
2026-06-10T18:29:59,15m,HOLD,0.03,up,bearish,breakout_up_weak
2026-06-10T18:29:59,15m,HOLD,0.04,up,neutral,breakout_up_strong
2026-06-10T18:29:59,15m,SHORT,2.45,down,bearish,flat_zero_range
2026-06-10T18:29:59,15m,HOLD,0.02,up,bearish,breakout_up_strong
2026-06-10T18:29:59,15m,HOLD,0.02,down,neutral,breakout_up_strong
2026-06-10T18:29:59,15m,HOLD,0.02,up,bullish,flat_zero_range
2026-06-10T18:29:59,15m,HOLD,0.06,down,bearish,breakout_down_strong
2026-06-10T18:29:59,15m,HOLD,7.68,down,bearish,breakout_up_weak
2026-06-10T18:29:59,15m,HOLD,0.3,down,bearish,inside_bar
2026-06-10T18:29:59,15m,SHORT,0.05,down,bearish,breakout_up_weak
2026-06-10T18:29:59,15m,SHORT,0.28,down,bearish,breakout_up_strong
2026-06-10T18:29:59,15m,HOLD,0.19,down,bearish,breakout_up_weak
2026-06-10T18:29:59,15m,HOLD,5.49,range,bearish,inside_bar
2026-06-10T18:29:59,15m,HOLD,0.08,down,neutral,breakout_up_strong
2026-06-10T18:29:59,15m,HOLD,1.27,up,neutral,exhaustion_down
2026-06-10T18:29:59,15m,HOLD,0.01,down,bearish,indecision
2026-06-10T18:29:59,15m,HOLD,0.08,down,bearish,breakout_up_weak
2026-06-10T18:29:59,15m,HOLD,0.04,up,neutral,breakout_up_strong
2026-06-10T18:29:59,15m,HOLD,0.0,down,bearish,inside_bar
2026-06-10T18:29:59,15m,HOLD,0.0,range,bearish,inside_bar
2026-06-10T18:29:59,15m,HOLD,0.11,down,bearish,breakout_up_strong
2026-06-10T18:29:59,15m,HOLD,0.03,down,bullish,breakout_up_strong
2026-06-10T18:29:59,15m,HOLD,0.15,down,bearish,breakout_up_weak
2026-06-10T18:29:59,15m,HOLD,0.18,down,bearish,breakout_up_strong
2026-06-10T18:29:59,15m,SHORT,0.61,down,bearish,bullish_pressure
2026-06-10T18:29:59,15m,HOLD,0.64,down,bearish,breakout_up_weak
2026-06-10T18:29:59,15m,HOLD,0.06,up,neutral,inside_bar
2026-06-10T18:29:59,15m,HOLD,0.08,down,bearish,inside_bar
2026-06-10T18:29:59,15m,HOLD,0.03,down,bearish,breakout_up_weak
2026-06-10T18:29:59,15m,HOLD,0.0,range,bearish,flat_zero_range
2026-06-10T18:29:59,15m,HOLD,0.09,up,neutral,breakout_up_strong
2026-06-10T18:29:59,15m,HOLD,0.01,up,bearish,breakout_up_strong
2026-06-10T18:29:59,15m,HOLD,0.01,range,bearish,breakout_up_strong
2026-06-10T18:29:59,15m,HOLD,0.09,range,bearish,inside_bar
2026-06-10T18:29:59,15m,HOLD,4115.7,down,bearish,indecision
2026-06-10T18:29:59,15m,HOLD,0.34,down,neutral,breakout_up_strong
2026-06-10T18:29:59,15m,HOLD,0.06,up,bullish,inside_bar
2026-06-10T18:29:59,15m,HOLD,1.31,up,neutral,breakout_up_weak
2026-06-10T18:29:59,15m,HOLD,0.02,up,neutral,inside_bar
2026-06-10T18:29:59,15m,HOLD,1.67,up,bullish,breakout_up_weak
2026-06-10T18:29:59,15m,HOLD,0.03,up,bullish,breakout_up_weak
2026-06-10T18:29:59,15m,HOLD,0.0,down,bearish,flat_zero_range
2026-06-10T18:29:59,15m,HOLD,0.03,down,bearish,breakout_down_weak
2026-06-10T18:29:59,15m,HOLD,0.32,down,bearish,breakout_up_weak
2026-06-10T18:29:59,15m,HOLD,429.53,down,neutral,inside_bar
2026-06-10T18:29:59,15m,HOLD,0.02,down,bearish,inside_bar
2026-06-10T18:29:59,15m,HOLD,0.42,range,bearish,flat_zero_range
2026-06-10T18:29:59,15m,HOLD,0.06,up,bearish,breakout_up_strong
2026-06-10T18:29:59,15m,HOLD,0.0,up,neutral,breakout_up_weak
2026-06-10T18:29:59,15m,HOLD,0.34,down,bearish,inside_bar
2026-06-10T18:29:59,15m,SHORT,0.0,down,bearish,flat_zero_range
2026-06-10T18:29:59,15m,HOLD,0.05,down,neutral,breakout_up_weak
2026-06-10T18:29:59,15m,HOLD,0.05,down,bearish,breakout_up_strong
2026-06-10T18:29:59,15m,HOLD,2.04,down,bearish,bearish_pressure
2026-06-10T18:29:59,15m,HOLD,0.01,down,bearish,exhaustion_down
2026-06-10T18:29:59,15m,HOLD,0.57,up,neutral,inside_bar
2026-06-10T18:29:59,15m,HOLD,0.86,up,neutral,flat_zero_range
2026-06-10T18:29:59,15m,HOLD,0.0,up,bearish,flat_zero_range
2026-06-10T18:29:59,15m,HOLD,0.02,up,bullish,breakout_up_weak
2026-06-10T18:29:59,15m,HOLD,0.75,down,neutral,breakout_up_weak
2026-06-10T18:29:59,15m,HOLD,0.1,range,bearish,breakout_up_weak
2026-06-10T18:29:59,15m,HOLD,0.02,down,neutral,breakout_up_strong
2026-06-23T20:14:59,15m,HOLD,0.7,down,neutral,trend_continuation_down
2026-06-23T20:14:59,15m,HOLD,0.02,down,bullish,exhaustion_up
2026-06-23T20:14:59,15m,HOLD,0.06,down,neutral,flat_zero_range
2026-06-23T20:14:59,15m,HOLD,0.08,down,neutral,breakout_up_strong
2026-06-23T20:14:59,15m,HOLD,0.12,down,neutral,breakout_up_weak
2026-06-23T20:14:59,15m,HOLD,0.02,down,neutral,breakout_up_weak
2026-06-23T20:14:59,15m,HOLD,0.01,down,neutral,breakout_up_strong
2026-06-23T20:14:59,15m,HOLD,0.04,range,bullish,bearish_pressure
2026-06-23T20:14:59,15m,HOLD,0.15,down,neutral,inside_bearish_weak
2026-06-23T20:14:59,15m,HOLD,0.02,up,bullish,flat_zero_range
2026-06-23T20:14:59,15m,HOLD,4106.2,down,bearish,trend_continuation_up
2026-06-23T20:14:59,15m,HOLD,0.15,up,bullish,breakout_up_weak
2026-06-23T20:14:59,15m,HOLD,0.3,up,bullish,breakout_up_weak
2026-06-23T20:14:59,15m,HOLD,0.04,down,neutral,breakout_up_weak
2026-06-23T20:14:59,15m,HOLD,0.0,range,bullish,trend_continuation_up
2026-06-23T20:14:59,15m,HOLD,0.08,range,bullish,flat_zero_range
2026-06-23T20:14:59,15m,HOLD,0.03,down,neutral,breakout_up_weak
2026-06-23T20:14:59,15m,HOLD,1.58,down,neutral,inside_bar
2026-06-23T20:14:59,15m,HOLD,0.05,down,neutral,breakout_up_strong
2026-06-23T20:14:59,15m,HOLD,1.05,down,neutral,flat_zero_range
2026-06-23T20:14:59,15m,HOLD,0.02,down,neutral,bearish_pressure
2026-06-23T20:14:59,15m,HOLD,0.42,range,neutral,trend_continuation_down
2026-06-23T20:14:59,15m,HOLD,0.93,down,neutral,bearish_pressure
2026-06-23T20:14:59,15m,HOLD,576.47,down,bullish,trend_continuation_down
2026-06-23T20:14:59,15m,HOLD,0.39,up,bullish,breakout_up_weak
2026-06-23T20:14:59,15m,HOLD,0.12,up,neutral,inside_bearish_weak
2026-06-23T20:14:59,15m,HOLD,0.01,down,neutral,breakout_up_strong
2026-06-23T20:14:59,15m,HOLD,1.99,down,neutral,breakout_up_strong
2026-06-23T20:14:59,15m,HOLD,0.11,down,neutral,breakout_up_weak
2026-06-23T20:14:59,15m,HOLD,36.39,up,bullish,breakout_up_strong
2026-06-23T20:14:59,15m,HOLD,0.05,down,neutral,flat_zero_range
2026-06-23T20:14:59,15m,HOLD,0.07,up,bullish,breakout_down_strong
2026-06-23T20:14:59,15m,HOLD,0.71,down,neutral,breakout_up_weak
2026-06-23T20:14:59,15m,HOLD,0.01,down,neutral,breakout_up_weak
2026-06-23T20:14:59,15m,HOLD,1.76,down,neutral,exhaustion_up
2026-06-23T20:14:59,15m,HOLD,1.02,down,neutral,trend_continuation_up
2026-06-23T20:14:59,15m,HOLD,0.0,down,neutral,flat_zero_range
2026-06-23T20:14:59,15m,HOLD,0.34,up,bullish,trend_continuation_down
2026-06-23T20:14:59,15m,HOLD,2.9,down,neutral,trend_continuation_up
2026-06-23T20:14:59,15m,HOLD,0.31,down,neutral,breakout_up_strong
2026-06-23T20:14:59,15m,HOLD,0.33,down,neutral,breakout_up_weak
2026-06-23T20:14:59,15m,HOLD,0.01,down,neutral,trend_continuation_down
2026-06-23T20:14:59,15m,HOLD,0.2,down,bullish,breakout_up_strong
2026-06-23T20:14:59,15m,HOLD,0.0,down,neutral,flat_zero_range
2026-06-23T20:14:59,15m,HOLD,72.5,down,neutral,breakout_up_weak
2026-06-23T20:14:59,15m,HOLD,0.07,down,neutral,flat_zero_range
2026-06-23T20:14:59,15m,HOLD,0.0,down,bullish,flat_zero_range
2026-06-23T20:14:59,15m,HOLD,0.22,down,neutral,flat_zero_range
2026-06-23T20:14:59,15m,HOLD,0.07,down,bullish,inside_bar
2026-06-23T20:14:59,15m,HOLD,0.01,down,neutral,breakout_up_weak
2026-06-23T20:14:59,15m,HOLD,70.35,up,neutral,breakout_up_strong
2026-06-23T20:14:59,15m,HOLD,0.22,down,neutral,breakout_up_strong
2026-06-23T20:14:59,15m,HOLD,0.17,down,neutral,trend_continuation_down
2026-06-23T20:14:59,15m,HOLD,0.04,down,bullish,trend_continuation_down
2026-06-23T20:14:59,15m,HOLD,0.25,down,neutral,inside_bar
2026-06-23T20:14:59,15m,HOLD,0.17,down,neutral,breakout_up_strong
2026-06-23T20:14:59,15m,HOLD,0.0,down,neutral,trend_continuation_down
2026-06-23T20:14:59,15m,HOLD,0.79,up,bullish,breakout_up_strong
2026-06-23T20:14:59,15m,HOLD,0.16,down,neutral,trend_continuation_down
2026-06-23T20:14:59,15m,HOLD,6.99,down,bullish,breakout_up_weak
2026-06-23T20:14:59,15m,HOLD,219.5,down,neutral,breakout_up_strong
2026-06-23T20:14:59,15m,HOLD,0.04,down,neutral,flat_zero_range
2026-06-23T20:14:59,15m,HOLD,0.35,down,neutral,breakout_up_weak
2026-06-23T20:14:59,15m,HOLD,0.0,down,neutral,flat_zero_range
2026-06-23T20:14:59,15m,HOLD,1.3,down,neutral,inside_bar
2026-06-23T20:14:59,15m,HOLD,0.08,down,neutral,breakout_up_strong
2026-06-23T20:14:59,15m,HOLD,0.0,down,neutral,breakout_down_strong
2026-06-23T20:14:59,15m,HOLD,0.1,down,neutral,breakout_up_strong
2026-06-23T20:14:59,15m,HOLD,7.59,down,neutral,trend_continuation_up
2026-06-23T20:14:59,15m,HOLD,0.63,up,bullish,breakout_up_weak
2026-06-23T20:14:59,15m,HOLD,417.9,down,neutral,trend_continuation_down
2026-06-23T20:14:59,15m,HOLD,0.02,down,neutral,exhaustion_down
2026-06-23T20:14:59,15m,HOLD,0.0,range,bearish,inside_bar
2026-06-23T20:14:59,15m,HOLD,0.04,down,neutral,flat_zero_range
2026-06-23T20:14:59,15m,HOLD,0.0,down,neutral,flat_zero_range
2026-06-23T20:14:59,15m,HOLD,0.07,up,bullish,breakout_up_weak
2026-06-23T20:14:59,15m,HOLD,0.04,up,bullish,breakout_up_weak
2026-06-23T20:14:59,15m,HOLD,0.05,up,neutral,breakout_down_weak
2026-06-23T20:14:59,15m,HOLD,0.09,down,neutral,breakout_up_strong
2026-06-23T20:14:59,15m,HOLD,1.73,down,neutral,inside_bar
2026-06-23T20:14:59,15m,HOLD,0.07,down,neutral,breakout_up_strong
2026-06-23T20:14:59,15m,HOLD,0.01,up,neutral,trend_continuation_up
2026-06-23T20:14:59,15m,HOLD,0.02,down,neutral,flat_zero_range
2026-06-23T20:14:59,15m,HOLD,0.0,down,neutral,exhaustion_up
2026-06-23T20:14:59,15m,HOLD,1.19,up,bullish,breakout_up_strong
2026-06-23T20:14:59,15m,HOLD,0.03,down,bearish,breakout_down_strong
2026-06-23T20:14:59,15m,HOLD,0.63,down,neutral,trend_continuation_down
2026-06-23T20:14:59,15m,HOLD,0.01,down,neutral,breakout_up_strong
2026-06-23T20:14:59,15m,HOLD,62438.64,down,neutral,inside_bar
2026-06-23T20:14:59,15m,HOLD,0.0,up,bullish,bullish_pressure
2026-06-23T20:14:59,15m,HOLD,0.02,down,neutral,flat_zero_range
2026-06-23T20:14:59,15m,HOLD,0.05,down,neutral,breakout_up_strong
2026-06-23T20:14:59,15m,HOLD,0.03,down,neutral,trend_continuation_down
2026-06-23T20:14:59,15m,HOLD,0.06,up,bullish,indecision
2026-06-23T20:14:59,15m,HOLD,0.03,down,neutral,breakout_up_weak
2026-06-23T20:14:59,15m,HOLD,0.01,down,bullish,breakout_up_strong
2026-06-23T20:14:59,15m,HOLD,0.02,down,bearish,breakout_down_strong
2026-06-23T20:14:59,15m,HOLD,0.0,down,neutral,flat_zero_range
2026-06-23T20:14:59,15m,HOLD,0.1,down,bearish,inside_bar
2026-06-23T20:14:59,15m,HOLD,0.16,down,neutral,trend_continuation_up
2026-06-23T20:14:59,15m,HOLD,0.2,down,bearish,trend_continuation_down
2026-06-23T20:14:59,15m,HOLD,0.08,down,neutral,breakout_up_weak
2026-06-23T20:14:59,15m,HOLD,1.0,range,bullish,breakout_up_weak
2026-06-23T20:14:59,15m,HOLD,0.08,up,bullish,breakout_up_weak
2026-06-23T20:14:59,15m,HOLD,0.01,down,bullish,flat_zero_range
2026-06-23T20:14:59,15m,HOLD,0.04,down,neutral,flat_zero_range
2026-06-23T20:14:59,15m,HOLD,0.19,down,neutral,breakout_up_weak
2026-06-23T20:14:59,15m,HOLD,0.64,down,bullish,breakout_up_strong
2026-06-23T20:14:59,15m,HOLD,0.09,down,neutral,breakout_up_weak
2026-06-23T20:14:59,15m,HOLD,0.07,down,neutral,breakout_up_weak
2026-06-23T20:14:59,15m,HOLD,3.09,up,bullish,flat_zero_range
2026-06-23T20:14:59,15m,HOLD,0.05,down,neutral,bearish_pressure
2026-06-23T20:14:59,15m,HOLD,0.16,down,bullish,breakout_down_weak
2026-06-23T20:14:59,15m,HOLD,0.14,up,bullish,flat_zero_range
2026-06-23T20:14:59,15m,HOLD,0.07,down,neutral,trend_continuation_down
2026-06-23T20:14:59,15m,HOLD,0.14,down,neutral,breakout_down_strong
2026-06-23T20:14:59,15m,HOLD,0.06,up,bullish,breakout_up_strong
2026-06-23T20:14:59,15m,HOLD,5.6,down,bullish,flat_zero_range
2026-06-23T20:14:59,15m,HOLD,0.15,range,bullish,breakout_up_strong
2026-06-23T20:14:59,15m,HOLD,0.13,up,bullish,breakout_up_strong
2026-06-23T20:14:59,15m,HOLD,0.22,down,neutral,flat_zero_range
2026-06-23T20:14:59,15m,HOLD,0.05,down,bullish,breakout_up_strong
2026-06-23T20:14:59,15m,HOLD,0.0,down,bullish,trend_continuation_down
2026-06-23T20:14:59,15m,HOLD,0.26,down,bullish,trend_continuation_down
2026-06-23T20:14:59,15m,HOLD,0.0,down,neutral,flat_zero_range
2026-06-23T20:14:59,15m,HOLD,0.1,range,bullish,breakout_up_strong
2026-06-23T20:14:59,15m,HOLD,0.01,down,neutral,trend_continuation_up
2026-06-23T20:14:59,15m,HOLD,0.02,up,bullish,inside_bar
2026-06-23T20:14:59,15m,HOLD,25.72,up,bullish,breakout_up_weak
2026-06-23T20:14:59,15m,HOLD,0.01,up,bearish,inside_bar
2026-06-23T20:14:59,15m,HOLD,0.08,down,neutral,breakout_up_strong
2026-06-23T20:14:59,15m,HOLD,0.45,down,bullish,flat_zero_range
2026-06-23T20:14:59,15m,HOLD,0.0,down,neutral,flat_zero_range
2026-06-23T20:14:59,15m,HOLD,1.34,range,bullish,breakout_up_weak
2026-06-23T20:14:59,15m,HOLD,4.59,down,bullish,breakout_up_strong
2026-06-23T20:14:59,15m,HOLD,0.06,down,neutral,breakout_up_strong
2026-06-23T20:14:59,15m,HOLD,0.0,range,neutral,flat_zero_range
2026-06-23T20:14:59,15m,HOLD,0.13,down,neutral,breakout_up_weak
2026-06-23T20:29:59,15m,HOLD,0.7,down,neutral,breakout_up_weak
2026-06-23T20:29:59,15m,HOLD,0.06,down,neutral,bullish_pressure
2026-06-23T20:29:59,15m,HOLD,0.08,down,neutral,inside_bar
2026-06-23T20:29:59,15m,HOLD,0.02,down,bullish,inside_bullish_weak
2026-06-23T20:29:59,15m,HOLD,0.12,down,bullish,flat_zero_range
2026-06-23T20:29:59,15m,HOLD,0.02,down,neutral,flat_zero_range
2026-06-23T20:29:59,15m,HOLD,0.01,down,neutral,flat_zero_range
2026-06-23T20:29:59,15m,HOLD,0.04,range,bullish,breakout_up_strong
2026-06-23T20:29:59,15m,HOLD,0.15,down,neutral,trend_continuation_up
2026-06-23T20:29:59,15m,HOLD,0.02,up,bullish,flat_zero_range
2026-06-23T20:29:59,15m,HOLD,4107.46,down,bearish,inside_bar
2026-06-23T20:29:59,15m,HOLD,0.15,up,bullish,breakout_up_weak
2026-06-23T20:29:59,15m,HOLD,0.3,up,neutral,breakout_up_strong
2026-06-23T20:29:59,15m,HOLD,0.04,down,neutral,inside_bullish_weak
2026-06-23T20:29:59,15m,HOLD,0.0,range,bullish,inside_bar
2026-06-23T20:29:59,15m,HOLD,0.08,range,bullish,flat_zero_range
2026-06-23T20:29:59,15m,HOLD,0.03,down,neutral,inside_bar
2026-06-23T20:29:59,15m,HOLD,1.58,down,bullish,bullish_pressure
2026-06-23T20:29:59,15m,HOLD,0.05,down,neutral,exhaustion_down
2026-06-23T20:29:59,15m,HOLD,1.05,down,neutral,flat_zero_range
2026-06-23T20:29:59,15m,HOLD,0.02,down,bullish,inside_bar
2026-06-23T20:29:59,15m,HOLD,0.42,range,neutral,breakout_down_strong
2026-06-23T20:29:59,15m,HOLD,0.93,down,neutral,indecision
2026-06-23T20:29:59,15m,HOLD,576.63,down,bullish,trend_continuation_up
2026-06-23T20:29:59,15m,HOLD,0.39,up,bullish,trend_continuation_up
2026-06-23T20:29:59,15m,HOLD,0.12,up,neutral,inside_bar
2026-06-23T20:29:59,15m,HOLD,0.01,down,neutral,breakout_down_strong
2026-06-23T20:29:59,15m,HOLD,1.99,down,neutral,exhaustion_down
2026-06-23T20:29:59,15m,HOLD,0.11,down,neutral,breakout_down_weak
2026-06-23T20:29:59,15m,HOLD,36.01,up,bullish,breakout_down_strong
2026-06-23T20:29:59,15m,HOLD,0.05,down,bearish,flat_zero_range
2026-06-23T20:29:59,15m,HOLD,0.07,up,bullish,breakout_down_weak
2026-06-23T20:29:59,15m,HOLD,0.71,down,bullish,breakout_up_weak
2026-06-23T20:29:59,15m,HOLD,0.01,down,bearish,flat_zero_range
2026-06-23T20:29:59,15m,HOLD,1.77,down,bullish,trend_continuation_up
2026-06-23T20:29:59,15m,HOLD,1.01,down,neutral,breakout_down_strong
2026-06-23T20:29:59,15m,HOLD,0.0,down,neutral,flat_zero_range
2026-06-23T20:29:59,15m,HOLD,0.35,up,bullish,breakout_up_weak
2026-06-23T20:29:59,15m,HOLD,2.91,down,bullish,breakout_up_strong
2026-06-23T20:29:59,15m,HOLD,0.31,down,bullish,trend_continuation_up
2026-06-23T20:29:59,15m,HOLD,0.33,down,neutral,inside_bar
2026-06-23T20:29:59,15m,HOLD,0.01,down,neutral,inside_bar
2026-06-23T20:29:59,15m,HOLD,0.2,down,bullish,inside_bearish_weak
2026-06-23T20:29:59,15m,HOLD,0.0,down,bullish,flat_zero_range
2026-06-23T20:29:59,15m,HOLD,72.56,down,neutral,breakout_up_strong
2026-06-23T20:29:59,15m,HOLD,0.0,down,bullish,breakout_down_strong
2026-06-23T20:29:59,15m,HOLD,0.07,down,neutral,breakout_down_weak
2026-06-23T20:29:59,15m,HOLD,0.21,down,bearish,breakout_down_strong
2026-06-23T20:29:59,15m,HOLD,0.07,down,bullish,flat_zero_range
2026-06-23T20:29:59,15m,HOLD,0.01,down,neutral,flat_zero_range
2026-06-23T20:29:59,15m,HOLD,70.38,up,neutral,inside_bar
2026-06-23T20:29:59,15m,HOLD,0.22,down,bullish,inside_bar
2026-06-23T20:29:59,15m,HOLD,0.17,down,bullish,flat_zero_range
2026-06-23T20:29:59,15m,HOLD,0.04,down,neutral,flat_zero_range
2026-06-23T20:29:59,15m,HOLD,0.25,down,neutral,inside_bullish_weak
2026-06-23T20:29:59,15m,HOLD,0.17,down,neutral,trend_continuation_up
2026-06-23T20:29:59,15m,HOLD,0.0,down,neutral,breakout_down_weak
2026-06-23T20:29:59,15m,HOLD,0.8,up,bullish,exhaustion_down
2026-06-23T20:29:59,15m,HOLD,0.16,down,neutral,breakout_up_strong
2026-06-23T20:29:59,15m,HOLD,7.02,down,bullish,breakout_up_strong
2026-06-23T20:29:59,15m,HOLD,219.9,down,bullish,breakout_up_weak
2026-06-23T20:29:59,15m,HOLD,0.04,down,neutral,flat_zero_range
2026-06-23T20:29:59,15m,HOLD,0.35,down,neutral,flat_zero_range
2026-06-23T20:29:59,15m,HOLD,0.0,down,neutral,flat_zero_range
2026-06-23T20:29:59,15m,HOLD,1.31,down,neutral,breakout_up_strong
2026-06-23T20:29:59,15m,HOLD,0.08,down,neutral,breakout_down_weak
2026-06-23T20:29:59,15m,HOLD,0.0,down,bearish,flat_zero_range
2026-06-23T20:29:59,15m,HOLD,0.1,down,neutral,breakout_down_strong
2026-06-23T20:29:59,15m,HOLD,7.59,down,neutral,inside_bullish_weak
2026-06-23T20:29:59,15m,HOLD,0.63,up,bullish,bullish_pressure
2026-06-23T20:29:59,15m,HOLD,419.16,down,neutral,breakout_up_weak
2026-06-23T20:29:59,15m,HOLD,0.02,down,bearish,exhaustion_down
2026-06-23T20:29:59,15m,HOLD,0.0,range,bearish,trend_continuation_down
2026-06-23T20:29:59,15m,HOLD,0.04,down,neutral,flat_zero_range
2026-06-23T20:29:59,15m,HOLD,0.0,down,neutral,flat_zero_range
2026-06-23T20:29:59,15m,HOLD,0.07,up,bullish,inside_bar
2026-06-23T20:29:59,15m,HOLD,0.04,up,neutral,exhaustion_up
2026-06-23T20:29:59,15m,HOLD,0.05,up,neutral,bullish_pressure
2026-06-23T20:29:59,15m,HOLD,0.09,down,neutral,breakout_up_strong
2026-06-23T20:29:59,15m,HOLD,1.73,down,neutral,trend_continuation_up
2026-06-23T20:29:59,15m,HOLD,0.07,down,bullish,trend_continuation_up
2026-06-23T20:29:59,15m,HOLD,0.01,up,bearish,breakout_down_weak
2026-06-23T20:29:59,15m,HOLD,0.02,down,bearish,flat_zero_range
2026-06-23T20:29:59,15m,HOLD,0.0,down,bullish,flat_zero_range
2026-06-23T20:29:59,15m,HOLD,1.19,up,bullish,exhaustion_down
2026-06-23T20:29:59,15m,HOLD,0.03,down,bearish,exhaustion_down
2026-06-23T20:29:59,15m,HOLD,0.63,down,bearish,bullish_pressure
2026-06-23T20:29:59,15m,HOLD,0.01,down,neutral,breakout_down_weak
2026-06-23T20:29:59,15m,HOLD,62494.31,down,neutral,breakout_up_weak
2026-06-23T20:29:59,15m,HOLD,0.0,up,bullish,inside_bar
2026-06-23T20:29:59,15m,HOLD,0.02,down,neutral,exhaustion_up
2026-06-23T20:29:59,15m,HOLD,0.05,down,neutral,flat_zero_range
2026-06-23T20:29:59,15m,HOLD,0.03,down,bearish,breakout_down_weak
2026-06-23T20:29:59,15m,HOLD,0.06,up,bullish,trend_continuation_down
2026-06-23T20:29:59,15m,HOLD,0.03,down,neutral,breakout_down_weak
2026-06-23T20:29:59,15m,HOLD,0.01,down,bullish,breakout_up_strong
2026-06-23T20:29:59,15m,HOLD,0.02,down,bearish,flat_zero_range
2026-06-23T20:29:59,15m,HOLD,0.0,down,neutral,breakout_down_strong
2026-06-23T20:29:59,15m,HOLD,0.1,down,neutral,inside_bar
2026-06-23T20:29:59,15m,HOLD,0.16,down,bullish,inside_bar
2026-06-23T20:29:59,15m,HOLD,0.2,down,neutral,inside_bar
2026-06-23T20:29:59,15m,HOLD,0.08,down,neutral,inside_bar
2026-06-23T20:29:59,15m,HOLD,1.0,range,bullish,inside_bar
2026-06-23T20:29:59,15m,HOLD,0.08,up,bullish,breakout_up_strong
2026-06-23T20:29:59,15m,HOLD,0.01,down,bullish,flat_zero_range
2026-06-23T20:29:59,15m,HOLD,0.04,down,neutral,flat_zero_range
2026-06-23T20:29:59,15m,HOLD,0.19,down,neutral,breakout_down_strong
2026-06-23T20:29:59,15m,HOLD,0.65,down,bullish,trend_continuation_up
2026-06-23T20:29:59,15m,HOLD,0.09,down,neutral,inside_bar
2026-06-23T20:29:59,15m,HOLD,0.07,down,neutral,bearish_pressure
2026-06-23T20:29:59,15m,HOLD,3.06,up,neutral,flat_zero_range
2026-06-23T20:29:59,15m,HOLD,0.05,down,neutral,bullish_pressure
2026-06-23T20:29:59,15m,HOLD,0.14,up,bullish,flat_zero_range
2026-06-23T20:29:59,15m,HOLD,0.16,range,bullish,breakout_up_weak
2026-06-23T20:29:59,15m,HOLD,0.07,down,bearish,inside_bar
2026-06-23T20:29:59,15m,HOLD,0.14,down,neutral,breakout_down_weak
2026-06-23T20:29:59,15m,HOLD,0.06,up,bullish,breakout_down_weak
2026-06-23T20:29:59,15m,HOLD,5.6,down,bullish,flat_zero_range
2026-06-23T20:29:59,15m,HOLD,0.15,range,bullish,flat_zero_range
2026-06-23T20:29:59,15m,HOLD,0.12,up,bullish,breakout_down_strong
2026-06-23T20:29:59,15m,HOLD,0.22,down,neutral,inside_bar
2026-06-23T20:29:59,15m,HOLD,0.05,down,bullish,exhaustion_down
2026-06-23T20:29:59,15m,HOLD,0.0,down,bullish,trend_continuation_up
2026-06-23T20:29:59,15m,HOLD,0.26,down,bullish,breakout_up_strong
2026-06-23T20:29:59,15m,HOLD,0.0,down,bullish,flat_zero_range
2026-06-23T20:29:59,15m,HOLD,0.1,range,bullish,breakout_down_weak
2026-06-23T20:29:59,15m,HOLD,0.01,down,bullish,breakout_down_weak
2026-06-23T20:29:59,15m,HOLD,0.01,up,bullish,indecision
2026-06-23T20:29:59,15m,HOLD,25.8,up,bullish,trend_continuation_up
2026-06-23T20:29:59,15m,HOLD,0.01,up,neutral,exhaustion_down
2026-06-23T20:29:59,15m,HOLD,0.08,down,bearish,breakout_down_strong
2026-06-23T20:29:59,15m,HOLD,0.45,down,bullish,flat_zero_range
2026-06-23T20:29:59,15m,HOLD,0.0,down,bullish,flat_zero_range
2026-06-23T20:29:59,15m,HOLD,1.34,range,bullish,inside_bar
2026-06-23T20:29:59,15m,HOLD,4.6,down,bullish,breakout_up_weak
2026-06-23T20:29:59,15m,HOLD,0.06,down,neutral,breakout_up_strong
2026-06-23T20:29:59,15m,HOLD,0.0,range,neutral,flat_zero_range
2026-06-23T20:29:59,15m,HOLD,0.13,down,neutral,breakout_up_strong
