timestamp,open,high,low,close,atr,ema100,micro,direction_5m,htf_bullish,htf_bearish,long_signal,short_signal
2026-05-05 13:30:00+00:00,81410.8,81427.5,81318.8,81354.7,121.76290394202424,80888.93363041036,trend_continuation_down,up,True,False,0,0
2026-05-05 13:31:00+00:00,81354.7,81492.6,81322.1,81486.0,121.76290394202424,80888.93363041036,bullish_pressure,up,True,False,0,0
2026-05-05 13:32:00+00:00,81485.9,81488.6,81385.5,81385.5,121.76290394202424,80888.93363041036,bearish_pressure,up,True,False,0,0
2026-05-05 13:33:00+00:00,81385.6,81480.0,81385.5,81450.7,121.76290394202424,80888.93363041036,bullish_pressure,up,True,False,0,0
2026-05-05 13:34:00+00:00,81450.6,81468.3,81395.1,81429.2,121.76290394202424,80888.93363041036,inside_bar,up,True,False,0,0
2026-05-05 13:35:00+00:00,81429.2,81429.2,81346.9,81418.0,123.60126794616535,80896.96662782799,indecision,up,True,False,0,0
2026-05-05 13:36:00+00:00,81418.0,81442.1,81405.9,81412.8,123.60126794616535,80896.96662782799,indecision,up,True,False,0,0
2026-05-05 13:37:00+00:00,81412.9,81419.9,81346.1,81379.0,123.60126794616535,80896.96662782799,bearish_pressure,up,True,False,0,0
2026-05-05 13:38:00+00:00,81379.0,81400.9,81340.0,81341.3,123.60126794616535,80896.96662782799,bearish_pressure,up,True,False,0,0
2026-05-05 13:39:00+00:00,81341.3,81401.4,81294.6,81294.6,123.60126794616535,80896.96662782799,trend_continuation_down,up,True,False,0,0
2026-05-05 13:40:00+00:00,81294.6,81294.7,81151.1,81220.1,132.99403452143864,80906.19303123734,exhaustion_down,up,True,False,1,0
2026-05-05 13:49:00+00:00,81563.6,81585.4,81529.3,81580.1,139.87303205562077,80919.53772368809,trend_continuation_up,up,True,False,0,0
2026-05-05 13:50:00+00:00,81580.0,81613.5,81520.6,81525.3,150.46067262307685,80927.57460044674,bearish_pressure,up,True,False,0,0
2026-05-05 13:51:00+00:00,81525.4,81550.6,81474.8,81532.4,150.46067262307685,80927.57460044674,indecision,up,True,False,0,0
2026-05-05 13:52:00+00:00,81532.3,81555.0,81515.2,81521.9,150.46067262307685,80927.57460044674,inside_bearish_weak,up,True,False,0,0
2026-05-05 13:53:00+00:00,81522.0,81522.0,81442.1,81448.4,150.46067262307685,80927.57460044674,bearish_pressure,up,True,False,0,0
2026-05-05 13:54:00+00:00,81448.4,81449.5,81325.4,81325.4,150.46067262307685,80927.57460044674,trend_continuation_down,up,True,False,0,0
2026-05-05 13:55:00+00:00,81325.4,81346.1,81244.2,81244.2,154.57776743571463,80934.51965786364,trend_continuation_down,up,True,False,0,0
2026-05-05 13:56:00+00:00,81244.2,81251.6,81138.0,81202.4,154.57776743571463,80934.51965786364,exhaustion_down,up,True,False,1,0
2026-05-05 13:57:00+00:00,81202.3,81313.6,81192.7,81290.1,154.57776743571463,80934.51965786364,breakout_down_weak,up,True,False,0,0
2026-05-05 13:58:00+00:00,81290.1,81333.2,81290.0,81314.1,154.57776743571463,80934.51965786364,bullish_pressure,up,True,False,0,0
2026-05-05 13:59:00+00:00,81314.2,81330.0,81272.0,81278.3,154.57776743571463,80934.51965786364,bearish_pressure,up,True,False,0,0
2026-05-05 14:00:00+00:00,81278.3,81290.2,81134.6,81241.9,161.965069761735,80943.48164483663,exhaustion_down,up,True,False,1,0
2026-05-05 14:01:00+00:00,81241.9,81241.9,81189.3,81212.2,161.965069761735,80943.48164483663,exhaustion_down,up,True,False,1,0
2026-05-05 14:02:00+00:00,81212.2,81306.4,81199.9,81294.3,161.965069761735,80943.48164483663,bullish_pressure,up,True,False,0,0
2026-05-05 14:03:00+00:00,81294.3,81330.0,81282.9,81306.0,161.965069761735,80943.48164483663,inside_bullish_weak,up,True,False,0,0
2026-05-05 14:04:00+00:00,81306.1,81392.6,81306.0,81387.1,161.965069761735,80943.48164483663,bullish_pressure,up,True,False,0,0
2026-05-05 14:05:00+00:00,81387.1,81387.3,81319.1,81319.2,164.58185049304006,80948.9513152359,bearish_pressure,up,True,False,0,0
2026-05-05 14:06:00+00:00,81319.2,81338.8,81284.0,81284.0,164.58185049304006,80948.9513152359,bearish_pressure,up,True,False,0,0
2026-05-05 14:07:00+00:00,81284.0,81300.0,81188.7,81198.7,164.58185049304006,80948.9513152359,breakout_down_weak,up,True,False,0,0
2026-05-05 14:08:00+00:00,81198.6,81300.7,81198.6,81244.4,164.58185049304006,80948.9513152359,inside_bullish_weak,up,True,False,0,0
2026-05-05 14:09:00+00:00,81244.4,81254.8,81200.0,81219.7,164.58185049304006,80948.9513152359,bearish_pressure,up,True,False,0,0
2026-05-05 14:10:00+00:00,81219.8,81288.0,81208.3,81208.3,173.090289743537,80951.06515057776,indecision,up,True,False,0,0
2026-05-05 14:11:00+00:00,81208.4,81231.1,81155.0,81208.2,173.090289743537,80951.06515057776,indecision,up,True,False,0,0
2026-05-05 14:12:00+00:00,81208.2,81299.9,81208.2,81273.7,173.090289743537,80951.06515057776,bullish_pressure,up,True,False,0,0
2026-05-05 14:13:00+00:00,81273.7,81312.0,81072.1,81191.5,173.090289743537,80951.06515057776,inside_bearish_weak,up,True,False,0,0
2026-05-05 14:14:00+00:00,81191.3,81191.3,81028.3,81055.7,173.090289743537,80951.06515057776,bearish_pressure,up,True,False,0,0
2026-05-05 14:15:00+00:00,81055.7,81055.8,80892.9,81024.1,180.44812619042764,80951.96089017029,exhaustion_down,up,True,False,1,0
2026-05-05 14:16:00+00:00,81024.1,81154.7,80989.6,81146.2,180.44812619042764,80951.96089017029,bullish_pressure,up,True,False,0,0
2026-05-05 14:17:00+00:00,81146.2,81169.0,81084.2,81132.7,180.44812619042764,80951.96089017029,indecision,up,True,False,0,0
2026-05-05 14:18:00+00:00,81132.8,81167.1,80942.0,80979.0,180.44812619042764,80951.96089017029,breakout_down_strong,up,True,False,0,0
2026-05-05 14:19:00+00:00,80979.0,81021.7,80919.2,80996.3,180.44812619042764,80951.96089017029,exhaustion_down,up,True,False,1,0
2026-05-05 14:28:00+00:00,81343.9,81371.3,81300.0,81355.1,193.1797618682769,80964.60269430045,trend_continuation_up,up,True,False,0,0
2026-05-05 14:29:00+00:00,81355.0,81418.1,81350.0,81354.4,193.1797618682769,80964.60269430045,exhaustion_up,up,True,False,0,1
2026-05-05 14:30:00+00:00,81354.4,81458.8,81351.2,81419.6,190.72406459197163,80971.83828451233,exhaustion_up,up,True,False,0,1
2026-05-05 14:31:00+00:00,81419.5,81419.6,81350.0,81397.0,190.72406459197163,80971.83828451233,trend_continuation_up,up,True,False,0,0
2026-05-05 14:32:00+00:00,81396.9,81443.0,81377.8,81424.0,190.72406459197163,80971.83828451233,trend_continuation_up,up,True,False,0,0
2026-05-05 14:33:00+00:00,81423.9,81432.8,81315.3,81315.3,190.72406459197163,80971.83828451233,bearish_pressure,up,True,False,0,0
2026-05-05 14:34:00+00:00,81315.4,81342.0,81300.0,81330.0,190.72406459197163,80971.83828451233,inside_bullish_weak,up,True,False,0,0
2026-05-05 14:35:00+00:00,81330.1,81373.7,81327.1,81345.0,200.4080599782596,80975.64742739327,inside_bullish_weak,up,True,False,0,0
2026-05-05 14:36:00+00:00,81345.0,81411.3,81334.3,81350.0,200.4080599782596,80975.64742739327,indecision,up,True,False,0,0
2026-05-05 14:37:00+00:00,81350.0,81350.1,81235.5,81265.5,200.4080599782596,80975.64742739327,bearish_pressure,up,True,False,0,0
2026-05-05 14:38:00+00:00,81265.7,81270.7,81162.0,81185.8,200.4080599782596,80975.64742739327,bearish_pressure,up,True,False,0,0
2026-05-05 14:39:00+00:00,81185.8,81200.0,81085.0,81164.2,200.4080599782596,80975.64742739327,exhaustion_down,up,True,False,1,0
2026-05-05 14:40:00+00:00,81164.1,81189.0,81100.5,81103.1,196.62891283695532,80979.8405476429,breakout_down_weak,up,True,False,0,0
2026-05-05 14:41:00+00:00,81103.0,81195.9,81071.0,81195.9,196.62891283695532,80979.8405476429,bullish_pressure,up,True,False,0,0
2026-05-05 14:42:00+00:00,81195.9,81217.4,81173.6,81186.4,196.62891283695532,80979.8405476429,inside_bearish_weak,up,True,False,0,0
2026-05-05 14:43:00+00:00,81186.3,81218.5,81184.7,81199.6,196.62891283695532,80979.8405476429,inside_bullish_weak,up,True,False,0,0
2026-05-05 14:44:00+00:00,81199.6,81218.4,81158.8,81187.4,196.62891283695532,80979.8405476429,inside_bearish_weak,up,True,False,0,0
2026-05-05 14:45:00+00:00,81187.4,81200.0,81161.4,81192.0,192.9697047771734,80983.34865561036,inside_bar,up,True,False,0,0
2026-05-05 14:46:00+00:00,81192.0,81213.8,81131.1,81131.1,192.9697047771734,80983.34865561036,bearish_pressure,up,True,False,0,0
2026-05-05 14:47:00+00:00,81131.1,81131.1,81068.4,81085.7,192.9697047771734,80983.34865561036,trend_continuation_down,up,True,False,0,0
2026-05-05 14:48:00+00:00,81085.6,81197.0,81083.8,81190.5,192.9697047771734,80983.34865561036,bullish_pressure,up,True,False,0,0
2026-05-05 14:49:00+00:00,81190.6,81208.1,81157.0,81157.0,192.9697047771734,80983.34865561036,bearish_pressure,up,True,False,0,0
2026-05-05 14:50:00+00:00,81157.1,81157.1,81113.8,81117.6,194.000440150232,80989.95363272699,bearish_pressure,up,True,False,0,0
2026-05-05 14:51:00+00:00,81117.6,81173.7,81117.6,81154.8,194.000440150232,80989.95363272699,bullish_pressure,up,True,False,0,0
2026-05-05 14:52:00+00:00,81154.8,81250.0,81109.5,81223.5,194.000440150232,80989.95363272699,bullish_pressure,up,True,False,0,0
2026-05-05 14:53:00+00:00,81223.6,81276.0,81218.7,81255.9,194.000440150232,80989.95363272699,bullish_pressure,up,True,False,0,0
2026-05-05 14:54:00+00:00,81255.9,81316.9,81255.9,81316.9,194.000440150232,80989.95363272699,breakout_up_weak,up,True,False,0,0
2026-05-05 14:55:00+00:00,81316.8,81350.0,81297.1,81297.2,187.15040871093015,80995.77831326704,inside_bearish_weak,up,True,False,0,0
2026-05-05 14:56:00+00:00,81297.2,81326.0,81288.9,81305.4,187.15040871093015,80995.77831326704,inside_bullish_weak,up,True,False,0,0
2026-05-05 14:57:00+00:00,81305.4,81305.5,81251.9,81261.1,187.15040871093015,80995.77831326704,bearish_pressure,up,True,False,0,0
2026-05-05 14:58:00+00:00,81261.0,81313.8,81261.0,81294.1,187.15040871093015,80995.77831326704,bullish_pressure,up,True,False,0,0
2026-05-05 14:59:00+00:00,81294.1,81294.2,81279.3,81284.1,187.15040871093015,80995.77831326704,bearish_pressure,up,True,False,0,0
2026-05-05 15:00:00+00:00,81284.0,81288.0,81220.1,81226.8,187.05395094586393,81003.18468330136,bearish_pressure,up,True,False,0,0
2026-05-05 15:01:00+00:00,81226.8,81236.7,81200.0,81210.0,187.05395094586393,81003.18468330136,bearish_pressure,up,True,False,0,0
2026-05-05 15:02:00+00:00,81210.0,81215.2,81184.0,81213.3,187.05395094586393,81003.18468330136,indecision,up,True,False,0,0
2026-05-05 15:03:00+00:00,81213.2,81279.3,81213.2,81279.3,187.05395094586393,81003.18468330136,bullish_pressure,up,True,False,0,0
2026-05-05 15:04:00+00:00,81279.3,81369.8,81279.2,81369.8,187.05395094586393,81003.18468330136,trend_continuation_up,up,True,False,0,0
2026-05-05 15:05:00+00:00,81369.8,81379.5,81295.1,81339.7,184.53581159258712,81009.8047885825,inside_bearish_weak,up,True,False,0,0
2026-05-05 15:06:00+00:00,81339.6,81393.7,81339.6,81393.7,184.53581159258712,81009.8047885825,trend_continuation_up,up,True,False,0,0
2026-05-05 15:07:00+00:00,81393.7,81446.9,81365.9,81366.0,184.53581159258712,81009.8047885825,inside_bearish_weak,up,True,False,0,0
2026-05-05 15:08:00+00:00,81365.9,81384.2,81344.0,81379.1,184.53581159258712,81009.8047885825,inside_bullish_weak,up,True,False,0,0
2026-05-05 15:09:00+00:00,81379.2,81395.6,81337.4,81337.5,184.53581159258712,81009.8047885825,bearish_pressure,up,True,False,0,0
2026-05-05 15:10:00+00:00,81337.4,81393.7,81311.5,81383.4,193.0761107645456,81019.80073336305,bullish_pressure,up,True,False,0,0
2026-05-05 15:11:00+00:00,81383.3,81499.0,81364.3,81498.9,193.0761107645456,81019.80073336305,breakout_up_weak,up,True,False,0,0
2026-05-05 15:12:00+00:00,81499.0,81615.6,81498.9,81567.3,193.0761107645456,81019.80073336305,exhaustion_up,up,True,False,0,1
2026-05-05 15:13:00+00:00,81567.4,81574.2,81474.0,81474.1,193.0761107645456,81019.80073336305,trend_continuation_up,up,True,False,0,0
2026-05-05 15:14:00+00:00,81474.0,81530.9,81463.4,81514.6,193.0761107645456,81019.80073336305,trend_continuation_up,up,True,False,0,0
2026-05-05 15:15:00+00:00,81514.5,81555.3,81485.1,81528.2,185.2349599956497,81029.19477824695,exhaustion_up,up,True,False,0,1
2026-05-05 15:16:00+00:00,81528.2,81528.3,81479.2,81479.2,185.2349599956497,81029.19477824695,bearish_pressure,up,True,False,0,0
2026-05-05 15:17:00+00:00,81479.2,81525.3,81472.0,81491.1,185.2349599956497,81029.19477824695,inside_bullish_weak,up,True,False,0,0
2026-05-05 15:18:00+00:00,81491.2,81527.0,81491.2,81522.5,185.2349599956497,81029.19477824695,breakout_up_weak,up,True,False,0,0
2026-05-05 15:19:00+00:00,81522.5,81522.5,81491.4,81494.2,185.2349599956497,81029.19477824695,bearish_pressure,up,True,False,0,0
2026-05-05 15:20:00+00:00,81494.3,81494.3,81470.1,81477.6,183.00389142453187,81039.89785194503,bearish_pressure,up,True,False,0,0
2026-05-05 15:21:00+00:00,81477.5,81510.0,81466.6,81485.7,183.00389142453187,81039.89785194503,indecision,up,True,False,0,0
2026-05-05 15:22:00+00:00,81485.7,81573.6,81481.5,81573.6,183.00389142453187,81039.89785194503,breakout_up_weak,up,True,False,0,0
2026-05-05 15:23:00+00:00,81573.5,81618.1,81533.9,81610.3,183.00389142453187,81039.89785194503,trend_continuation_up,up,True,False,0,0
2026-05-05 15:24:00+00:00,81610.3,81620.6,81569.7,81569.7,183.00389142453187,81039.89785194503,bearish_pressure,up,True,False,0,0
2026-05-05 15:25:00+00:00,81569.7,81620.5,81543.4,81563.7,180.72504203706575,81050.28205289661,indecision,up,True,False,0,0
2026-05-05 15:26:00+00:00,81563.7,81563.7,81527.1,81563.6,180.72504203706575,81050.28205289661,indecision,up,True,False,0,0
2026-05-05 15:27:00+00:00,81563.5,81563.5,81492.9,81519.9,180.72504203706575,81050.28205289661,bearish_pressure,up,True,False,0,0
2026-05-05 15:28:00+00:00,81519.8,81519.9,81472.1,81486.4,180.72504203706575,81050.28205289661,bearish_pressure,up,True,False,0,0
2026-05-05 15:29:00+00:00,81486.5,81564.4,81469.4,81564.3,180.72504203706575,81050.28205289661,bullish_pressure,up,True,False,0,0
2026-05-05 15:30:00+00:00,81564.4,81614.7,81564.4,81580.0,176.72325332013227,81060.36953699768,inside_bullish_weak,up,True,False,0,0
2026-05-05 15:31:00+00:00,81580.0,81604.0,81554.7,81570.4,176.72325332013227,81060.36953699768,indecision,up,True,False,0,0
2026-05-05 15:32:00+00:00,81570.3,81580.0,81490.0,81501.3,176.72325332013227,81060.36953699768,bearish_pressure,up,True,False,0,0
2026-05-05 15:33:00+00:00,81501.3,81554.9,81495.7,81551.0,176.72325332013227,81060.36953699768,bullish_pressure,up,True,False,0,0
2026-05-05 15:34:00+00:00,81550.9,81564.4,81516.8,81559.7,176.72325332013227,81060.36953699768,indecision,up,True,False,0,0
2026-05-05 15:35:00+00:00,81559.7,81623.1,81559.7,81614.6,170.7287352258373,81070.21766497791,bullish_pressure,up,True,False,0,0
2026-05-05 15:36:00+00:00,81614.7,81620.0,81555.1,81586.3,170.7287352258373,81070.21766497791,inside_bearish_weak,up,True,False,0,0
2026-05-05 15:37:00+00:00,81586.4,81600.0,81570.0,81596.5,170.7287352258373,81070.21766497791,inside_bar,up,True,False,0,0
2026-05-05 15:38:00+00:00,81596.5,81623.1,81594.7,81598.5,170.7287352258373,81070.21766497791,indecision,up,True,False,0,0
2026-05-05 15:39:00+00:00,81598.4,81598.5,81530.3,81557.7,170.7287352258373,81070.21766497791,bearish_pressure,up,True,False,0,0
2026-05-05 15:40:00+00:00,81557.8,81585.0,81553.1,81567.8,164.04096842399218,81080.34800824567,inside_bar,up,True,False,0,0
2026-05-05 15:41:00+00:00,81567.9,81573.9,81528.0,81563.2,164.04096842399218,81080.34800824567,indecision,up,True,False,0,0
2026-05-05 15:42:00+00:00,81563.2,81571.6,81520.0,81525.3,164.04096842399218,81080.34800824567,bearish_pressure,up,True,False,0,0
2026-05-05 15:43:00+00:00,81525.3,81556.9,81507.9,81530.0,164.04096842399218,81080.34800824567,indecision,up,True,False,0,0
2026-05-05 15:44:00+00:00,81530.1,81581.9,81530.0,81581.8,164.04096842399218,81080.34800824567,bullish_pressure,up,True,False,0,0
2026-05-05 15:45:00+00:00,81581.8,81586.0,81535.3,81568.0,159.85232782227806,81090.69161204278,inside_bearish_weak,up,True,False,0,0
2026-05-05 15:46:00+00:00,81568.1,81630.7,81568.0,81630.6,159.85232782227806,81090.69161204278,bullish_pressure,up,True,False,0,0
2026-05-05 15:47:00+00:00,81630.7,81640.7,81584.4,81593.8,159.85232782227806,81090.69161204278,bearish_pressure,up,True,False,0,0
2026-05-05 15:48:00+00:00,81593.8,81630.0,81579.2,81615.9,159.85232782227806,81090.69161204278,inside_bullish_weak,up,True,False,0,0
2026-05-05 15:49:00+00:00,81615.9,81633.0,81581.8,81602.7,159.85232782227806,81090.69161204278,inside_bearish_weak,up,True,False,0,0
2026-05-05 15:50:00+00:00,81602.6,81602.6,81523.0,81523.0,157.19859012068656,81099.09177814095,bearish_pressure,up,True,False,0,0
2026-05-05 15:51:00+00:00,81523.0,81588.0,81523.0,81550.8,157.19859012068656,81099.09177814095,inside_bar,up,True,False,0,0
2026-05-05 15:52:00+00:00,81550.9,81555.8,81500.0,81500.1,157.19859012068656,81099.09177814095,bearish_pressure,up,True,False,0,0
2026-05-05 15:53:00+00:00,81500.0,81530.0,81480.0,81490.3,157.19859012068656,81099.09177814095,indecision,up,True,False,0,0
2026-05-05 15:54:00+00:00,81490.4,81530.0,81490.2,81514.9,157.19859012068656,81099.09177814095,bullish_pressure,up,True,False,0,0
2026-05-05 15:55:00+00:00,81514.9,81515.0,81478.3,81500.0,151.10583368349424,81106.80679243519,inside_bearish_weak,up,True,False,0,0
2026-05-05 15:56:00+00:00,81500.0,81544.0,81500.0,81532.8,151.10583368349424,81106.80679243519,bullish_pressure,up,True,False,0,0
2026-05-05 15:57:00+00:00,81532.8,81532.8,81476.0,81508.1,151.10583368349424,81106.80679243519,inside_bearish_weak,up,True,False,0,0
2026-05-05 15:58:00+00:00,81508.1,81510.9,81474.0,81499.5,151.10583368349424,81106.80679243519,inside_bearish_weak,up,True,False,0,0
2026-05-05 15:59:00+00:00,81499.5,81499.6,81472.1,81488.7,151.10583368349424,81106.80679243519,inside_bearish_weak,up,True,False,0,0
2026-05-05 16:00:00+00:00,81488.7,81556.6,81472.6,81486.3,148.4911312775304,81115.08190545629,indecision,up,True,False,0,0
2026-05-05 16:01:00+00:00,81486.3,81518.6,81479.9,81500.1,148.4911312775304,81115.08190545629,inside_bar,up,True,False,0,0
2026-05-05 16:02:00+00:00,81500.0,81500.1,81442.1,81456.8,148.4911312775304,81115.08190545629,bearish_pressure,up,True,False,0,0
2026-05-05 16:03:00+00:00,81456.8,81508.9,81445.1,81477.6,148.4911312775304,81115.08190545629,inside_bullish_weak,up,True,False,0,0
2026-05-05 16:04:00+00:00,81477.6,81540.0,81477.6,81524.7,148.4911312775304,81115.08190545629,bullish_pressure,up,True,False,0,0
2026-05-05 16:05:00+00:00,81524.6,81541.1,81508.7,81531.9,148.1774790434215,81121.39711524923,inside_bullish_weak,up,True,False,0,0
2026-05-05 16:06:00+00:00,81532.0,81578.1,81483.0,81549.6,148.1774790434215,81121.39711524923,indecision,up,True,False,0,0
2026-05-05 16:07:00+00:00,81549.7,81552.8,81503.7,81503.7,148.1774790434215,81121.39711524923,bearish_pressure,up,True,False,0,0
2026-05-05 16:08:00+00:00,81503.7,81523.9,81475.2,81475.3,148.1774790434215,81121.39711524923,bearish_pressure,up,True,False,0,0
2026-05-05 16:09:00+00:00,81475.2,81485.2,81434.0,81434.0,148.1774790434215,81121.39711524923,bearish_pressure,up,True,False,0,0
2026-05-05 16:10:00+00:00,81434.0,81443.0,81378.8,81417.5,144.80051625460527,81126.98133078884,inside_bearish_weak,up,True,False,0,0
2026-05-05 16:11:00+00:00,81417.5,81454.8,81417.5,81419.8,144.80051625460527,81126.98133078884,indecision,up,True,False,0,0
2026-05-05 16:12:00+00:00,81419.8,81479.7,81419.7,81449.6,144.80051625460527,81126.98133078884,bullish_pressure,up,True,False,0,0
2026-05-05 16:13:00+00:00,81449.6,81460.2,81440.0,81450.9,144.80051625460527,81126.98133078884,inside_bar,up,True,False,0,0
2026-05-05 16:14:00+00:00,81450.9,81451.0,81384.2,81403.4,144.80051625460527,81126.98133078884,bearish_pressure,up,True,False,0,0
2026-05-05 16:15:00+00:00,81403.4,81408.2,81362.2,81394.3,141.00762223641897,81133.09853215936,indecision,up,True,False,0,0
2026-05-05 16:16:00+00:00,81394.3,81426.1,81386.5,81407.9,141.00762223641897,81133.09853215936,inside_bullish_weak,up,True,False,0,0
2026-05-05 16:17:00+00:00,81408.0,81416.4,81380.1,81380.2,141.00762223641897,81133.09853215936,bearish_pressure,up,True,False,0,0
2026-05-05 16:18:00+00:00,81380.1,81423.4,81380.1,81420.1,141.00762223641897,81133.09853215936,bullish_pressure,up,True,False,0,0
2026-05-05 16:19:00+00:00,81420.1,81453.9,81420.0,81435.9,141.00762223641897,81133.09853215936,bullish_pressure,up,True,False,0,0
2026-05-05 16:20:00+00:00,81435.8,81454.0,81411.7,81454.0,141.28564921953148,81138.79955132453,inside_bullish_weak,up,True,False,0,0
2026-05-05 16:21:00+00:00,81454.0,81511.5,81453.9,81491.5,141.28564921953148,81138.79955132453,bullish_pressure,up,True,False,0,0
2026-05-05 16:22:00+00:00,81491.5,81491.5,81451.4,81451.4,141.28564921953148,81138.79955132453,bearish_pressure,up,True,False,0,0
2026-05-05 16:23:00+00:00,81451.4,81463.5,81408.9,81409.0,141.28564921953148,81138.79955132453,bearish_pressure,up,True,False,0,0
2026-05-05 16:24:00+00:00,81408.9,81428.0,81366.6,81421.0,141.28564921953148,81138.79955132453,indecision,up,True,False,0,0
2026-05-05 16:25:00+00:00,81421.0,81421.0,81383.0,81390.1,141.44381713242208,81143.39956020919,bearish_pressure,up,True,False,0,0
2026-05-05 16:26:00+00:00,81390.0,81411.4,81383.9,81401.1,141.44381713242208,81143.39956020919,inside_bar,up,True,False,0,0
2026-05-05 16:27:00+00:00,81400.9,81400.9,81335.5,81337.0,141.44381713242208,81143.39956020919,bearish_pressure,up,True,False,0,0
2026-05-05 16:28:00+00:00,81337.1,81345.0,81277.5,81341.8,141.44381713242208,81143.39956020919,indecision,up,True,False,0,0
2026-05-05 16:29:00+00:00,81341.9,81380.0,81341.8,81371.1,141.44381713242208,81143.39956020919,bullish_pressure,up,True,False,0,0
2026-05-05 16:30:00+00:00,81371.0,81371.1,81318.0,81358.3,144.13354448010665,81144.52036099712,inside_bearish_weak,up,True,False,0,0
2026-05-05 16:31:00+00:00,81358.3,81360.1,81228.0,81288.5,144.13354448010665,81144.52036099712,exhaustion_down,up,True,False,1,0
2026-05-05 16:39:00+00:00,81024.4,81084.7,81010.0,81083.7,151.5025770172421,81143.31599741301,trend_continuation_down,up,False,True,0,0
2026-05-05 16:40:00+00:00,81083.6,81083.7,81004.0,81004.1,147.8238215160105,81141.03647271177,bearish_pressure,neutral,False,True,0,0
2026-05-05 16:41:00+00:00,81004.1,81085.9,81000.0,81056.3,147.8238215160105,81141.03647271177,trend_continuation_down,neutral,False,True,0,0
2026-05-05 16:42:00+00:00,81056.2,81100.0,81047.6,81073.9,147.8238215160105,81141.03647271177,trend_continuation_down,neutral,False,True,0,0
2026-05-05 16:43:00+00:00,81073.8,81073.8,81011.7,81036.4,147.8238215160105,81141.03647271177,exhaustion_down,neutral,False,True,0,0
2026-05-05 16:44:00+00:00,81036.5,81053.0,81000.0,81028.2,147.8238215160105,81141.03647271177,exhaustion_down,neutral,False,True,0,0
2026-05-05 16:45:00+00:00,81028.2,81100.0,81009.5,81087.8,146.64354855058141,81140.74466137095,bullish_pressure,neutral,False,True,0,0
2026-05-05 16:46:00+00:00,81087.8,81108.0,81087.8,81094.4,146.64354855058141,81140.74466137095,inside_bullish_weak,neutral,False,True,0,0
2026-05-05 16:47:00+00:00,81094.4,81127.1,81094.3,81116.4,146.64354855058141,81140.74466137095,bullish_pressure,neutral,False,True,0,0
2026-05-05 16:48:00+00:00,81116.4,81140.8,81111.0,81132.2,146.64354855058141,81140.74466137095,bullish_pressure,neutral,False,True,0,0
2026-05-05 16:49:00+00:00,81132.2,81132.3,81116.2,81126.3,146.64354855058141,81140.74466137095,inside_bar,neutral,False,True,0,0
2026-05-05 16:50:00+00:00,81126.4,81189.3,81126.3,81180.3,144.51186651125437,81142.26654926459,bullish_pressure,neutral,True,False,0,0
2026-05-05 16:51:00+00:00,81180.2,81200.0,81166.6,81174.9,144.51186651125437,81142.26654926459,indecision,neutral,True,False,0,0
2026-05-05 16:52:00+00:00,81174.9,81233.3,81174.9,81225.3,144.51186651125437,81142.26654926459,bullish_pressure,neutral,True,False,0,0
2026-05-05 16:53:00+00:00,81225.4,81243.1,81172.6,81182.5,144.51186651125437,81142.26654926459,bearish_pressure,neutral,True,False,0,0
2026-05-05 16:54:00+00:00,81182.5,81220.6,81182.5,81217.6,144.51186651125437,81142.26654926459,bullish_pressure,neutral,True,False,0,0
2026-05-05 16:55:00+00:00,81217.7,81217.7,81194.5,81196.0,138.88244747473598,81144.41374630886,bearish_pressure,neutral,True,False,0,0
2026-05-05 16:56:00+00:00,81196.0,81220.0,81196.0,81219.9,138.88244747473598,81144.41374630886,bullish_pressure,neutral,True,False,0,0
2026-05-05 16:57:00+00:00,81220.0,81220.0,81200.0,81202.8,138.88244747473598,81144.41374630886,bearish_pressure,neutral,True,False,0,0
2026-05-05 16:58:00+00:00,81202.8,81215.0,81185.0,81185.1,138.88244747473598,81144.41374630886,bearish_pressure,neutral,True,False,0,0
2026-05-05 16:59:00+00:00,81185.1,81250.7,81185.0,81250.7,138.88244747473598,81144.41374630886,bullish_pressure,neutral,True,False,0,0
2026-05-05 17:00:00+00:00,81250.6,81250.7,81226.1,81237.1,139.1765583693977,81147.37585034235,bearish_pressure,neutral,True,False,0,0
2026-05-05 17:01:00+00:00,81237.1,81237.2,81187.0,81193.2,139.1765583693977,81147.37585034235,bearish_pressure,neutral,True,False,0,0
2026-05-05 17:02:00+00:00,81193.2,81262.8,81193.1,81261.0,139.1765583693977,81147.37585034235,bullish_pressure,neutral,True,False,0,0
2026-05-05 17:03:00+00:00,81261.0,81305.8,81244.0,81305.8,139.1765583693977,81147.37585034235,trend_continuation_up,neutral,True,False,0,0
2026-05-05 17:04:00+00:00,81305.8,81330.0,81284.5,81294.0,139.1765583693977,81147.37585034235,inside_bearish_weak,neutral,True,False,0,0
2026-05-05 17:05:00+00:00,81294.0,81300.0,81275.0,81293.3,141.1425184858691,81147.94266518706,indecision,neutral,True,False,0,0
2026-05-05 17:06:00+00:00,81293.3,81293.4,81247.5,81247.8,141.1425184858691,81147.94266518706,bearish_pressure,neutral,True,False,0,0
2026-05-05 17:07:00+00:00,81247.8,81258.4,81205.6,81205.6,141.1425184858691,81147.94266518706,bearish_pressure,neutral,True,False,0,0
2026-05-05 17:08:00+00:00,81205.6,81224.3,81138.0,81154.0,141.1425184858691,81147.94266518706,bearish_pressure,neutral,True,False,0,0
2026-05-05 17:09:00+00:00,81153.9,81185.5,81133.3,81176.0,141.1425184858691,81147.94266518706,inside_bullish_weak,neutral,True,False,0,0
2026-05-05 17:10:00+00:00,81176.0,81219.8,81165.1,81219.8,139.57519573687824,81150.53785993584,bullish_pressure,neutral,True,False,0,0
2026-05-05 17:11:00+00:00,81219.7,81245.8,81214.0,81236.8,139.57519573687824,81150.53785993584,bullish_pressure,neutral,True,False,0,0
2026-05-05 17:12:00+00:00,81236.8,81284.3,81230.6,81274.0,139.57519573687824,81150.53785993584,bullish_pressure,neutral,True,False,0,0
2026-05-05 17:13:00+00:00,81274.0,81274.0,81243.0,81250.4,139.57519573687824,81150.53785993584,bearish_pressure,neutral,True,False,0,0
2026-05-05 17:14:00+00:00,81250.4,81279.0,81243.3,81279.0,139.57519573687824,81150.53785993584,bullish_pressure,neutral,True,False,0,0
2026-05-05 17:15:00+00:00,81279.0,81288.4,81255.8,81283.2,136.21268175567266,81154.35691221434,indecision,neutral,True,False,0,0
2026-05-05 17:16:00+00:00,81283.2,81333.3,81283.1,81325.7,136.21268175567266,81154.35691221434,bullish_pressure,neutral,True,False,0,0
2026-05-05 17:17:00+00:00,81325.6,81325.7,81276.0,81319.0,136.21268175567266,81154.35691221434,indecision,neutral,True,False,0,0
2026-05-05 17:18:00+00:00,81319.1,81330.0,81296.2,81322.9,136.21268175567266,81154.35691221434,indecision,neutral,True,False,0,0
2026-05-05 17:19:00+00:00,81322.9,81348.3,81315.4,81343.4,136.21268175567266,81154.35691221434,bullish_pressure,neutral,True,False,0,0
2026-05-05 17:20:00+00:00,81343.4,81362.3,81313.3,81348.2,134.66891877312503,81157.377567418,indecision,neutral,True,False,0,0
2026-05-05 17:21:00+00:00,81348.1,81400.0,81334.1,81400.0,134.66891877312503,81157.377567418,breakout_up_weak,neutral,True,False,0,0
2026-05-05 17:22:00+00:00,81399.9,81420.0,81355.0,81355.1,134.66891877312503,81157.377567418,bearish_pressure,neutral,True,False,0,0
2026-05-05 17:23:00+00:00,81355.0,81361.6,81344.0,81344.0,134.66891877312503,81157.377567418,bearish_pressure,neutral,True,False,0,0
2026-05-05 17:24:00+00:00,81344.0,81344.1,81305.4,81306.9,134.66891877312503,81157.377567418,bearish_pressure,neutral,True,False,0,0
2026-05-05 17:25:00+00:00,81306.9,81341.5,81306.9,81341.5,131.40685314647322,81161.58989281567,bullish_pressure,neutral,True,False,0,0
2026-05-05 17:26:00+00:00,81341.4,81388.0,81341.4,81381.3,131.40685314647322,81161.58989281567,bullish_pressure,neutral,True,False,0,0
2026-05-05 17:27:00+00:00,81381.2,81387.0,81362.1,81362.2,131.40685314647322,81161.58989281567,bearish_pressure,neutral,True,False,0,0
2026-05-05 17:28:00+00:00,81362.2,81395.9,81362.1,81368.5,131.40685314647322,81161.58989281567,indecision,neutral,True,False,0,0
2026-05-05 17:29:00+00:00,81368.6,81378.3,81359.0,81370.1,131.40685314647322,81161.58989281567,indecision,neutral,True,False,0,0
2026-05-05 17:30:00+00:00,81370.2,81370.2,81311.0,81311.0,130.60636363601063,81164.01385533417,bearish_pressure,neutral,True,False,0,0
2026-05-05 17:31:00+00:00,81311.0,81317.1,81267.9,81267.9,130.60636363601063,81164.01385533417,bearish_pressure,neutral,True,False,0,0
2026-05-05 17:32:00+00:00,81267.9,81297.9,81252.9,81297.9,130.60636363601063,81164.01385533417,bullish_pressure,neutral,True,False,0,0
2026-05-05 17:33:00+00:00,81297.9,81297.9,81260.0,81260.1,130.60636363601063,81164.01385533417,bearish_pressure,neutral,True,False,0,0
2026-05-05 17:34:00+00:00,81260.0,81284.8,81250.0,81284.0,130.60636363601063,81164.01385533417,bullish_pressure,neutral,True,False,0,0
2026-05-05 17:35:00+00:00,81284.0,81297.9,81255.1,81255.1,127.2344805191523,81165.45120473349,bearish_pressure,neutral,True,False,0,0
2026-05-05 17:36:00+00:00,81255.1,81306.7,81250.0,81306.7,127.2344805191523,81165.45120473349,bullish_pressure,neutral,True,False,0,0
2026-05-05 17:37:00+00:00,81306.7,81320.0,81302.0,81306.9,127.2344805191523,81165.45120473349,indecision,neutral,True,False,0,0
2026-05-05 17:38:00+00:00,81306.8,81307.7,81292.3,81293.6,127.2344805191523,81165.45120473349,bearish_pressure,neutral,True,False,0,0
2026-05-05 17:39:00+00:00,81293.6,81293.6,81236.6,81236.6,127.2344805191523,81165.45120473349,bearish_pressure,neutral,True,False,0,0
2026-05-05 17:40:00+00:00,81236.6,81262.4,81210.0,81247.8,122.27487476778448,81167.1333590952,inside_bullish_weak,neutral,True,False,0,0
2026-05-05 17:41:00+00:00,81247.8,81262.3,81247.8,81261.8,122.27487476778448,81167.1333590952,bullish_pressure,neutral,True,False,0,0
2026-05-05 17:42:00+00:00,81261.8,81267.8,81261.8,81267.7,122.27487476778448,81167.1333590952,bullish_pressure,neutral,True,False,0,0
2026-05-05 17:43:00+00:00,81267.7,81267.8,81238.7,81248.9,122.27487476778448,81167.1333590952,bearish_pressure,neutral,True,False,0,0
2026-05-05 17:44:00+00:00,81249.0,81259.2,81249.0,81250.4,122.27487476778448,81167.1333590952,inside_bar,neutral,True,False,0,0
2026-05-05 17:45:00+00:00,81250.4,81263.4,81240.0,81240.0,121.38381228437152,81168.7386391131,inside_bearish_weak,neutral,True,False,0,0
2026-05-05 17:46:00+00:00,81240.0,81240.1,81200.0,81218.1,121.38381228437152,81168.7386391131,bearish_pressure,neutral,True,False,0,0
2026-05-05 17:47:00+00:00,81218.0,81246.4,81218.0,81239.3,121.38381228437152,81168.7386391131,bullish_pressure,neutral,True,False,0,0
2026-05-05 17:48:00+00:00,81239.3,81291.1,81239.2,81291.1,121.38381228437152,81168.7386391131,bullish_pressure,neutral,True,False,0,0
2026-05-05 17:49:00+00:00,81291.1,81309.8,81248.2,81248.2,121.38381228437152,81168.7386391131,bearish_pressure,neutral,True,False,0,0
2026-05-05 18:15:00+00:00,81516.0,81530.0,81472.9,81486.1,120.57575900938733,81188.28064459178,trend_continuation_up,neutral,True,False,0,0
2026-05-05 18:16:00+00:00,81486.1,81486.1,81462.4,81471.7,120.57575900938733,81188.28064459178,bearish_pressure,neutral,True,False,0,0
2026-05-05 18:17:00+00:00,81471.7,81512.5,81456.4,81504.0,120.57575900938733,81188.28064459178,breakout_up_weak,neutral,True,False,0,0
2026-05-05 18:18:00+00:00,81504.1,81512.4,81440.4,81449.9,120.57575900938733,81188.28064459178,bearish_pressure,neutral,True,False,0,0
2026-05-05 18:19:00+00:00,81449.9,81450.0,81397.4,81424.4,120.57575900938733,81188.28064459178,bearish_pressure,neutral,True,False,0,0
2026-05-05 21:30:00+00:00,81430.8,81430.9,81360.0,81400.8,120.10194812485868,81371.81748188617,exhaustion_down,neutral,False,True,0,0
2026-05-05 21:31:00+00:00,81400.8,81400.8,81334.4,81355.8,120.10194812485868,81371.81748188617,trend_continuation_down,neutral,False,True,0,0
2026-05-05 21:32:00+00:00,81355.8,81391.5,81346.0,81346.1,120.10194812485868,81371.81748188617,trend_continuation_down,neutral,False,True,0,0
2026-05-05 21:33:00+00:00,81346.0,81346.0,81287.8,81318.3,120.10194812485868,81371.81748188617,exhaustion_down,neutral,False,True,0,0
2026-05-05 21:34:00+00:00,81318.4,81318.4,81270.0,81270.2,120.10194812485868,81371.81748188617,bearish_pressure,neutral,False,True,0,0
2026-05-05 21:35:00+00:00,81270.2,81308.9,81266.5,81300.1,122.5803804016547,81371.86862085873,trend_continuation_down,neutral,True,False,0,0
2026-05-05 21:36:00+00:00,81300.1,81353.3,81285.6,81352.7,122.5803804016547,81371.86862085873,bullish_pressure,neutral,True,False,0,0
2026-05-05 21:37:00+00:00,81352.7,81405.4,81343.1,81405.4,122.5803804016547,81371.86862085873,bullish_pressure,neutral,True,False,0,0
2026-05-05 21:38:00+00:00,81405.5,81421.3,81383.0,81413.4,122.5803804016547,81371.86862085873,inside_bullish_weak,neutral,True,False,0,0
2026-05-05 21:39:00+00:00,81413.4,81413.4,81374.3,81374.4,122.5803804016547,81371.86862085873,bearish_pressure,neutral,True,False,0,0
2026-05-05 22:00:00+00:00,81363.4,81475.7,81363.4,81437.6,122.86139235227735,81374.67870587224,bullish_pressure,neutral,True,False,0,0
2026-05-05 22:01:00+00:00,81437.6,81466.0,81400.0,81457.6,122.86139235227735,81374.67870587224,inside_bar,neutral,True,False,0,0
2026-05-05 22:02:00+00:00,81457.7,81537.2,81441.8,81527.9,122.86139235227735,81374.67870587224,breakout_up_weak,neutral,True,False,0,0
2026-05-05 22:03:00+00:00,81528.0,81564.4,81523.5,81560.1,122.86139235227735,81374.67870587224,trend_continuation_up,neutral,True,False,0,0
2026-05-05 22:04:00+00:00,81560.2,81560.2,81474.8,81474.8,122.86139235227735,81374.67870587224,bearish_pressure,neutral,True,False,0,0
2026-05-05 22:05:00+00:00,81474.8,81504.7,81460.0,81504.7,124.0641500414002,81375.10685031042,bullish_pressure,neutral,True,False,0,0
2026-05-05 22:06:00+00:00,81504.7,81505.0,81450.0,81450.1,124.0641500414002,81375.10685031042,bearish_pressure,neutral,True,False,0,0
2026-05-05 22:07:00+00:00,81450.1,81450.1,81397.8,81404.8,124.0641500414002,81375.10685031042,bearish_pressure,neutral,True,False,0,0
2026-05-05 22:08:00+00:00,81404.8,81421.3,81365.3,81421.3,124.0641500414002,81375.10685031042,inside_bullish_weak,neutral,True,False,0,0
2026-05-05 22:09:00+00:00,81421.2,81421.2,81371.2,81396.3,124.0641500414002,81375.10685031042,bearish_pressure,neutral,True,False,0,0
2026-05-05 22:10:00+00:00,81396.2,81396.3,81333.4,81356.3,121.64528218129998,81374.34037802705,bearish_pressure,neutral,False,True,0,0
2026-05-05 22:11:00+00:00,81356.2,81356.2,81310.4,81310.5,121.64528218129998,81374.34037802705,trend_continuation_down,neutral,False,True,0,0
2026-05-05 22:12:00+00:00,81310.4,81329.6,81306.1,81316.5,121.64528218129998,81374.34037802705,inside_bullish_weak,neutral,False,True,0,0
2026-05-05 22:13:00+00:00,81316.5,81359.5,81316.4,81359.4,121.64528218129998,81374.34037802705,bullish_pressure,neutral,False,True,0,0
2026-05-05 22:14:00+00:00,81359.4,81360.0,81336.3,81336.4,121.64528218129998,81374.34037802705,bearish_pressure,neutral,False,True,0,0
2026-05-05 22:30:00+00:00,81389.9,81390.0,81340.2,81346.2,131.50221533684146,81367.71337346536,bearish_pressure,neutral,False,True,0,0
2026-05-05 22:31:00+00:00,81346.2,81347.0,81248.8,81257.0,131.50221533684146,81367.71337346536,breakout_down_weak,neutral,False,True,0,0
2026-05-05 22:32:00+00:00,81256.9,81272.0,81183.4,81184.0,131.50221533684146,81367.71337346536,trend_continuation_down,neutral,False,True,0,0
2026-05-05 22:33:00+00:00,81184.1,81213.6,81091.1,81154.9,131.50221533684146,81367.71337346536,exhaustion_down,neutral,False,True,0,0
2026-05-05 22:34:00+00:00,81154.9,81164.3,81051.0,81068.8,131.50221533684146,81367.71337346536,breakout_down_strong,neutral,False,True,0,0
2026-05-05 22:35:00+00:00,81068.8,81141.7,81054.0,81069.9,142.0877713842097,81359.56459379278,bearish_pressure,neutral,False,True,0,0
2026-05-05 22:36:00+00:00,81070.0,81099.4,81037.0,81098.3,142.0877713842097,81359.56459379278,exhaustion_down,neutral,False,True,0,0
2026-05-05 22:37:00+00:00,81098.3,81100.0,81024.5,81064.5,142.0877713842097,81359.56459379278,exhaustion_down,neutral,False,True,0,0
2026-05-05 22:38:00+00:00,81064.5,81076.0,80922.0,80962.9,142.0877713842097,81359.56459379278,breakout_down_strong,neutral,False,True,0,0
2026-05-05 22:39:00+00:00,80963.0,80979.2,80862.0,80956.2,142.0877713842097,81359.56459379278,exhaustion_down,neutral,False,True,0,0
2026-05-05 22:40:00+00:00,80956.1,81026.7,80956.1,80994.6,151.50293057105142,81351.94351272756,breakout_down_weak,down,False,True,0,0
2026-05-05 22:41:00+00:00,80994.7,80994.7,80832.5,80894.0,151.50293057105142,81351.94351272756,exhaustion_down,down,False,True,1,0
2026-05-05 22:42:00+00:00,80894.0,80903.8,80752.8,80854.7,151.50293057105142,81351.94351272756,exhaustion_down,down,False,True,1,0
2026-05-05 22:53:00+00:00,81229.8,81238.6,81074.1,81089.7,162.12497584952786,81342.10216334111,bearish_pressure,down,False,True,0,0
2026-05-05 22:54:00+00:00,81089.6,81171.8,81055.6,81171.7,162.12497584952786,81342.10216334111,trend_continuation_up,down,False,True,0,0
2026-05-05 22:55:00+00:00,81171.8,81194.4,81150.0,81169.5,160.84462043170424,81336.84667495813,indecision,down,False,True,0,0
2026-05-05 22:56:00+00:00,81169.4,81182.8,81130.5,81130.6,160.84462043170424,81336.84667495813,bearish_pressure,down,False,True,0,0
2026-05-05 22:57:00+00:00,81130.5,81142.0,81071.2,81076.6,160.84462043170424,81336.84667495813,bearish_pressure,down,False,True,0,0
2026-05-05 22:58:00+00:00,81076.7,81076.7,81050.2,81074.1,160.84462043170424,81336.84667495813,indecision,down,False,True,0,0
2026-05-05 22:59:00+00:00,81074.0,81077.5,81053.3,81076.7,160.84462043170424,81336.84667495813,indecision,down,False,True,0,0
2026-05-05 23:00:00+00:00,81076.7,81122.4,81033.3,81106.6,160.1485761151533,81331.16654278073,inside_bullish_weak,down,False,True,0,0
2026-05-05 23:01:00+00:00,81106.3,81106.3,81040.2,81040.2,160.1485761151533,81331.16654278073,bearish_pressure,down,False,True,0,0
2026-05-05 23:02:00+00:00,81040.2,81084.3,80971.3,80997.2,160.1485761151533,81331.16654278073,inside_bearish_weak,down,False,True,0,0
2026-05-05 23:03:00+00:00,80997.2,81014.6,80971.5,80995.4,160.1485761151533,81331.16654278073,inside_bar,down,False,True,0,0
2026-05-05 23:04:00+00:00,80995.4,81050.0,80995.4,81050.0,160.1485761151533,81331.16654278073,bullish_pressure,down,False,True,0,0
2026-05-05 23:05:00+00:00,81050.0,81074.1,81025.0,81025.0,157.53082067835663,81326.33354193359,bearish_pressure,down,False,True,0,0
2026-05-05 23:06:00+00:00,81024.7,81024.7,81012.0,81015.9,157.53082067835663,81326.33354193359,bearish_pressure,down,False,True,0,0
2026-05-05 23:07:00+00:00,81015.8,81042.7,80982.5,81005.9,157.53082067835663,81326.33354193359,indecision,down,False,True,0,0
2026-05-05 23:08:00+00:00,81005.9,81023.7,80985.3,81012.7,157.53082067835663,81326.33354193359,inside_bar,down,False,True,0,0
2026-05-05 23:09:00+00:00,81012.7,81106.0,81010.2,81087.1,157.53082067835663,81326.33354193359,bullish_pressure,down,False,True,0,0
2026-05-05 23:10:00+00:00,81087.1,81158.4,81082.0,81147.5,153.05719062990218,81323.26159060818,bullish_pressure,down,False,True,0,0
2026-05-05 23:11:00+00:00,81147.6,81166.5,81137.0,81151.6,153.05719062990218,81323.26159060818,indecision,down,False,True,0,0
2026-05-05 23:12:00+00:00,81151.7,81166.5,81140.1,81164.1,153.05719062990218,81323.26159060818,bullish_pressure,down,False,True,0,0
2026-05-05 23:13:00+00:00,81164.0,81164.1,81135.0,81147.5,153.05719062990218,81323.26159060818,bearish_pressure,down,False,True,0,0
2026-05-05 23:14:00+00:00,81147.5,81176.9,81147.5,81171.2,153.05719062990218,81323.26159060818,bullish_pressure,down,False,True,0,0
2026-05-05 23:15:00+00:00,81171.1,81171.2,81110.0,81113.3,151.08881987062347,81318.00096505157,bearish_pressure,down,False,True,0,0
2026-05-05 23:16:00+00:00,81113.3,81121.0,81061.6,81066.6,151.08881987062347,81318.00096505157,bearish_pressure,down,False,True,0,0
2026-05-05 23:17:00+00:00,81066.7,81094.2,81066.6,81088.5,151.08881987062347,81318.00096505157,bullish_pressure,down,False,True,0,0
2026-05-05 23:18:00+00:00,81088.4,81108.2,81082.0,81108.2,151.08881987062347,81318.00096505157,bullish_pressure,down,False,True,0,0
2026-05-05 23:19:00+00:00,81108.1,81108.2,81045.7,81057.6,151.08881987062347,81318.00096505157,bearish_pressure,down,False,True,0,0
2026-05-05 23:20:00+00:00,81057.7,81066.4,81051.6,81066.4,145.66818987986443,81311.9474805951,bullish_pressure,down,False,True,0,0
2026-05-05 23:21:00+00:00,81066.3,81075.2,81050.0,81054.3,145.66818987986443,81311.9474805951,bearish_pressure,down,False,True,0,0
2026-05-05 23:22:00+00:00,81054.3,81060.0,81033.3,81044.9,145.66818987986443,81311.9474805951,inside_bearish_weak,down,False,True,0,0
2026-05-05 23:23:00+00:00,81044.9,81044.9,81000.0,81000.0,145.66818987986443,81311.9474805951,bearish_pressure,down,False,True,0,0
2026-05-05 23:24:00+00:00,81000.1,81016.2,81000.0,81012.3,145.66818987986443,81311.9474805951,bullish_pressure,down,False,True,0,0
2026-05-05 23:25:00+00:00,81012.4,81034.3,81012.4,81028.0,150.65617631701699,81302.60198592985,bullish_pressure,down,False,True,0,0
2026-05-05 23:26:00+00:00,81027.9,81028.0,80938.7,80938.8,150.65617631701699,81302.60198592985,breakout_down_weak,down,False,True,0,0
2026-05-05 23:27:00+00:00,80938.8,80970.8,80911.8,80928.6,150.65617631701699,81302.60198592985,trend_continuation_down,down,False,True,0,0
2026-05-05 23:28:00+00:00,80928.7,80931.1,80839.2,80839.2,150.65617631701699,81302.60198592985,breakout_down_strong,down,False,True,0,0
2026-05-05 23:29:00+00:00,80839.3,80861.0,80818.8,80840.0,150.65617631701699,81302.60198592985,exhaustion_down,down,False,True,1,0
2026-05-05 23:30:00+00:00,80840.0,80858.2,80829.6,80844.7,151.41644943723026,81292.66927333719,exhaustion_down,down,False,True,1,0
2026-05-05 23:31:00+00:00,80844.7,80883.9,80844.6,80883.9,151.41644943723026,81292.66927333719,bullish_pressure,down,False,True,0,0
2026-05-05 23:32:00+00:00,80883.9,80934.7,80870.2,80872.8,151.41644943723026,81292.66927333719,indecision,down,False,True,0,0
2026-05-05 23:33:00+00:00,80872.7,80881.8,80831.0,80834.0,151.41644943723026,81292.66927333719,breakout_down_weak,down,False,True,0,0
2026-05-05 23:34:00+00:00,80834.0,80834.1,80773.4,80801.0,151.41644943723026,81292.66927333719,exhaustion_down,down,False,True,1,0
2026-05-05 23:35:00+00:00,80801.1,80804.3,80767.2,80771.6,146.99384590599954,81282.76097089487,trend_continuation_down,down,False,True,0,0
2026-05-05 23:36:00+00:00,80771.6,80806.3,80760.3,80797.2,146.99384590599954,81282.76097089487,trend_continuation_down,down,False,True,0,0
2026-05-05 23:37:00+00:00,80797.2,80797.2,80716.8,80756.0,146.99384590599954,81282.76097089487,exhaustion_down,down,False,True,1,0
2026-05-05 23:38:00+00:00,80756.1,80775.0,80746.3,80774.8,146.99384590599954,81282.76097089487,trend_continuation_down,down,False,True,0,0
2026-05-05 23:39:00+00:00,80774.8,80798.0,80770.0,80792.3,146.99384590599954,81282.76097089487,bullish_pressure,down,False,True,0,0
2026-05-05 23:40:00+00:00,80792.2,80832.3,80772.0,80772.0,146.37285691271407,81274.78748632269,inside_bearish_weak,down,False,True,0,0
2026-05-05 23:41:00+00:00,80772.1,80810.0,80770.0,80810.0,146.37285691271407,81274.78748632269,bullish_pressure,down,False,True,0,0
2026-05-05 23:42:00+00:00,80809.9,80868.0,80788.4,80868.0,146.37285691271407,81274.78748632269,bullish_pressure,down,False,True,0,0
2026-05-05 23:43:00+00:00,80868.0,80908.3,80867.9,80908.3,146.37285691271407,81274.78748632269,bullish_pressure,down,False,True,0,0
2026-05-05 23:44:00+00:00,80908.3,80908.3,80878.6,80880.1,146.37285691271407,81274.78748632269,bearish_pressure,down,False,True,0,0
2026-05-05 23:45:00+00:00,80880.1,80928.5,80870.0,80900.8,142.62479570466266,81267.16199154402,inside_bullish_weak,down,False,True,0,0
2026-05-05 23:46:00+00:00,80900.8,80900.8,80850.0,80854.7,142.62479570466266,81267.16199154402,bearish_pressure,down,False,True,0,0
2026-05-05 23:47:00+00:00,80854.7,80870.0,80849.2,80870.0,142.62479570466266,81267.16199154402,bullish_pressure,down,False,True,0,0
2026-05-05 23:48:00+00:00,80869.9,80869.9,80834.6,80858.2,142.62479570466266,81267.16199154402,inside_bearish_weak,down,False,True,0,0
2026-05-05 23:49:00+00:00,80858.3,80910.1,80858.2,80889.7,142.62479570466266,81267.16199154402,bullish_pressure,down,False,True,0,0
2026-05-05 23:50:00+00:00,80889.7,80920.0,80866.5,80900.9,137.98731029718655,81259.39838775108,inside_bullish_weak,down,False,True,0,0
2026-05-05 23:51:00+00:00,80900.9,80939.7,80896.1,80901.1,137.98731029718655,81259.39838775108,indecision,down,False,True,0,0
2026-05-05 23:52:00+00:00,80901.2,80901.2,80871.7,80871.7,137.98731029718655,81259.39838775108,bearish_pressure,down,False,True,0,0
2026-05-05 23:53:00+00:00,80871.8,80879.1,80865.4,80879.1,137.98731029718655,81259.39838775108,bullish_pressure,down,False,True,0,0
2026-05-05 23:54:00+00:00,80879.0,80879.1,80862.0,80875.1,137.98731029718655,81259.39838775108,inside_bearish_weak,down,False,True,0,0
2026-05-05 23:55:00+00:00,80875.1,80888.0,80850.0,80882.5,132.00964527595914,81251.52713254809,indecision,down,False,True,0,0
2026-05-05 23:56:00+00:00,80882.6,80882.6,80874.2,80880.0,132.00964527595914,81251.52713254809,inside_bar,down,False,True,0,0
2026-05-05 23:57:00+00:00,80879.9,80904.3,80879.9,80903.8,132.00964527595914,81251.52713254809,bullish_pressure,down,False,True,0,0
2026-05-05 23:58:00+00:00,80903.9,80903.9,80896.6,80896.6,132.00964527595914,81251.52713254809,bearish_pressure,down,False,True,0,0
2026-05-05 23:59:00+00:00,80896.7,80896.7,80861.9,80861.9,132.00964527595914,81251.52713254809,bearish_pressure,down,False,True,0,0
2026-05-06 00:00:00+00:00,80861.9,80909.7,80835.8,80889.8,140.9660991848188,81246.76817942831,inside_bullish_weak,down,False,True,0,0
2026-05-06 00:01:00+00:00,80889.9,80915.4,80884.8,80897.5,140.9660991848188,81246.76817942831,inside_bullish_weak,down,False,True,0,0
2026-05-06 00:02:00+00:00,80897.6,80959.9,80896.3,80920.9,140.9660991848188,81246.76817942831,inside_bullish_weak,down,False,True,0,0
2026-05-06 00:03:00+00:00,80920.9,81093.2,80897.5,80984.1,140.9660991848188,81246.76817942831,inside_bullish_weak,down,False,True,0,0
2026-05-06 00:04:00+00:00,80984.0,81036.0,80962.0,81011.2,140.9660991848188,81246.76817942831,trend_continuation_up,down,False,True,0,0
2026-05-06 00:05:00+00:00,81011.2,81011.3,80972.5,80978.6,138.31852067161807,81242.75890854854,bearish_pressure,down,False,True,0,0
2026-05-06 00:06:00+00:00,80978.6,81017.2,80972.2,81006.5,138.31852067161807,81242.75890854854,bullish_pressure,down,False,True,0,0
2026-05-06 00:07:00+00:00,81006.4,81050.0,81006.4,81032.2,138.31852067161807,81242.75890854854,exhaustion_up,down,False,True,0,1
2026-05-06 00:08:00+00:00,81032.3,81076.1,81032.2,81064.9,138.31852067161807,81242.75890854854,trend_continuation_up,down,False,True,0,0
2026-05-06 00:09:00+00:00,81064.9,81069.3,81036.2,81044.3,138.31852067161807,81242.75890854854,bearish_pressure,down,False,True,0,0
2026-05-06 00:10:00+00:00,81044.2,81145.9,81019.2,81142.5,142.7529120522174,81240.2151677852,breakout_up_weak,down,False,True,0,0
2026-05-06 00:11:00+00:00,81142.5,81219.6,81102.2,81205.3,142.7529120522174,81240.2151677852,bullish_pressure,down,False,True,0,0
2026-05-06 00:12:00+00:00,81205.4,81205.4,81124.5,81124.5,142.7529120522174,81240.2151677852,trend_continuation_up,down,False,True,0,0
2026-05-06 00:13:00+00:00,81124.5,81129.8,81100.0,81100.0,142.7529120522174,81240.2151677852,bearish_pressure,down,False,True,0,0
2026-05-06 00:14:00+00:00,81100.0,81135.0,81100.0,81114.3,142.7529120522174,81240.2151677852,inside_bullish_weak,down,False,True,0,0
2026-05-06 00:15:00+00:00,81114.3,81157.8,81100.0,81157.7,144.72770404848717,81236.60694664094,breakout_up_weak,down,False,True,0,0
2026-05-06 00:16:00+00:00,81157.7,81228.4,81127.9,81133.1,144.72770404848717,81236.60694664094,inside_bearish_weak,down,False,True,0,0
2026-05-06 00:17:00+00:00,81133.0,81133.1,81100.0,81100.0,144.72770404848717,81236.60694664094,bearish_pressure,down,False,True,0,0
2026-05-06 00:18:00+00:00,81100.0,81143.3,81100.0,81102.6,144.72770404848717,81236.60694664094,indecision,down,False,True,0,0
2026-05-06 00:19:00+00:00,81102.7,81102.7,81058.0,81058.0,144.72770404848717,81236.60694664094,bearish_pressure,down,False,True,0,0
2026-05-06 00:20:00+00:00,81058.0,81058.1,81013.8,81015.0,146.4042966164532,81230.95136353913,bearish_pressure,down,False,True,0,0
2026-05-06 00:21:00+00:00,81015.0,81015.1,80954.2,80954.2,146.4042966164532,81230.95136353913,bearish_pressure,down,False,True,0,0
2026-05-06 00:22:00+00:00,80954.2,80973.5,80936.4,80957.1,146.4042966164532,81230.95136353913,indecision,down,False,True,0,0
2026-05-06 00:23:00+00:00,80957.1,80957.2,80889.9,80930.4,146.4042966164532,81230.95136353913,inside_bearish_weak,down,False,True,0,0
2026-05-06 00:24:00+00:00,80930.6,80964.9,80930.6,80951.0,146.4042966164532,81230.95136353913,bullish_pressure,down,False,True,0,0
2026-05-06 00:25:00+00:00,80951.0,80985.0,80950.9,80985.0,148.63256114384876,81223.84935634033,bullish_pressure,down,False,True,0,0
2026-05-06 00:26:00+00:00,80985.0,81049.9,80984.9,81011.8,148.63256114384876,81223.84935634033,inside_bullish_weak,down,False,True,0,0
2026-05-06 00:27:00+00:00,81011.9,81011.9,80953.3,80953.3,148.63256114384876,81223.84935634033,bearish_pressure,down,False,True,0,0
2026-05-06 00:28:00+00:00,80953.2,80953.3,80890.1,80890.1,148.63256114384876,81223.84935634033,trend_continuation_down,down,False,True,0,0
2026-05-06 00:29:00+00:00,80890.1,80921.3,80872.3,80872.3,148.63256114384876,81223.84935634033,trend_continuation_down,down,False,True,0,0
2026-05-06 00:30:00+00:00,80872.4,80912.8,80852.9,80902.2,145.66594963357426,81218.47412156132,bullish_pressure,down,False,True,0,0
2026-05-06 00:31:00+00:00,80902.1,80905.6,80874.2,80905.5,145.66594963357426,81218.47412156132,inside_bar,down,False,True,0,0
2026-05-06 00:32:00+00:00,80905.6,80954.8,80899.9,80945.5,145.66594963357426,81218.47412156132,bullish_pressure,down,False,True,0,0
2026-05-06 00:33:00+00:00,80946.0,80949.5,80886.3,80899.5,145.66594963357426,81218.47412156132,bearish_pressure,down,False,True,0,0
2026-05-06 00:34:00+00:00,80899.5,80960.0,80899.5,80952.4,145.66594963357426,81218.47412156132,bullish_pressure,down,False,True,0,0
2026-05-06 00:35:00+00:00,80952.3,80972.8,80934.4,80972.8,140.00409608831853,81212.88057459971,bullish_pressure,down,False,True,0,0
2026-05-06 00:36:00+00:00,80972.8,80985.0,80964.0,80974.3,140.00409608831853,81212.88057459971,indecision,down,False,True,0,0
2026-05-06 00:37:00+00:00,80974.4,81000.0,80974.3,80982.9,140.00409608831853,81212.88057459971,inside_bullish_weak,down,False,True,0,0
2026-05-06 00:38:00+00:00,80983.0,80984.9,80955.6,80984.8,140.00409608831853,81212.88057459971,indecision,down,False,True,0,0
2026-05-06 00:39:00+00:00,80984.9,80990.6,80933.6,80936.0,140.00409608831853,81212.88057459971,bearish_pressure,down,False,True,0,0
2026-05-06 00:40:00+00:00,80936.1,80963.2,80929.7,80939.6,138.5323749391525,81205.71660282546,indecision,down,False,True,0,0
2026-05-06 00:41:00+00:00,80939.6,80969.7,80925.4,80929.5,138.5323749391525,81205.71660282546,inside_bearish_weak,down,False,True,0,0
2026-05-06 00:42:00+00:00,80929.4,80930.0,80914.4,80923.9,138.5323749391525,81205.71660282546,inside_bearish_weak,down,False,True,0,0
2026-05-06 00:43:00+00:00,80924.0,80934.0,80907.2,80933.9,138.5323749391525,81205.71660282546,inside_bullish_weak,down,False,True,0,0
2026-05-06 00:44:00+00:00,80933.8,80933.9,80850.3,80851.1,138.5323749391525,81205.71660282546,bearish_pressure,down,False,True,0,0
2026-05-06 00:45:00+00:00,80851.1,80901.5,80851.1,80869.0,146.51577672921323,81196.79548197743,inside_bar,down,False,True,0,0
2026-05-06 00:46:00+00:00,80869.0,80871.3,80845.0,80845.0,146.51577672921323,81196.79548197743,bearish_pressure,down,False,True,0,0
2026-05-06 00:47:00+00:00,80845.0,80845.1,80800.1,80800.2,146.51577672921323,81196.79548197743,breakout_down_weak,down,False,True,0,0
2026-05-06 00:48:00+00:00,80800.1,80802.0,80777.0,80796.6,146.51577672921323,81196.79548197743,exhaustion_down,down,False,True,1,0
2026-05-06 00:49:00+00:00,80796.6,80807.3,80651.2,80755.2,146.51577672921323,81196.79548197743,exhaustion_down,down,False,True,1,0
2026-05-06 00:50:00+00:00,80755.1,80877.1,80755.1,80877.0,156.09322124855453,81192.62923480956,bullish_pressure,down,False,True,0,0
2026-05-06 00:51:00+00:00,80877.1,80949.0,80877.0,80915.5,156.09322124855453,81192.62923480956,bullish_pressure,down,False,True,0,0
2026-05-06 00:52:00+00:00,80915.5,80923.5,80897.2,80923.5,156.09322124855453,81192.62923480956,inside_bar,down,False,True,0,0
2026-05-06 00:53:00+00:00,80923.4,80956.8,80915.4,80951.1,156.09322124855453,81192.62923480956,bullish_pressure,down,False,True,0,0
2026-05-06 00:54:00+00:00,80951.1,81035.7,80951.0,80986.4,156.09322124855453,81192.62923480956,inside_bullish_weak,down,False,True,0,0
2026-05-06 00:55:00+00:00,80986.5,81021.9,80984.0,81008.6,149.63656258794327,81188.42865590245,bullish_pressure,down,False,True,0,0
2026-05-06 00:56:00+00:00,81008.7,81008.7,80982.0,80982.1,149.63656258794327,81188.42865590245,bearish_pressure,down,False,True,0,0
2026-05-06 00:57:00+00:00,80982.1,80982.1,80956.2,80956.2,149.63656258794327,81188.42865590245,bearish_pressure,down,False,True,0,0
2026-05-06 00:58:00+00:00,80956.3,81020.1,80956.2,80991.1,149.63656258794327,81188.42865590245,bullish_pressure,down,False,True,0,0
2026-05-06 00:59:00+00:00,80991.0,81000.1,80980.2,80980.5,149.63656258794327,81188.42865590245,bearish_pressure,down,False,True,0,0
2026-05-06 01:00:00+00:00,80980.4,81014.2,80964.2,80964.2,150.69109383166224,81186.65779142913,inside_bearish_weak,down,False,True,0,0
2026-05-06 01:01:00+00:00,80964.2,81026.7,80942.7,81009.5,150.69109383166224,81186.65779142913,bullish_pressure,down,False,True,0,0
2026-05-06 01:02:00+00:00,81009.5,81036.9,81005.0,81031.4,150.69109383166224,81186.65779142913,bullish_pressure,down,False,True,0,0
2026-05-06 01:03:00+00:00,81031.4,81090.0,81031.3,81072.8,150.69109383166224,81186.65779142913,breakout_up_weak,down,False,True,0,0
2026-05-06 01:04:00+00:00,81072.8,81107.1,81072.8,81099.0,150.69109383166224,81186.65779142913,trend_continuation_up,down,False,True,0,0
2026-05-06 01:05:00+00:00,81099.0,81119.3,81072.8,81078.5,145.12744427225695,81185.05862724241,inside_bearish_weak,down,False,True,0,0
2026-05-06 01:06:00+00:00,81078.5,81125.9,81053.1,81112.7,145.12744427225695,81185.05862724241,trend_continuation_up,down,False,True,0,0
2026-05-06 01:07:00+00:00,81112.7,81112.7,81090.0,81090.7,145.12744427225695,81185.05862724241,bearish_pressure,down,False,True,0,0
2026-05-06 01:08:00+00:00,81090.8,81121.5,81080.6,81112.1,145.12744427225695,81185.05862724241,bullish_pressure,down,False,True,0,0
2026-05-06 01:09:00+00:00,81112.1,81116.0,81094.1,81105.9,145.12744427225695,81185.05862724241,inside_bar,down,False,True,0,0
2026-05-06 01:10:00+00:00,81106.0,81120.0,81100.8,81101.0,138.07548396709532,81183.67330789108,inside_bearish_weak,down,False,True,0,0
2026-05-06 01:11:00+00:00,81101.0,81101.1,81092.2,81094.2,138.07548396709532,81183.67330789108,bearish_pressure,down,False,True,0,0
2026-05-06 01:12:00+00:00,81094.1,81111.8,81073.6,81080.8,138.07548396709532,81183.67330789108,inside_bearish_weak,down,False,True,0,0
2026-05-06 01:13:00+00:00,81080.7,81115.6,81080.0,81115.5,138.07548396709532,81183.67330789108,bullish_pressure,down,False,True,0,0
2026-05-06 01:14:00+00:00,81115.5,81115.6,81093.3,81115.1,138.07548396709532,81183.67330789108,inside_bar,down,False,True,0,0
2026-05-06 01:15:00+00:00,81115.2,81150.0,81115.1,81142.8,142.34866368373096,81184.72334139819,bullish_pressure,down,True,False,0,0
2026-05-06 01:16:00+00:00,81142.9,81161.1,81142.8,81161.1,142.34866368373096,81184.72334139819,bullish_pressure,down,True,False,0,0
2026-05-06 01:17:00+00:00,81161.1,81197.9,81161.1,81197.9,142.34866368373096,81184.72334139819,breakout_up_weak,down,True,False,0,0
2026-05-06 01:18:00+00:00,81197.9,81313.0,81197.9,81293.5,142.34866368373096,81184.72334139819,breakout_up_strong,down,True,False,0,0
2026-05-06 01:19:00+00:00,81293.6,81304.2,81223.1,81236.7,142.34866368373096,81184.72334139819,trend_continuation_up,down,True,False,0,0
2026-05-06 01:20:00+00:00,81236.7,81274.8,81236.7,81258.9,139.82375913489304,81185.7842653309,exhaustion_up,down,True,False,0,0
2026-05-06 01:21:00+00:00,81259.1,81260.0,81227.9,81227.9,139.82375913489304,81185.7842653309,bearish_pressure,down,True,False,0,0
2026-05-06 01:22:00+00:00,81227.9,81227.9,81167.8,81167.8,139.82375913489304,81185.7842653309,bearish_pressure,down,True,False,0,0
2026-05-06 01:23:00+00:00,81167.8,81214.2,81167.8,81203.6,139.82375913489304,81185.7842653309,bullish_pressure,down,True,False,0,0
2026-05-06 01:24:00+00:00,81203.5,81259.9,81198.0,81238.3,139.82375913489304,81185.7842653309,bullish_pressure,down,True,False,0,0
2026-05-06 01:25:00+00:00,81238.2,81238.3,81197.6,81230.3,133.92920491097232,81185.95883433425,indecision,neutral,True,False,0,0
2026-05-06 01:26:00+00:00,81230.3,81231.9,81193.8,81212.1,133.92920491097232,81185.95883433425,bearish_pressure,neutral,True,False,0,0
2026-05-06 01:27:00+00:00,81212.1,81242.6,81212.1,81242.6,133.92920491097232,81185.95883433425,bullish_pressure,neutral,True,False,0,0
2026-05-06 01:28:00+00:00,81242.5,81246.3,81200.0,81200.0,133.92920491097232,81185.95883433425,bearish_pressure,neutral,True,False,0,0
2026-05-06 01:29:00+00:00,81200.1,81200.1,81189.0,81194.6,133.92920491097232,81185.95883433425,bearish_pressure,neutral,True,False,0,0
2026-05-06 01:30:00+00:00,81194.6,81224.8,81188.5,81188.5,131.46997598876,81187.76162969397,indecision,neutral,True,False,0,0
2026-05-06 01:31:00+00:00,81188.6,81234.1,81188.5,81217.5,131.46997598876,81187.76162969397,bullish_pressure,neutral,True,False,0,0
2026-05-06 01:32:00+00:00,81217.6,81227.3,81194.7,81227.3,131.46997598876,81187.76162969397,inside_bar,neutral,True,False,0,0
2026-05-06 01:33:00+00:00,81227.2,81260.0,81219.6,81259.9,131.46997598876,81187.76162969397,bullish_pressure,neutral,True,False,0,0
2026-05-06 01:34:00+00:00,81259.9,81288.0,81243.0,81277.0,131.46997598876,81187.76162969397,inside_bullish_weak,neutral,True,False,0,0
2026-05-06 01:35:00+00:00,81277.0,81300.0,81250.0,81251.1,128.20783484670594,81189.261399403,bearish_pressure,neutral,True,False,0,0
2026-05-06 01:36:00+00:00,81251.1,81251.2,81214.2,81232.1,128.20783484670594,81189.261399403,bearish_pressure,neutral,True,False,0,0
2026-05-06 01:37:00+00:00,81232.0,81237.6,81220.8,81227.8,128.20783484670594,81189.261399403,inside_bar,neutral,True,False,0,0
2026-05-06 01:38:00+00:00,81227.8,81269.7,81220.8,81248.1,128.20783484670594,81189.261399403,inside_bullish_weak,neutral,True,False,0,0
2026-05-06 01:39:00+00:00,81248.1,81285.7,81248.0,81263.5,128.20783484670594,81189.261399403,inside_bullish_weak,neutral,True,False,0,0
2026-05-06 01:40:00+00:00,81263.4,81277.1,81244.0,81268.6,122.32156092908428,81190.77305486036,indecision,neutral,True,False,0,0
2026-05-06 01:41:00+00:00,81268.5,81268.6,81258.0,81258.1,122.32156092908428,81190.77305486036,bearish_pressure,neutral,True,False,0,0
2026-05-06 01:42:00+00:00,81258.1,81274.8,81239.2,81270.7,122.32156092908428,81190.77305486036,inside_bullish_weak,neutral,True,False,0,0
2026-05-06 01:43:00+00:00,81270.7,81285.0,81252.3,81273.2,122.32156092908428,81190.77305486036,indecision,neutral,True,False,0,0
2026-05-06 01:44:00+00:00,81273.1,81275.9,81261.8,81265.6,122.32156092908428,81190.77305486036,bearish_pressure,neutral,True,False,0,0
2026-05-06 01:45:00+00:00,81265.7,81280.8,81265.6,81273.4,126.49144943414947,81194.08249931857,bullish_pressure,neutral,True,False,0,0
2026-05-06 01:46:00+00:00,81273.3,81273.4,81265.7,81265.8,126.49144943414947,81194.08249931857,bearish_pressure,neutral,True,False,0,0
2026-05-06 01:47:00+00:00,81265.8,81446.3,81265.7,81416.6,126.49144943414947,81194.08249931857,breakout_up_weak,neutral,True,False,0,0
2026-05-06 01:48:00+00:00,81416.5,81416.6,81326.8,81355.8,126.49144943414947,81194.08249931857,bearish_pressure,neutral,True,False,0,0
2026-05-06 01:49:00+00:00,81355.9,81364.5,81338.2,81357.9,126.49144943414947,81194.08249931857,inside_bar,neutral,True,False,0,0
2026-05-06 01:50:00+00:00,81357.9,81400.0,81355.1,81391.1,127.09206018885267,81197.92641022315,breakout_up_weak,neutral,True,False,0,0
2026-05-06 01:51:00+00:00,81391.1,81391.2,81361.9,81387.1,127.09206018885267,81197.92641022315,inside_bar,neutral,True,False,0,0
2026-05-06 01:52:00+00:00,81387.1,81490.0,81387.1,81428.6,127.09206018885267,81197.92641022315,exhaustion_up,neutral,True,False,0,0
2026-05-06 01:53:00+00:00,81428.6,81428.6,81392.8,81404.5,127.09206018885267,81197.92641022315,bearish_pressure,neutral,True,False,0,0
2026-05-06 01:54:00+00:00,81404.5,81408.9,81365.9,81388.2,127.09206018885267,81197.92641022315,inside_bearish_weak,neutral,True,False,0,0
2026-05-06 01:55:00+00:00,81388.1,81388.1,81350.0,81355.1,121.50691303250564,81201.73776843655,bearish_pressure,neutral,True,False,0,0
2026-05-06 01:56:00+00:00,81355.1,81392.8,81355.1,81385.6,121.50691303250564,81201.73776843655,bullish_pressure,neutral,True,False,0,0
2026-05-06 01:57:00+00:00,81385.6,81385.7,81368.7,81380.6,121.50691303250564,81201.73776843655,inside_bar,neutral,True,False,0,0
2026-05-06 01:58:00+00:00,81380.5,81392.3,81355.0,81363.0,121.50691303250564,81201.73776843655,bearish_pressure,neutral,True,False,0,0
2026-05-06 01:59:00+00:00,81362.9,81398.9,81355.1,81390.4,121.50691303250564,81201.73776843655,bullish_pressure,neutral,True,False,0,0
2026-05-06 02:00:00+00:00,81390.4,81400.0,81297.8,81297.8,123.37784781589788,81202.73900074472,bearish_pressure,neutral,True,False,0,0
2026-05-06 02:01:00+00:00,81297.9,81308.3,81260.1,81295.5,123.37784781589788,81202.73900074472,indecision,neutral,True,False,0,0
2026-05-06 02:02:00+00:00,81295.5,81321.4,81295.4,81310.3,123.37784781589788,81202.73900074472,bullish_pressure,neutral,True,False,0,0
2026-05-06 02:03:00+00:00,81310.4,81310.4,81268.0,81294.5,123.37784781589788,81202.73900074472,inside_bearish_weak,neutral,True,False,0,0
2026-05-06 02:04:00+00:00,81294.5,81296.7,81252.3,81252.3,123.37784781589788,81202.73900074472,bearish_pressure,neutral,True,False,0,0
2026-05-06 02:05:00+00:00,81252.3,81257.7,81229.2,81234.1,121.70800154333374,81204.13822845275,bearish_pressure,neutral,True,False,0,0
2026-05-06 02:06:00+00:00,81234.1,81234.2,81200.0,81200.0,121.70800154333374,81204.13822845275,breakout_down_weak,neutral,True,False,0,0
2026-05-06 02:07:00+00:00,81200.0,81237.4,81200.0,81230.4,121.70800154333374,81204.13822845275,bullish_pressure,neutral,True,False,0,0
2026-05-06 02:08:00+00:00,81230.3,81246.8,81230.3,81246.8,121.70800154333374,81204.13822845275,bullish_pressure,neutral,True,False,0,0
2026-05-06 02:09:00+00:00,81246.8,81300.0,81246.7,81273.4,121.70800154333374,81204.13822845275,bullish_pressure,neutral,True,False,0,0
2026-05-06 08:50:00+00:00,81601.6,81808.5,81577.0,81697.3,126.91395181637677,81372.16876338834,inside_bullish_weak,up,True,False,0,0
2026-05-06 08:51:00+00:00,81697.3,81787.9,81682.1,81762.7,126.91395181637677,81372.16876338834,trend_continuation_up,up,True,False,0,0
2026-05-06 08:52:00+00:00,81762.7,81853.5,81750.0,81853.4,126.91395181637677,81372.16876338834,bullish_pressure,up,True,False,0,0
2026-05-06 08:53:00+00:00,81853.5,81922.2,81790.3,81825.7,126.91395181637677,81372.16876338834,exhaustion_up,up,True,False,0,1
2026-05-06 08:54:00+00:00,81825.7,81893.0,81816.3,81877.8,126.91395181637677,81372.16876338834,breakout_up_weak,up,True,False,0,0
2026-05-06 08:55:00+00:00,81877.8,81945.0,81817.8,81906.7,127.53438382949312,81382.69215421233,bullish_pressure,up,True,False,0,0
2026-05-06 08:56:00+00:00,81906.7,81931.2,81859.5,81890.0,127.53438382949312,81382.69215421233,trend_continuation_up,up,True,False,0,0
2026-05-06 08:57:00+00:00,81890.0,81900.0,81809.4,81847.2,127.53438382949312,81382.69215421233,breakout_up_weak,up,True,False,0,0
2026-05-06 08:58:00+00:00,81847.1,81889.5,81837.6,81869.8,127.53438382949312,81382.69215421233,exhaustion_up,up,True,False,0,1
2026-05-06 08:59:00+00:00,81869.8,81903.7,81861.1,81903.6,127.53438382949312,81382.69215421233,trend_continuation_up,up,True,False,0,0
2026-05-06 09:00:00+00:00,81903.7,81923.3,81851.8,81851.8,133.47478498452912,81390.51211155466,bearish_pressure,up,True,False,0,0
2026-05-06 09:01:00+00:00,81851.8,81856.1,81774.2,81780.7,133.47478498452912,81390.51211155466,bearish_pressure,up,True,False,0,0
2026-05-06 09:02:00+00:00,81780.6,81803.3,81736.4,81748.1,133.47478498452912,81390.51211155466,bearish_pressure,up,True,False,0,0
2026-05-06 09:03:00+00:00,81748.2,81759.7,81720.0,81721.0,133.47478498452912,81390.51211155466,bearish_pressure,up,True,False,0,0
2026-05-06 09:04:00+00:00,81720.9,81777.6,81712.6,81777.6,133.47478498452912,81390.51211155466,bullish_pressure,up,True,False,0,0
2026-05-06 09:05:00+00:00,81777.6,81799.0,81729.0,81756.2,139.09801462849111,81398.90197073181,inside_bearish_weak,up,True,False,0,0
2026-05-06 09:06:00+00:00,81756.3,81941.2,81756.2,81861.4,139.09801462849111,81398.90197073181,bullish_pressure,up,True,False,0,0
2026-05-06 09:07:00+00:00,81861.5,81913.7,81843.5,81892.8,139.09801462849111,81398.90197073181,trend_continuation_up,up,True,False,0,0
2026-05-06 09:08:00+00:00,81892.7,81892.8,81802.0,81802.1,139.09801462849111,81398.90197073181,bearish_pressure,up,True,False,0,0
2026-05-06 09:09:00+00:00,81802.0,81820.4,81800.0,81814.2,139.09801462849111,81398.90197073181,bullish_pressure,up,True,False,0,0
2026-05-06 09:10:00+00:00,81814.1,81890.0,81814.1,81864.4,138.69815644074174,81406.17717923217,bullish_pressure,up,True,False,0,0
2026-05-06 09:11:00+00:00,81864.4,81899.7,81857.2,81881.0,138.69815644074174,81406.17717923217,inside_bullish_weak,up,True,False,0,0
2026-05-06 09:12:00+00:00,81881.0,81885.1,81845.0,81850.1,138.69815644074174,81406.17717923217,bearish_pressure,up,True,False,0,0
2026-05-06 09:13:00+00:00,81850.1,81850.1,81813.5,81813.5,138.69815644074174,81406.17717923217,bearish_pressure,up,True,False,0,0
2026-05-06 09:14:00+00:00,81813.5,81813.6,81766.2,81766.3,138.69815644074174,81406.17717923217,bearish_pressure,up,True,False,0,0
2026-05-06 09:15:00+00:00,81766.2,81791.4,81766.2,81791.3,133.09114526640283,81413.64297766321,bullish_pressure,up,True,False,0,0
2026-05-06 09:16:00+00:00,81791.4,81810.0,81791.3,81807.3,133.09114526640283,81413.64297766321,bullish_pressure,up,True,False,0,0
2026-05-06 09:17:00+00:00,81807.3,81826.4,81796.0,81826.4,133.09114526640283,81413.64297766321,bullish_pressure,up,True,False,0,0
2026-05-06 09:18:00+00:00,81826.4,81826.4,81770.0,81780.5,133.09114526640283,81413.64297766321,bearish_pressure,up,True,False,0,0
2026-05-06 09:19:00+00:00,81780.5,81814.4,81775.6,81783.2,133.09114526640283,81413.64297766321,inside_bar,up,True,False,0,0
2026-05-06 09:20:00+00:00,81783.1,81783.3,81750.0,81767.7,135.34177774737446,81418.9252949372,bearish_pressure,up,True,False,0,0
2026-05-06 09:21:00+00:00,81767.6,81779.9,81722.6,81726.3,135.34177774737446,81418.9252949372,bearish_pressure,up,True,False,0,0
2026-05-06 09:22:00+00:00,81726.4,81738.3,81618.7,81625.5,135.34177774737446,81418.9252949372,breakout_down_weak,up,True,False,0,0
2026-05-06 09:23:00+00:00,81625.5,81689.6,81625.5,81660.4,135.34177774737446,81418.9252949372,trend_continuation_down,up,True,False,0,0
2026-05-06 09:24:00+00:00,81660.5,81687.6,81650.0,81680.4,135.34177774737446,81418.9252949372,bullish_pressure,up,True,False,0,0
2026-05-06 09:25:00+00:00,81680.4,81680.4,81654.8,81661.5,131.39593647970423,81425.18023959191,bearish_pressure,up,True,False,0,0
2026-05-06 09:26:00+00:00,81661.5,81684.7,81661.5,81684.6,131.39593647970423,81425.18023959191,bullish_pressure,up,True,False,0,0
2026-05-06 09:27:00+00:00,81684.7,81714.1,81684.6,81704.0,131.39593647970423,81425.18023959191,bullish_pressure,up,True,False,0,0
2026-05-06 09:28:00+00:00,81704.1,81719.6,81695.6,81704.9,131.39593647970423,81425.18023959191,indecision,up,True,False,0,0
2026-05-06 09:29:00+00:00,81705.0,81734.9,81704.9,81734.8,131.39593647970423,81425.18023959191,bullish_pressure,up,True,False,0,0
2026-05-06 09:30:00+00:00,81734.9,81734.9,81718.5,81726.6,139.44622673115435,81434.4103338574,bearish_pressure,up,True,False,0,0
2026-05-06 09:31:00+00:00,81726.6,81759.3,81726.5,81759.2,139.44622673115435,81434.4103338574,bullish_pressure,up,True,False,0,0
2026-05-06 09:32:00+00:00,81759.3,81962.6,81759.3,81822.8,139.44622673115435,81434.4103338574,inside_bullish_weak,up,True,False,0,0
2026-05-06 09:33:00+00:00,81822.8,81903.2,81808.0,81895.5,139.44622673115435,81434.4103338574,trend_continuation_up,up,True,False,0,0
2026-05-06 09:34:00+00:00,81895.6,81928.5,81875.0,81891.3,139.44622673115435,81434.4103338574,exhaustion_up,up,True,False,0,1
2026-05-06 09:35:00+00:00,81891.2,81909.2,81855.6,81870.2,138.32863910749964,81445.20220843448,inside_bearish_weak,up,True,False,0,0
2026-05-06 09:36:00+00:00,81870.2,81920.0,81857.3,81901.2,138.32863910749964,81445.20220843448,trend_continuation_up,up,True,False,0,0
2026-05-06 09:37:00+00:00,81901.1,81913.4,81861.7,81871.2,138.32863910749964,81445.20220843448,bearish_pressure,up,True,False,0,0
2026-05-06 09:38:00+00:00,81871.2,81912.9,81869.6,81912.9,138.32863910749964,81445.20220843448,trend_continuation_up,up,True,False,0,0
2026-05-06 09:39:00+00:00,81912.8,81979.4,81912.8,81979.4,138.32863910749964,81445.20220843448,trend_continuation_up,up,True,False,0,0
2026-05-06 09:40:00+00:00,81979.3,82017.0,81965.9,81987.5,132.27659345696333,81455.87939242588,exhaustion_up,up,True,False,0,1
2026-05-06 09:49:00+00:00,81796.8,81862.5,81796.7,81862.4,142.13540821003758,81463.92930544715,bullish_pressure,up,True,False,0,0
2026-05-06 09:50:00+00:00,81862.4,81869.6,81796.7,81800.0,141.39716476646367,81472.8633786066,bearish_pressure,up,True,False,0,0
2026-05-06 09:51:00+00:00,81800.0,81856.2,81797.8,81856.1,141.39716476646367,81472.8633786066,bullish_pressure,up,True,False,0,0
2026-05-06 09:52:00+00:00,81856.1,81907.3,81856.1,81907.3,141.39716476646367,81472.8633786066,bullish_pressure,up,True,False,0,0
2026-05-06 09:53:00+00:00,81907.3,81928.5,81887.5,81920.8,141.39716476646367,81472.8633786066,inside_bullish_weak,up,True,False,0,0
2026-05-06 09:54:00+00:00,81920.8,81926.7,81904.1,81915.1,141.39716476646367,81472.8633786066,inside_bar,up,True,False,0,0
2026-05-06 09:55:00+00:00,81915.1,81959.0,81915.1,81951.7,135.22593871171628,81482.49578695103,bullish_pressure,up,True,False,0,0
2026-05-06 09:56:00+00:00,81951.7,81951.8,81914.0,81933.0,135.22593871171628,81482.49578695103,bearish_pressure,up,True,False,0,0
2026-05-06 09:57:00+00:00,81933.0,81934.7,81906.9,81927.8,135.22593871171628,81482.49578695103,indecision,up,True,False,0,0
2026-05-06 09:58:00+00:00,81927.8,81940.0,81920.6,81939.9,135.22593871171628,81482.49578695103,bullish_pressure,up,True,False,0,0
2026-05-06 09:59:00+00:00,81939.9,81961.9,81926.3,81959.3,135.22593871171628,81482.49578695103,bullish_pressure,up,True,False,0,0
2026-05-06 10:00:00+00:00,81959.2,81989.7,81929.9,81932.4,131.99551451802228,81492.56517730844,inside_bearish_weak,up,True,False,0,0
2026-05-06 10:01:00+00:00,81932.5,81978.2,81930.0,81973.7,131.99551451802228,81492.56517730844,bullish_pressure,up,True,False,0,0
2026-05-06 10:02:00+00:00,81973.8,82019.9,81973.7,81995.0,131.99551451802228,81492.56517730844,bullish_pressure,up,True,False,0,0
2026-05-06 10:03:00+00:00,81995.1,81997.0,81964.2,81975.9,131.99551451802228,81492.56517730844,bearish_pressure,up,True,False,0,0
2026-05-06 10:04:00+00:00,81975.8,82019.6,81965.3,81991.0,131.99551451802228,81492.56517730844,inside_bullish_weak,up,True,False,0,0
2026-05-06 10:05:00+00:00,81990.9,81991.0,81929.9,81929.9,126.93154919530681,81502.28863914392,bearish_pressure,up,True,False,0,0
2026-05-06 10:06:00+00:00,81929.9,81976.7,81929.9,81967.1,126.93154919530681,81502.28863914392,bullish_pressure,up,True,False,0,0
2026-05-06 10:07:00+00:00,81967.1,81967.1,81936.0,81956.9,126.93154919530681,81502.28863914392,inside_bar,up,True,False,0,0
2026-05-06 10:08:00+00:00,81956.9,81966.0,81932.0,81935.0,126.93154919530681,81502.28863914392,bearish_pressure,up,True,False,0,0
2026-05-06 10:09:00+00:00,81935.0,81983.7,81931.0,81983.6,126.93154919530681,81502.28863914392,bullish_pressure,up,True,False,0,0
2026-05-06 10:10:00+00:00,81983.7,82024.4,81983.6,82017.7,126.07929568135633,81512.07896312128,bullish_pressure,up,True,False,0,0
2026-05-06 10:11:00+00:00,82017.7,82043.4,82005.6,82020.0,126.07929568135633,81512.07896312128,indecision,up,True,False,0,0
2026-05-06 10:12:00+00:00,82020.1,82043.7,82000.0,82020.8,126.07929568135633,81512.07896312128,indecision,up,True,False,0,0
2026-05-06 10:13:00+00:00,82020.8,82045.7,82005.7,82031.7,126.07929568135633,81512.07896312128,inside_bullish_weak,up,True,False,0,0
2026-05-06 10:14:00+00:00,82031.7,82098.6,81996.6,81996.7,126.07929568135633,81512.07896312128,inside_bearish_weak,up,True,False,0,0
2026-05-06 10:15:00+00:00,81996.7,82024.6,81972.6,81972.6,127.3522031326876,81523.63185494066,bearish_pressure,up,True,False,0,0
2026-05-06 10:16:00+00:00,81972.6,82029.9,81956.0,82026.6,127.3522031326876,81523.63185494066,bullish_pressure,up,True,False,0,0
2026-05-06 10:17:00+00:00,82026.6,82081.9,82024.3,82076.1,127.3522031326876,81523.63185494066,bullish_pressure,up,True,False,0,0
2026-05-06 10:18:00+00:00,82076.3,82099.9,82074.3,82099.8,127.3522031326876,81523.63185494066,trend_continuation_up,up,True,False,0,0
2026-05-06 10:19:00+00:00,82099.9,82099.9,82069.9,82095.5,127.3522031326876,81523.63185494066,indecision,up,True,False,0,0
2026-05-06 10:20:00+00:00,82095.5,82176.3,82083.0,82127.3,126.74847433749626,81535.83914494183,exhaustion_up,up,True,False,0,1
2026-05-06 10:21:00+00:00,82127.2,82173.8,82068.0,82068.1,126.74847433749626,81535.83914494183,bearish_pressure,up,True,False,0,0
2026-05-06 10:22:00+00:00,82068.0,82113.4,82057.4,82088.7,126.74847433749626,81535.83914494183,inside_bullish_weak,up,True,False,0,0
2026-05-06 10:23:00+00:00,82088.6,82120.8,82088.6,82110.6,126.74847433749626,81535.83914494183,bullish_pressure,up,True,False,0,0
2026-05-06 10:24:00+00:00,82110.6,82149.8,82110.6,82140.1,126.74847433749626,81535.83914494183,bullish_pressure,up,True,False,0,0
2026-05-06 10:25:00+00:00,82140.0,82232.0,82140.0,82158.7,129.60215474196062,81547.96708266574,exhaustion_up,up,True,False,0,1
2026-05-06 10:26:00+00:00,82158.8,82178.2,82113.5,82169.6,129.60215474196062,81547.96708266574,trend_continuation_up,up,True,False,0,0
2026-05-06 10:27:00+00:00,82169.6,82192.8,82150.0,82154.9,129.60215474196062,81547.96708266574,inside_bearish_weak,up,True,False,0,0
2026-05-06 10:28:00+00:00,82154.9,82155.0,82100.0,82109.7,129.60215474196062,81547.96708266574,bearish_pressure,up,True,False,0,0
2026-05-06 10:29:00+00:00,82109.7,82148.3,82065.3,82148.3,129.60215474196062,81547.96708266574,bullish_pressure,up,True,False,0,0
2026-05-06 10:30:00+00:00,82148.3,82162.4,82123.6,82136.5,131.852000831821,81560.44892261295,inside_bearish_weak,up,True,False,0,0
2026-05-06 10:31:00+00:00,82136.5,82200.0,82131.0,82162.3,131.852000831821,81560.44892261295,inside_bullish_weak,up,True,False,0,0
2026-05-06 10:32:00+00:00,82162.3,82162.4,82114.4,82122.3,131.852000831821,81560.44892261295,bearish_pressure,up,True,False,0,0
2026-05-06 10:33:00+00:00,82122.3,82159.2,82106.4,82157.6,131.852000831821,81560.44892261295,bullish_pressure,up,True,False,0,0
2026-05-06 10:34:00+00:00,82157.5,82267.5,82157.3,82178.3,131.852000831821,81560.44892261295,indecision,up,True,False,0,0
2026-05-06 10:35:00+00:00,82178.2,82265.9,82171.5,82229.0,130.62685791526215,81573.15884493745,exhaustion_up,up,True,False,0,1
2026-05-06 10:36:00+00:00,82228.9,82235.5,82160.0,82172.9,130.62685791526215,81573.15884493745,bearish_pressure,up,True,False,0,0
2026-05-06 10:37:00+00:00,82173.0,82228.9,82151.2,82224.5,130.62685791526215,81573.15884493745,bullish_pressure,up,True,False,0,0
2026-05-06 10:38:00+00:00,82224.6,82250.0,82185.7,82238.2,130.62685791526215,81573.15884493745,inside_bullish_weak,up,True,False,0,0
2026-05-06 10:39:00+00:00,82238.1,82238.2,82201.7,82202.3,130.62685791526215,81573.15884493745,bearish_pressure,up,True,False,0,0
2026-05-06 10:40:00+00:00,82202.3,82222.0,82200.3,82222.0,128.19636806417242,81585.54777870106,bullish_pressure,up,True,False,0,0
2026-05-06 10:41:00+00:00,82222.0,82240.5,82201.0,82202.1,128.19636806417242,81585.54777870106,bearish_pressure,up,True,False,0,0
2026-05-06 10:42:00+00:00,82202.1,82235.3,82171.4,82223.3,128.19636806417242,81585.54777870106,inside_bullish_weak,up,True,False,0,0
2026-05-06 10:43:00+00:00,82223.3,82268.0,82203.6,82217.5,128.19636806417242,81585.54777870106,indecision,up,True,False,0,0
2026-05-06 10:44:00+00:00,82217.5,82249.6,82194.3,82198.8,128.19636806417242,81585.54777870106,inside_bearish_weak,up,True,False,0,0
2026-05-06 10:45:00+00:00,82198.8,82253.3,82173.5,82239.2,130.28948463101725,81596.39435734064,bullish_pressure,up,True,False,0,0
2026-05-06 10:46:00+00:00,82239.3,82239.3,82203.3,82214.4,130.28948463101725,81596.39435734064,bearish_pressure,up,True,False,0,0
2026-05-06 10:47:00+00:00,82214.5,82222.8,82202.6,82214.9,130.28948463101725,81596.39435734064,indecision,up,True,False,0,0
2026-05-06 10:48:00+00:00,82214.8,82220.9,82173.5,82179.9,130.28948463101725,81596.39435734064,bearish_pressure,up,True,False,0,0
2026-05-06 10:49:00+00:00,82179.9,82179.9,82095.8,82133.3,130.28948463101725,81596.39435734064,bearish_pressure,up,True,False,0,0
2026-05-06 10:50:00+00:00,82133.3,82146.3,82104.8,82132.8,139.2759500145154,81610.3271423438,inside_bar,up,True,False,0,0
2026-05-06 10:51:00+00:00,82132.7,82163.8,82132.6,82141.7,139.2759500145154,81610.3271423438,inside_bullish_weak,up,True,False,0,0
2026-05-06 10:52:00+00:00,82141.6,82188.8,82135.6,82182.0,139.2759500145154,81610.3271423438,bullish_pressure,up,True,False,0,0
2026-05-06 10:53:00+00:00,82182.1,82261.7,82172.2,82242.3,139.2759500145154,81610.3271423438,bullish_pressure,up,True,False,0,0
2026-05-06 10:54:00+00:00,82242.4,82360.9,82242.3,82300.0,139.2759500145154,81610.3271423438,exhaustion_up,up,True,False,0,1
2026-05-06 10:55:00+00:00,82300.0,82300.8,82253.5,82300.0,135.93481072776427,81622.83749596075,inside_bar,up,True,False,0,0
2026-05-06 10:56:00+00:00,82299.9,82322.5,82234.2,82234.2,135.93481072776427,81622.83749596075,bearish_pressure,up,True,False,0,0
2026-05-06 10:57:00+00:00,82234.3,82286.8,82230.0,82280.6,135.93481072776427,81622.83749596075,bullish_pressure,up,True,False,0,0
2026-05-06 10:58:00+00:00,82280.6,82282.9,82258.2,82258.2,135.93481072776427,81622.83749596075,bearish_pressure,up,True,False,0,0
2026-05-06 10:59:00+00:00,82258.3,82265.6,82231.4,82242.1,135.93481072776427,81622.83749596075,bearish_pressure,up,True,False,0,0
2026-05-06 11:00:00+00:00,82242.0,82281.8,82211.3,82260.7,139.42518139006702,81637.45457524864,inside_bullish_weak,up,True,False,0,0
2026-05-06 11:01:00+00:00,82260.7,82307.9,82233.6,82296.9,139.42518139006702,81637.45457524864,bullish_pressure,up,True,False,0,0
2026-05-06 11:02:00+00:00,82296.8,82393.0,82280.0,82318.1,139.42518139006702,81637.45457524864,indecision,up,True,False,0,0
2026-05-06 11:03:00+00:00,82318.0,82326.4,82253.4,82326.3,139.42518139006702,81637.45457524864,indecision,up,True,False,0,0
2026-05-06 11:04:00+00:00,82326.3,82396.1,82326.3,82361.0,139.42518139006702,81637.45457524864,exhaustion_up,up,True,False,0,1
2026-05-06 11:05:00+00:00,82360.9,82447.0,82360.0,82432.7,135.6805255764908,81652.9465638576,breakout_up_weak,up,True,False,0,0
2026-05-06 11:06:00+00:00,82432.7,82447.0,82396.0,82405.3,135.6805255764908,81652.9465638576,trend_continuation_up,up,True,False,0,0
2026-05-06 11:07:00+00:00,82405.2,82405.4,82371.4,82379.1,135.6805255764908,81652.9465638576,bearish_pressure,up,True,False,0,0
2026-05-06 11:08:00+00:00,82379.1,82419.9,82370.0,82400.1,135.6805255764908,81652.9465638576,inside_bullish_weak,up,True,False,0,0
2026-05-06 11:09:00+00:00,82400.1,82422.8,82400.0,82419.8,135.6805255764908,81652.9465638576,trend_continuation_up,up,True,False,0,0
2026-05-06 11:10:00+00:00,82419.8,82429.1,82382.2,82383.7,133.2104880353133,81667.34168140497,bearish_pressure,up,True,False,0,0
2026-05-06 11:11:00+00:00,82383.7,82400.0,82380.8,82394.8,133.2104880353133,81667.34168140497,bullish_pressure,up,True,False,0,0
2026-05-06 11:12:00+00:00,82394.8,82394.9,82328.0,82356.5,133.2104880353133,81667.34168140497,bearish_pressure,up,True,False,0,0
2026-05-06 11:13:00+00:00,82356.4,82389.4,82356.4,82380.9,133.2104880353133,81667.34168140497,bullish_pressure,up,True,False,0,0
2026-05-06 11:14:00+00:00,82380.9,82380.9,82356.8,82379.9,133.2104880353133,81667.34168140497,inside_bar,up,True,False,0,0
2026-05-06 11:15:00+00:00,82379.8,82439.1,82372.6,82439.1,138.50259603279008,81683.56659860487,bullish_pressure,up,True,False,0,0
2026-05-06 11:16:00+00:00,82439.1,82487.4,82372.6,82388.5,138.50259603279008,81683.56659860487,inside_bearish_weak,up,True,False,0,0
2026-05-06 11:17:00+00:00,82388.5,82579.9,82388.5,82554.3,138.50259603279008,81683.56659860487,breakout_up_weak,up,True,False,0,0
2026-05-06 11:18:00+00:00,82554.2,82566.0,82480.3,82484.7,138.50259603279008,81683.56659860487,trend_continuation_up,up,True,False,0,0
2026-05-06 11:19:00+00:00,82484.7,82536.4,82476.4,82486.7,138.50259603279008,81683.56659860487,indecision,up,True,False,0,0
2026-05-06 11:20:00+00:00,82486.7,82729.6,82483.5,82715.7,153.266696316162,81704.08013130576,breakout_up_strong,up,True,False,0,0
2026-05-06 11:21:00+00:00,82715.7,82715.7,82601.0,82651.8,153.266696316162,81704.08013130576,bullish_pressure,up,True,False,0,0
2026-05-06 11:22:00+00:00,82651.8,82828.7,82651.8,82800.1,153.266696316162,81704.08013130576,breakout_up_strong,up,True,False,0,0
2026-05-06 11:23:00+00:00,82800.0,82812.7,82699.1,82744.8,153.266696316162,81704.08013130576,bullish_pressure,up,True,False,0,0
2026-05-06 11:24:00+00:00,82744.7,82775.2,82719.4,82719.5,153.266696316162,81704.08013130576,exhaustion_up,up,True,False,0,1
2026-05-06 11:25:00+00:00,82719.4,82776.0,82700.0,82700.0,153.10478943643616,81722.67260395318,exhaustion_up,up,True,False,0,1
2026-05-06 11:26:00+00:00,82700.1,82700.1,82649.8,82665.2,153.10478943643616,81722.67260395318,trend_continuation_up,up,True,False,0,0
2026-05-06 11:27:00+00:00,82665.2,82665.3,82631.6,82649.9,153.10478943643616,81722.67260395318,bearish_pressure,up,True,False,0,0
2026-05-06 11:28:00+00:00,82649.9,82670.0,82625.0,82625.1,153.10478943643616,81722.67260395318,bearish_pressure,up,True,False,0,0
2026-05-06 11:29:00+00:00,82625.0,82660.0,82625.0,82643.0,153.10478943643616,81722.67260395318,bullish_pressure,up,True,False,0,0
2026-05-06 11:30:00+00:00,82643.0,82692.4,82642.9,82651.8,148.7687330481189,81741.358294964,indecision,up,True,False,0,0
2026-05-06 11:31:00+00:00,82651.7,82668.6,82643.5,82666.8,148.7687330481189,81741.358294964,bullish_pressure,up,True,False,0,0
2026-05-06 11:32:00+00:00,82666.8,82676.0,82620.0,82620.0,148.7687330481189,81741.358294964,bearish_pressure,up,True,False,0,0
2026-05-06 11:33:00+00:00,82620.1,82661.1,82600.0,82641.4,148.7687330481189,81741.358294964,inside_bullish_weak,up,True,False,0,0
2026-05-06 11:34:00+00:00,82641.3,82673.6,82622.0,82666.3,148.7687330481189,81741.358294964,bullish_pressure,up,True,False,0,0
2026-05-06 11:35:00+00:00,82666.4,82696.6,82666.3,82691.0,143.85668068753895,81759.85020991521,bullish_pressure,up,True,False,0,0
2026-05-06 11:36:00+00:00,82691.0,82740.0,82678.3,82723.9,143.85668068753895,81759.85020991521,trend_continuation_up,up,True,False,0,0
2026-05-06 11:37:00+00:00,82723.9,82724.0,82660.0,82686.1,143.85668068753895,81759.85020991521,bearish_pressure,up,True,False,0,0
2026-05-06 11:38:00+00:00,82686.1,82695.0,82662.3,82662.4,143.85668068753895,81759.85020991521,bearish_pressure,up,True,False,0,0
2026-05-06 11:39:00+00:00,82662.4,82700.0,82660.1,82675.2,143.85668068753895,81759.85020991521,inside_bullish_weak,up,True,False,0,0
2026-05-06 11:40:00+00:00,82675.2,82710.0,82643.6,82643.6,151.7669177812866,81773.65713645154,bearish_pressure,up,True,False,0,0
2026-05-06 11:41:00+00:00,82643.5,82643.7,82461.8,82520.6,151.7669177812866,81773.65713645154,breakout_down_weak,up,True,False,0,0
2026-05-06 11:42:00+00:00,82520.6,82560.1,82467.7,82476.0,151.7669177812866,81773.65713645154,trend_continuation_down,up,True,False,0,0
2026-05-06 11:43:00+00:00,82476.1,82488.3,82457.3,82460.0,151.7669177812866,81773.65713645154,trend_continuation_down,up,True,False,0,0
2026-05-06 11:44:00+00:00,82460.1,82480.5,82455.4,82457.1,151.7669177812866,81773.65713645154,trend_continuation_down,up,True,False,0,0
2026-05-06 11:45:00+00:00,82457.1,82516.9,82432.5,82502.6,149.54070936833796,81788.01244068022,bullish_pressure,up,True,False,0,0
2026-05-06 11:46:00+00:00,82502.6,82502.6,82450.0,82471.2,149.54070936833796,81788.01244068022,bearish_pressure,up,True,False,0,0
2026-05-06 11:47:00+00:00,82471.2,82553.1,82471.1,82500.3,149.54070936833796,81788.01244068022,inside_bullish_weak,up,True,False,0,0
2026-05-06 11:48:00+00:00,82500.2,82527.3,82471.1,82474.4,149.54070936833796,81788.01244068022,bearish_pressure,up,True,False,0,0
2026-05-06 11:49:00+00:00,82474.4,82527.3,82474.3,82498.6,149.54070936833796,81788.01244068022,bullish_pressure,up,True,False,0,0
2026-05-06 11:50:00+00:00,82498.6,82554.6,82498.6,82542.8,143.33065869917138,81802.39239234992,bullish_pressure,up,True,False,0,0
2026-05-06 11:51:00+00:00,82542.9,82542.9,82500.0,82526.2,143.33065869917138,81802.39239234992,inside_bar,up,True,False,0,0
2026-05-06 11:52:00+00:00,82526.2,82526.2,82498.1,82505.6,143.33065869917138,81802.39239234992,bearish_pressure,up,True,False,0,0
2026-05-06 11:53:00+00:00,82505.7,82515.1,82500.0,82509.8,143.33065869917138,81802.39239234992,inside_bar,up,True,False,0,0
2026-05-06 11:54:00+00:00,82509.8,82514.3,82492.0,82514.2,143.33065869917138,81802.39239234992,indecision,up,True,False,0,0
2026-05-06 11:55:00+00:00,82514.3,82525.2,82510.0,82518.1,137.39275450637322,81815.9172954717,inside_bullish_weak,up,True,False,0,0
2026-05-06 11:56:00+00:00,82518.2,82518.2,82465.0,82483.5,137.39275450637322,81815.9172954717,bearish_pressure,up,True,False,0,0
2026-05-06 11:57:00+00:00,82483.4,82498.3,82465.7,82489.0,137.39275450637322,81815.9172954717,inside_bar,up,True,False,0,0
2026-05-06 11:58:00+00:00,82489.0,82500.1,82471.8,82472.0,137.39275450637322,81815.9172954717,bearish_pressure,up,True,False,0,0
2026-05-06 11:59:00+00:00,82472.0,82485.4,82470.0,82485.4,137.39275450637322,81815.9172954717,bullish_pressure,up,True,False,0,0
2026-05-06 12:00:00+00:00,82485.3,82504.4,82470.3,82504.4,140.5289863273468,81826.14863615544,bullish_pressure,up,True,False,0,0
2026-05-06 12:01:00+00:00,82504.3,82508.7,82409.8,82443.1,140.5289863273468,81826.14863615544,bearish_pressure,up,True,False,0,0
2026-05-06 12:02:00+00:00,82443.2,82459.3,82388.0,82388.1,140.5289863273468,81826.14863615544,trend_continuation_down,up,True,False,0,0
2026-05-06 12:03:00+00:00,82388.0,82388.0,82350.0,82350.0,140.5289863273468,81826.14863615544,trend_continuation_down,up,True,False,0,0
2026-05-06 12:04:00+00:00,82350.0,82358.6,82327.4,82332.6,140.5289863273468,81826.14863615544,trend_continuation_down,up,True,False,0,0
2026-05-06 12:05:00+00:00,82332.7,82354.0,82287.2,82300.0,137.72691587539364,81835.58133642959,breakout_down_weak,up,True,False,0,0
2026-05-06 12:06:00+00:00,82299.9,82316.0,82270.0,82295.1,137.72691587539364,81835.58133642959,exhaustion_down,up,True,False,1,0
2026-05-06 12:07:00+00:00,82295.1,82357.5,82267.7,82353.4,137.72691587539364,81835.58133642959,bullish_pressure,up,True,False,0,0
2026-05-06 12:08:00+00:00,82353.4,82369.0,82345.7,82355.3,137.72691587539364,81835.58133642959,indecision,up,True,False,0,0
2026-05-06 12:09:00+00:00,82355.4,82355.4,82302.5,82302.5,137.72691587539364,81835.58133642959,breakout_down_weak,up,True,False,0,0
2026-05-06 12:10:00+00:00,82302.5,82315.6,82272.2,82315.5,142.17499331286552,81841.8074485795,inside_bullish_weak,up,True,False,0,0
2026-05-06 12:11:00+00:00,82315.5,82315.5,82276.1,82296.3,142.17499331286552,81841.8074485795,bearish_pressure,up,True,False,0,0
2026-05-06 12:12:00+00:00,82296.3,82296.4,82270.0,82274.0,142.17499331286552,81841.8074485795,trend_continuation_down,up,True,False,0,0
2026-05-06 12:13:00+00:00,82274.1,82305.5,82274.1,82286.0,142.17499331286552,81841.8074485795,inside_bullish_weak,up,True,False,0,0
2026-05-06 12:14:00+00:00,82286.0,82350.0,82150.0,82150.0,142.17499331286552,81841.8074485795,breakout_down_strong,up,True,False,0,0
2026-05-06 12:15:00+00:00,82150.1,82269.2,82135.6,82269.2,143.5053509333743,81849.45680603335,bullish_pressure,up,True,False,0,0
2026-05-06 12:16:00+00:00,82269.1,82269.2,82222.1,82256.2,143.5053509333743,81849.45680603335,inside_bar,up,True,False,0,0
2026-05-06 12:17:00+00:00,82256.2,82256.2,82189.7,82250.1,143.5053509333743,81849.45680603335,indecision,up,True,False,0,0
2026-05-06 12:18:00+00:00,82250.1,82296.4,82238.1,82250.2,143.5053509333743,81849.45680603335,indecision,up,True,False,0,0
2026-05-06 12:19:00+00:00,82250.1,82250.1,82183.3,82228.1,143.5053509333743,81849.45680603335,inside_bearish_weak,up,True,False,0,0
2026-05-06 12:20:00+00:00,82228.0,82350.1,82228.0,82350.1,149.39782586670472,81859.915087102,bullish_pressure,up,True,False,0,0
2026-05-06 12:21:00+00:00,82350.0,82363.0,82327.2,82351.7,149.39782586670472,81859.915087102,indecision,up,True,False,0,0
2026-05-06 12:22:00+00:00,82351.7,82432.6,82350.0,82391.1,149.39782586670472,81859.915087102,bullish_pressure,up,True,False,0,0
2026-05-06 12:23:00+00:00,82391.2,82454.0,82391.2,82430.0,149.39782586670472,81859.915087102,bullish_pressure,up,True,False,0,0
2026-05-06 12:24:00+00:00,82430.1,82430.1,82366.0,82377.6,149.39782586670472,81859.915087102,bearish_pressure,up,True,False,0,0
2026-05-06 12:25:00+00:00,82377.5,82413.1,82353.2,82400.0,143.9479811619405,81869.64548141681,inside_bullish_weak,up,True,False,0,0
2026-05-06 12:26:00+00:00,82400.0,82400.1,82372.8,82387.7,143.9479811619405,81869.64548141681,bearish_pressure,up,True,False,0,0
2026-05-06 12:27:00+00:00,82387.7,82398.7,82353.1,82353.1,143.9479811619405,81869.64548141681,bearish_pressure,up,True,False,0,0
2026-05-06 12:28:00+00:00,82353.1,82353.2,82341.4,82341.6,143.9479811619405,81869.64548141681,bearish_pressure,up,True,False,0,0
2026-05-06 12:29:00+00:00,82341.6,82353.2,82340.0,82351.3,143.9479811619405,81869.64548141681,bullish_pressure,up,True,False,0,0
2026-05-06 12:30:00+00:00,82351.3,82351.3,82320.0,82320.2,140.46598250751597,81879.95151148777,bearish_pressure,up,True,False,0,0
2026-05-06 12:31:00+00:00,82320.2,82324.0,82302.3,82323.9,140.46598250751597,81879.95151148777,indecision,up,True,False,0,0
2026-05-06 12:32:00+00:00,82323.9,82379.8,82323.9,82379.6,140.46598250751597,81879.95151148777,bullish_pressure,up,True,False,0,0
2026-05-06 12:33:00+00:00,82379.7,82379.7,82350.0,82355.2,140.46598250751597,81879.95151148777,bearish_pressure,up,True,False,0,0
2026-05-06 12:34:00+00:00,82355.2,82397.5,82348.5,82390.1,140.46598250751597,81879.95151148777,bullish_pressure,up,True,False,0,0
2026-05-06 12:35:00+00:00,82390.1,82397.5,82362.5,82384.9,139.10412661412155,81888.28118452762,inside_bar,up,True,False,0,0
2026-05-06 12:36:00+00:00,82385.0,82385.0,82340.0,82368.8,139.10412661412155,81888.28118452762,inside_bearish_weak,up,True,False,0,0
2026-05-06 12:37:00+00:00,82368.7,82368.8,82308.8,82324.3,139.10412661412155,81888.28118452762,bearish_pressure,up,True,False,0,0
2026-05-06 12:38:00+00:00,82324.3,82330.7,82279.9,82279.9,139.10412661412155,81888.28118452762,bearish_pressure,up,True,False,0,0
2026-05-06 12:39:00+00:00,82279.9,82312.7,82276.1,82300.6,139.10412661412155,81888.28118452762,bullish_pressure,up,True,False,0,0
2026-05-06 12:40:00+00:00,82300.6,82300.7,82270.3,82290.4,132.96811757025552,81896.60630958647,inside_bearish_weak,up,True,False,0,0
2026-05-06 12:41:00+00:00,82290.4,82290.4,82255.5,82255.5,132.96811757025552,81896.60630958647,bearish_pressure,up,True,False,0,0
2026-05-06 12:42:00+00:00,82255.5,82305.4,82255.5,82285.7,132.96811757025552,81896.60630958647,bullish_pressure,up,True,False,0,0
2026-05-06 12:43:00+00:00,82285.7,82285.7,82267.3,82267.4,132.96811757025552,81896.60630958647,bearish_pressure,up,True,False,0,0
2026-05-06 12:44:00+00:00,82267.3,82308.7,82267.3,82308.7,132.96811757025552,81896.60630958647,bullish_pressure,up,True,False,0,0
2026-05-06 12:45:00+00:00,82308.8,82317.2,82258.2,82281.3,132.73468060095135,81905.60816484218,bearish_pressure,up,True,False,0,0
2026-05-06 12:46:00+00:00,82281.3,82295.0,82255.8,82295.0,132.73468060095135,81905.60816484218,inside_bullish_weak,up,True,False,0,0
2026-05-06 12:47:00+00:00,82294.9,82384.0,82294.9,82375.6,132.73468060095135,81905.60816484218,bullish_pressure,up,True,False,0,0
2026-05-06 12:48:00+00:00,82375.5,82385.5,82340.6,82340.7,132.73468060095135,81905.60816484218,bearish_pressure,up,True,False,0,0
2026-05-06 12:49:00+00:00,82340.7,82355.8,82316.5,82351.2,132.73468060095135,81905.60816484218,inside_bullish_weak,up,True,False,0,0
2026-05-06 12:50:00+00:00,82351.1,82353.7,82310.0,82327.3,134.1822034151691,81912.83176553837,bearish_pressure,up,True,False,0,0
2026-05-06 12:51:00+00:00,82327.2,82360.0,82327.2,82360.0,134.1822034151691,81912.83176553837,bullish_pressure,up,True,False,0,0
2026-05-06 12:52:00+00:00,82359.9,82376.5,82359.9,82376.5,134.1822034151691,81912.83176553837,bullish_pressure,up,True,False,0,0
2026-05-06 12:53:00+00:00,82376.4,82378.0,82358.8,82366.8,134.1822034151691,81912.83176553837,bearish_pressure,up,True,False,0,0
2026-05-06 12:54:00+00:00,82366.8,82366.8,82225.0,82270.4,134.1822034151691,81912.83176553837,bearish_pressure,up,True,False,0,0
2026-05-06 12:55:00+00:00,82270.4,82330.4,82120.0,82179.2,139.62633174265662,81918.2806414683,trend_continuation_down,up,True,False,0,0
2026-05-06 12:56:00+00:00,82179.0,82266.6,82178.5,82239.8,139.62633174265662,81918.2806414683,bullish_pressure,up,True,False,0,0
2026-05-06 12:57:00+00:00,82239.5,82247.5,82204.9,82220.9,139.62633174265662,81918.2806414683,inside_bar,up,True,False,0,0
2026-05-06 12:58:00+00:00,82220.8,82220.9,82143.5,82171.9,139.62633174265662,81918.2806414683,exhaustion_down,up,True,False,1,0
2026-05-06 13:08:00+00:00,81850.4,81977.5,81792.1,81958.1,153.95229624749456,81922.3543737899,trend_continuation_down,up,True,False,0,0
2026-05-06 13:09:00+00:00,81958.0,81998.9,81931.2,81989.6,153.95229624749456,81922.3543737899,exhaustion_down,up,True,False,1,0
2026-05-06 13:10:00+00:00,81989.7,82070.0,81974.3,82063.4,154.32713222981616,81925.28200995247,bullish_pressure,up,True,False,0,0
2026-05-06 13:11:00+00:00,82063.4,82130.8,82038.3,82127.1,154.32713222981616,81925.28200995247,bullish_pressure,up,True,False,0,0
2026-05-06 13:12:00+00:00,82127.1,82133.5,82081.3,82088.0,154.32713222981616,81925.28200995247,bearish_pressure,up,True,False,0,0
2026-05-06 13:13:00+00:00,82088.0,82091.8,82049.9,82091.8,154.32713222981616,81925.28200995247,indecision,up,True,False,0,0
2026-05-06 13:14:00+00:00,82091.8,82096.5,82070.1,82070.2,154.32713222981616,81925.28200995247,bearish_pressure,up,True,False,0,0
2026-05-06 13:15:00+00:00,82070.2,82128.1,82061.5,82090.0,154.11805135625744,81926.36553450787,inside_bullish_weak,up,True,False,0,0
2026-05-06 13:16:00+00:00,82090.1,82102.2,82037.5,82102.2,154.11805135625744,81926.36553450787,indecision,up,True,False,0,0
2026-05-06 13:17:00+00:00,82102.2,82131.4,82077.7,82128.4,154.11805135625744,81926.36553450787,bullish_pressure,up,True,False,0,0
2026-05-06 13:18:00+00:00,82128.4,82131.3,82073.5,82076.6,154.11805135625744,81926.36553450787,bearish_pressure,up,True,False,0,0
2026-05-06 13:19:00+00:00,82076.2,82076.2,81980.0,81980.0,154.11805135625744,81926.36553450787,breakout_down_weak,up,True,False,0,0
2026-05-06 13:20:00+00:00,81980.0,82049.0,81922.4,82003.3,152.15247625938233,81926.97413778494,indecision,neutral,True,False,0,0
2026-05-06 13:21:00+00:00,82003.4,82021.0,81955.0,82012.9,152.15247625938233,81926.97413778494,inside_bar,neutral,True,False,0,0
2026-05-06 13:22:00+00:00,82013.0,82014.5,81978.9,82014.5,152.15247625938233,81926.97413778494,inside_bar,neutral,True,False,0,0
2026-05-06 13:23:00+00:00,82014.5,82020.5,81972.3,81999.9,152.15247625938233,81926.97413778494,inside_bearish_weak,neutral,True,False,0,0
2026-05-06 13:24:00+00:00,82000.0,82010.5,81943.4,81957.1,152.15247625938233,81926.97413778494,bearish_pressure,neutral,True,False,0,0
2026-05-06 13:25:00+00:00,81957.1,81962.6,81841.5,81864.4,150.39872795514114,81926.63999644267,breakout_down_weak,neutral,False,True,0,0
2026-05-06 13:26:00+00:00,81864.5,81909.0,81838.7,81861.4,150.39872795514114,81926.63999644267,trend_continuation_down,neutral,False,True,0,0
2026-05-06 13:27:00+00:00,81861.3,81896.4,81838.7,81896.4,150.39872795514114,81926.63999644267,exhaustion_down,neutral,False,True,0,0
2026-05-06 13:28:00+00:00,81896.3,81947.8,81869.0,81925.9,150.39872795514114,81926.63999644267,inside_bullish_weak,neutral,False,True,0,0
2026-05-06 13:29:00+00:00,81926.0,81966.3,81910.0,81910.1,150.39872795514114,81926.63999644267,inside_bearish_weak,neutral,False,True,0,0
2026-05-06 13:30:00+00:00,81910.0,81910.0,81800.0,81866.9,155.3702473869168,81927.3698975032,exhaustion_down,neutral,True,False,1,0
2026-05-06 13:31:00+00:00,81866.9,82016.1,81864.8,82014.3,155.3702473869168,81927.3698975032,bullish_pressure,neutral,True,False,0,0
2026-05-06 13:32:00+00:00,82014.3,82020.0,81968.1,81992.9,155.3702473869168,81927.3698975032,inside_bearish_weak,neutral,True,False,0,0
2026-05-06 13:33:00+00:00,81992.9,81992.9,81900.2,81900.2,155.3702473869168,81927.3698975032,bearish_pressure,neutral,True,False,0,0
2026-05-06 13:34:00+00:00,81900.0,81972.2,81898.3,81963.5,155.3702473869168,81927.3698975032,bullish_pressure,neutral,True,False,0,0
2026-05-06 13:35:00+00:00,81963.5,81988.6,81916.0,81949.6,162.94380114499478,81925.24574111699,indecision,neutral,False,True,0,0
2026-05-06 13:36:00+00:00,81949.6,81978.0,81907.3,81923.1,162.94380114499478,81925.24574111699,inside_bearish_weak,neutral,False,True,0,0
2026-05-06 13:37:00+00:00,81923.1,81923.1,81800.0,81807.4,162.94380114499478,81925.24574111699,breakout_down_weak,neutral,False,True,0,0
2026-05-06 13:38:00+00:00,81807.3,81832.2,81727.2,81821.9,162.94380114499478,81925.24574111699,exhaustion_down,neutral,False,True,0,0
2026-05-06 13:39:00+00:00,81821.8,81891.9,81815.3,81820.1,162.94380114499478,81925.24574111699,trend_continuation_down,neutral,False,True,0,0
2026-05-06 13:40:00+00:00,81820.1,81897.9,81791.0,81830.1,159.21210106320925,81924.25869673843,indecision,neutral,False,True,0,0
2026-05-06 13:41:00+00:00,81830.1,81886.2,81816.6,81857.9,159.21210106320925,81924.25869673843,inside_bar,neutral,False,True,0,0
2026-05-06 13:42:00+00:00,81857.8,81857.9,81788.0,81833.9,159.21210106320925,81924.25869673843,inside_bearish_weak,neutral,False,True,0,0
2026-05-06 13:43:00+00:00,81834.0,81886.5,81787.2,81864.1,159.21210106320925,81924.25869673843,inside_bullish_weak,neutral,False,True,0,0
2026-05-06 13:44:00+00:00,81864.0,81883.1,81835.4,81875.4,159.21210106320925,81924.25869673843,inside_bar,neutral,False,True,0,0
2026-05-06 13:45:00+00:00,81875.3,81885.6,81750.0,81755.0,172.56837955869514,81919.54862353568,breakout_down_weak,neutral,False,True,0,0
2026-05-06 13:46:00+00:00,81754.9,81755.7,81632.5,81635.0,172.56837955869514,81919.54862353568,bearish_pressure,neutral,False,True,0,0
2026-05-06 13:47:00+00:00,81635.0,81651.1,81539.4,81630.4,172.56837955869514,81919.54862353568,exhaustion_down,neutral,False,True,0,0
2026-05-06 13:48:00+00:00,81630.5,81691.7,81621.1,81676.2,172.56837955869514,81919.54862353568,breakout_down_weak,neutral,False,True,0,0
2026-05-06 13:49:00+00:00,81676.2,81728.9,81666.0,81686.4,172.56837955869514,81919.54862353568,trend_continuation_down,neutral,False,True,0,0
2026-05-06 13:50:00+00:00,81686.4,81687.7,81588.1,81590.2,170.79206673307385,81915.08231415873,breakout_down_strong,neutral,False,True,0,0
2026-05-06 13:51:00+00:00,81590.2,81660.6,81550.0,81628.0,170.79206673307385,81915.08231415873,exhaustion_down,neutral,False,True,0,0
2026-05-06 13:52:00+00:00,81627.9,81697.1,81589.5,81593.1,170.79206673307385,81915.08231415873,trend_continuation_down,neutral,False,True,0,0
2026-05-06 13:53:00+00:00,81593.0,81622.1,81574.7,81616.1,170.79206673307385,81915.08231415873,exhaustion_down,neutral,False,True,0,0
2026-05-06 13:54:00+00:00,81616.1,81697.7,81616.0,81694.0,170.79206673307385,81915.08231415873,bullish_pressure,neutral,False,True,0,0
2026-05-06 13:55:00+00:00,81694.0,81753.1,81675.2,81688.1,168.80691910928286,81909.26088219519,indecision,down,False,True,0,0
2026-05-06 13:56:00+00:00,81688.1,81688.1,81612.1,81656.3,168.80691910928286,81909.26088219519,inside_bearish_weak,down,False,True,0,0
2026-05-06 13:57:00+00:00,81656.3,81696.6,81648.3,81676.7,168.80691910928286,81909.26088219519,inside_bullish_weak,down,False,True,0,0
2026-05-06 13:58:00+00:00,81676.7,81692.7,81653.2,81675.1,168.80691910928286,81909.26088219519,inside_bar,down,False,True,0,0
2026-05-06 13:59:00+00:00,81675.2,81684.8,81610.1,81621.1,168.80691910928286,81909.26088219519,bearish_pressure,down,False,True,0,0
2026-05-06 14:00:00+00:00,81621.4,81652.2,81566.0,81566.1,178.29213917290488,81898.20027066657,trend_continuation_down,down,False,True,0,0
2026-05-06 14:01:00+00:00,81566.1,81582.8,81504.7,81540.7,178.29213917290488,81898.20027066657,exhaustion_down,down,False,True,1,0
2026-05-06 14:08:00+00:00,81198.6,81309.1,81165.8,81309.1,188.34270066055453,81888.1784831286,breakout_down_strong,down,False,True,0,0
2026-05-06 14:09:00+00:00,81309.1,81392.1,81300.0,81392.1,188.34270066055453,81888.1784831286,trend_continuation_down,down,False,True,0,0
2026-05-06 14:10:00+00:00,81392.1,81392.1,81300.0,81311.1,189.64679347051535,81878.66801811615,trend_continuation_down,down,False,True,0,0
2026-05-06 14:11:00+00:00,81311.0,81315.3,81220.4,81255.2,189.64679347051535,81878.66801811615,exhaustion_down,down,False,True,1,0
2026-05-06 14:12:00+00:00,81255.1,81331.3,81225.3,81319.3,189.64679347051535,81878.66801811615,trend_continuation_down,down,False,True,0,0
2026-05-06 14:13:00+00:00,81319.4,81340.0,81284.0,81325.4,189.64679347051535,81878.66801811615,exhaustion_down,down,False,True,1,0
2026-05-06 14:14:00+00:00,81325.4,81427.0,81312.8,81407.9,189.64679347051535,81878.66801811615,bullish_pressure,down,False,True,0,0
2026-05-06 14:15:00+00:00,81407.8,81486.1,81357.3,81449.5,192.3720225083359,81868.88845340097,inside_bullish_weak,down,False,True,0,0
2026-05-06 14:16:00+00:00,81449.5,81468.3,81382.7,81383.1,192.3720225083359,81868.88845340097,bearish_pressure,down,False,True,0,0
2026-05-06 14:17:00+00:00,81383.0,81383.1,81258.3,81365.2,192.3720225083359,81868.88845340097,indecision,down,False,True,0,0
2026-05-06 14:18:00+00:00,81365.2,81398.5,81335.3,81382.4,192.3720225083359,81868.88845340097,inside_bullish_weak,down,False,True,0,0
2026-05-06 14:19:00+00:00,81382.4,81443.2,81364.5,81384.8,192.3720225083359,81868.88845340097,indecision,down,False,True,0,0
2026-05-06 14:20:00+00:00,81384.8,81413.3,81358.0,81413.3,193.2954494720264,81862.27482066034,bullish_pressure,down,False,True,0,0
2026-05-06 14:21:00+00:00,81413.3,81532.4,81413.3,81455.5,193.2954494720264,81862.27482066034,inside_bullish_weak,down,False,True,0,0
2026-05-06 14:22:00+00:00,81455.5,81510.3,81455.5,81467.6,193.2954494720264,81862.27482066034,inside_bar,down,False,True,0,0
2026-05-06 14:23:00+00:00,81467.7,81520.9,81434.8,81500.0,193.2954494720264,81862.27482066034,inside_bullish_weak,down,False,True,0,0
2026-05-06 14:24:00+00:00,81500.1,81563.3,81481.0,81534.9,193.2954494720264,81862.27482066034,inside_bullish_weak,down,False,True,0,0
2026-05-06 14:25:00+00:00,81534.9,81625.6,81530.8,81591.1,194.6457745097386,81856.42977470666,exhaustion_up,down,False,True,0,1
2026-05-06 14:26:00+00:00,81591.1,81636.4,81590.8,81632.0,194.6457745097386,81856.42977470666,trend_continuation_up,down,False,True,0,0
2026-05-06 14:27:00+00:00,81632.0,81743.0,81618.0,81708.8,194.6457745097386,81856.42977470666,breakout_up_strong,down,False,True,0,0
2026-05-06 14:28:00+00:00,81708.7,81713.0,81616.8,81643.4,194.6457745097386,81856.42977470666,trend_continuation_up,down,False,True,0,0
2026-05-06 14:29:00+00:00,81643.5,81671.8,81567.0,81567.1,194.6457745097386,81856.42977470666,bearish_pressure,down,False,True,0,0
2026-05-06 14:30:00+00:00,81567.1,81700.0,81555.3,81684.8,194.22107633047133,81852.91631382138,trend_continuation_up,down,False,True,0,0
2026-05-06 14:31:00+00:00,81684.8,81700.0,81624.1,81673.5,194.22107633047133,81852.91631382138,trend_continuation_up,down,False,True,0,0
2026-05-06 14:32:00+00:00,81673.5,81695.4,81662.4,81685.8,194.22107633047133,81852.91631382138,trend_continuation_up,down,False,True,0,0
2026-05-06 14:33:00+00:00,81685.6,81699.9,81669.9,81695.4,194.22107633047133,81852.91631382138,trend_continuation_up,down,False,True,0,0
2026-05-06 14:34:00+00:00,81695.4,81744.0,81667.4,81679.0,194.22107633047133,81852.91631382138,exhaustion_up,down,False,True,0,1
2026-05-06 14:35:00+00:00,81679.0,81754.1,81678.9,81740.9,192.46957087829563,81849.84866404273,breakout_up_weak,down,False,True,0,0
2026-05-06 14:36:00+00:00,81740.9,81740.9,81700.0,81700.1,192.46957087829563,81849.84866404273,bearish_pressure,down,False,True,0,0
2026-05-06 14:37:00+00:00,81700.0,81705.6,81627.5,81627.6,192.46957087829563,81849.84866404273,bearish_pressure,down,False,True,0,0
2026-05-06 14:38:00+00:00,81627.5,81670.0,81584.4,81669.9,192.46957087829563,81849.84866404273,bullish_pressure,down,False,True,0,0
2026-05-06 14:39:00+00:00,81670.0,81698.0,81654.0,81698.0,192.46957087829563,81849.84866404273,bullish_pressure,down,False,True,0,0
2026-05-06 14:40:00+00:00,81698.0,81732.6,81693.0,81725.8,194.24317295841757,81849.46750237851,bullish_pressure,down,False,True,0,0
2026-05-06 14:41:00+00:00,81725.9,81742.5,81666.2,81676.7,194.24317295841757,81849.46750237851,bearish_pressure,down,False,True,0,0
2026-05-06 14:42:00+00:00,81676.8,81721.2,81613.3,81721.2,194.24317295841757,81849.46750237851,inside_bullish_weak,down,False,True,0,0
2026-05-06 14:43:00+00:00,81721.2,81798.9,81721.1,81789.6,194.24317295841757,81849.46750237851,trend_continuation_up,down,False,True,0,0
2026-05-06 14:44:00+00:00,81789.6,81830.6,81770.3,81830.6,194.24317295841757,81849.46750237851,trend_continuation_up,down,False,True,0,0
2026-05-06 14:45:00+00:00,81830.5,81934.6,81830.5,81898.6,200.91151774710244,81847.20873995517,bullish_pressure,down,False,True,0,0
2026-05-06 14:46:00+00:00,81898.6,81906.4,81817.5,81817.5,200.91151774710244,81847.20873995517,trend_continuation_up,down,False,True,0,0
2026-05-06 14:47:00+00:00,81817.5,81817.5,81728.4,81729.1,200.91151774710244,81847.20873995517,bearish_pressure,down,False,True,0,0
2026-05-06 14:48:00+00:00,81729.0,81736.3,81656.8,81665.0,200.91151774710244,81847.20873995517,bearish_pressure,down,False,True,0,0
2026-05-06 14:49:00+00:00,81665.0,81735.9,81647.0,81735.4,200.91151774710244,81847.20873995517,bullish_pressure,down,False,True,0,0
2026-05-06 14:50:00+00:00,81735.4,81735.8,81694.6,81694.6,199.31069505088084,81842.77094312437,bearish_pressure,down,False,True,0,0
2026-05-06 14:51:00+00:00,81694.6,81726.4,81662.3,81669.6,199.31069505088084,81842.77094312437,inside_bearish_weak,down,False,True,0,0
2026-05-06 14:52:00+00:00,81669.6,81687.3,81557.3,81644.2,199.31069505088084,81842.77094312437,indecision,down,False,True,0,0
2026-05-06 14:53:00+00:00,81644.2,81661.3,81633.2,81645.6,199.31069505088084,81842.77094312437,inside_bar,down,False,True,0,0
2026-05-06 14:54:00+00:00,81645.5,81646.6,81606.6,81623.1,199.31069505088084,81842.77094312437,bearish_pressure,down,False,True,0,0
2026-05-06 14:55:00+00:00,81623.1,81683.4,81623.1,81640.1,202.52421683295992,81835.42102345855,inside_bullish_weak,down,False,True,0,0
2026-05-06 14:56:00+00:00,81640.1,81659.5,81562.1,81574.3,202.52421683295992,81835.42102345855,bearish_pressure,down,False,True,0,0
2026-05-06 14:57:00+00:00,81574.3,81601.6,81561.1,81563.6,202.52421683295992,81835.42102345855,inside_bearish_weak,down,False,True,0,0
2026-05-06 14:58:00+00:00,81563.6,81563.6,81439.1,81450.0,202.52421683295992,81835.42102345855,breakout_down_strong,down,False,True,0,0
2026-05-06 14:59:00+00:00,81450.0,81501.0,81444.4,81471.6,202.52421683295992,81835.42102345855,trend_continuation_down,down,False,True,0,0
2026-05-06 15:00:00+00:00,81471.6,81514.7,81458.2,81460.1,197.3724870591777,81830.20674576629,trend_continuation_down,down,False,True,0,0
2026-05-06 15:01:00+00:00,81460.1,81521.0,81441.7,81498.7,197.3724870591777,81830.20674576629,breakout_down_weak,down,False,True,0,0
2026-05-06 15:02:00+00:00,81498.3,81542.6,81489.6,81542.6,197.3724870591777,81830.20674576629,bullish_pressure,down,False,True,0,0
2026-05-06 15:03:00+00:00,81542.6,81550.1,81460.4,81512.1,197.3724870591777,81830.20674576629,inside_bearish_weak,down,False,True,0,0
2026-05-06 15:04:00+00:00,81512.1,81572.1,81496.0,81572.1,197.3724870591777,81830.20674576629,bullish_pressure,down,False,True,0,0
2026-05-06 15:05:00+00:00,81572.1,81572.1,81522.4,81522.5,191.45302369780785,81823.77492901844,bearish_pressure,down,False,True,0,0
2026-05-06 15:06:00+00:00,81522.4,81539.0,81521.1,81521.1,191.45302369780785,81823.77492901844,indecision,down,False,True,0,0
2026-05-06 15:07:00+00:00,81521.1,81548.4,81502.0,81512.1,191.45302369780785,81823.77492901844,indecision,down,False,True,0,0
2026-05-06 15:08:00+00:00,81512.1,81528.3,81457.6,81473.3,191.45302369780785,81823.77492901844,bearish_pressure,down,False,True,0,0
2026-05-06 15:09:00+00:00,81473.3,81527.9,81473.2,81505.4,191.45302369780785,81823.77492901844,bullish_pressure,down,False,True,0,0
2026-05-06 15:10:00+00:00,81505.5,81505.5,81473.2,81473.2,195.52066486224973,81814.77938586957,bearish_pressure,down,False,True,0,0
2026-05-06 15:11:00+00:00,81473.3,81473.6,81441.4,81450.2,195.52066486224973,81814.77938586957,bearish_pressure,down,False,True,0,0
2026-05-06 15:12:00+00:00,81450.2,81450.2,81385.6,81406.4,195.52066486224973,81814.77938586957,breakout_down_weak,down,False,True,0,0
2026-05-06 15:13:00+00:00,81406.4,81412.7,81285.7,81302.0,195.52066486224973,81814.77938586957,breakout_down_strong,down,False,True,0,0
2026-05-06 15:14:00+00:00,81302.1,81369.5,81257.1,81369.5,195.52066486224973,81814.77938586957,exhaustion_down,down,False,True,1,0
2026-05-06 15:18:00+00:00,81615.2,81663.3,81600.4,81628.7,203.8334745149468,81811.9124673375,exhaustion_up,down,False,True,0,1
2026-05-06 15:19:00+00:00,81628.7,81676.3,81628.7,81670.0,203.8334745149468,81811.9124673375,breakout_up_weak,down,False,True,0,0
2026-05-06 15:20:00+00:00,81670.0,81708.4,81650.0,81691.2,198.5596549067363,81809.45479471696,trend_continuation_up,down,False,True,0,0
2026-05-06 15:21:00+00:00,81691.1,81780.0,81686.8,81780.0,198.5596549067363,81809.45479471696,breakout_up_strong,down,False,True,0,0
2026-05-06 15:22:00+00:00,81780.0,81780.0,81710.2,81720.0,198.5596549067363,81809.45479471696,trend_continuation_up,down,False,True,0,0
2026-05-06 15:23:00+00:00,81720.0,81757.9,81708.5,81735.6,198.5596549067363,81809.45479471696,exhaustion_up,down,False,True,0,1
2026-05-06 15:24:00+00:00,81735.6,81746.0,81687.6,81687.8,198.5596549067363,81809.45479471696,bearish_pressure,down,False,True,0,0
2026-05-06 15:25:00+00:00,81687.9,81708.8,81687.8,81703.9,192.51967955625514,81805.62004630672,bullish_pressure,down,False,True,0,0
2026-05-06 15:26:00+00:00,81704.0,81704.0,81685.2,81692.6,192.51967955625514,81805.62004630672,bearish_pressure,down,False,True,0,0
2026-05-06 15:27:00+00:00,81692.7,81692.7,81665.1,81677.8,192.51967955625514,81805.62004630672,bearish_pressure,down,False,True,0,0
2026-05-06 15:28:00+00:00,81677.8,81677.9,81618.4,81665.0,192.51967955625514,81805.62004630672,inside_bearish_weak,down,False,True,0,0
2026-05-06 15:29:00+00:00,81664.9,81664.9,81594.8,81615.8,192.51967955625514,81805.62004630672,bearish_pressure,down,False,True,0,0
2026-05-06 15:30:00+00:00,81615.8,81655.5,81613.6,81618.2,186.77541673080773,81802.91865925114,inside_bar,down,False,True,0,0
2026-05-06 15:31:00+00:00,81618.2,81644.2,81605.9,81605.9,186.77541673080773,81802.91865925114,inside_bearish_weak,down,False,True,0,0
2026-05-06 15:32:00+00:00,81605.9,81667.3,81597.6,81629.6,186.77541673080773,81802.91865925114,inside_bullish_weak,down,False,True,0,0
2026-05-06 15:33:00+00:00,81629.7,81709.7,81618.7,81660.9,186.77541673080773,81802.91865925114,inside_bullish_weak,down,False,True,0,0
2026-05-06 15:34:00+00:00,81660.9,81693.8,81660.9,81669.2,186.77541673080773,81802.91865925114,inside_bar,down,False,True,0,0
2026-05-06 15:35:00+00:00,81669.2,81669.2,81601.2,81624.9,190.51288696432084,81796.10244817687,bearish_pressure,down,False,True,0,0
2026-05-06 15:36:00+00:00,81625.0,81639.1,81607.4,81625.1,190.51288696432084,81796.10244817687,inside_bar,down,False,True,0,0
2026-05-06 15:37:00+00:00,81625.0,81625.4,81535.1,81547.3,190.51288696432084,81796.10244817687,bearish_pressure,down,False,True,0,0
2026-05-06 15:38:00+00:00,81547.2,81580.5,81482.0,81482.0,190.51288696432084,81796.10244817687,trend_continuation_down,down,False,True,0,0
2026-05-06 15:39:00+00:00,81482.1,81492.2,81430.1,81458.7,190.51288696432084,81796.10244817687,exhaustion_down,down,False,True,1,0
2026-05-06 15:40:00+00:00,81458.6,81499.2,81450.0,81498.0,191.62625218115548,81791.76576603475,bullish_pressure,down,False,True,0,0
2026-05-06 15:41:00+00:00,81498.0,81500.0,81466.9,81490.3,191.62625218115548,81791.76576603475,inside_bearish_weak,down,False,True,0,0
2026-05-06 15:42:00+00:00,81490.2,81500.0,81461.3,81491.5,191.62625218115548,81791.76576603475,indecision,down,False,True,0,0
2026-05-06 15:43:00+00:00,81491.5,81491.6,81468.5,81473.3,191.62625218115548,81791.76576603475,bearish_pressure,down,False,True,0,0
2026-05-06 15:44:00+00:00,81473.2,81656.1,81473.2,81577.1,191.62625218115548,81791.76576603475,bullish_pressure,down,False,True,0,0
2026-05-06 15:45:00+00:00,81577.1,81720.0,81577.1,81669.9,188.84580559678702,81788.54070136079,bullish_pressure,down,False,True,0,0
2026-05-06 15:46:00+00:00,81669.9,81729.8,81657.6,81714.0,188.84580559678702,81788.54070136079,trend_continuation_up,down,False,True,0,0
2026-05-06 15:47:00+00:00,81713.9,81713.9,81623.2,81671.2,188.84580559678702,81788.54070136079,bearish_pressure,down,False,True,0,0
2026-05-06 15:48:00+00:00,81671.2,81708.2,81656.3,81682.6,188.84580559678702,81788.54070136079,inside_bar,down,False,True,0,0
2026-05-06 15:49:00+00:00,81682.5,81682.5,81625.0,81628.9,188.84580559678702,81788.54070136079,bearish_pressure,down,False,True,0,0
2026-05-06 15:50:00+00:00,81629.0,81648.1,81594.7,81629.9,185.17824805415938,81786.77949935364,indecision,down,False,True,0,0
2026-05-06 15:51:00+00:00,81630.0,81686.0,81630.0,81669.6,185.17824805415938,81786.77949935364,bullish_pressure,down,False,True,0,0
2026-05-06 15:52:00+00:00,81669.5,81698.6,81665.1,81666.2,185.17824805415938,81786.77949935364,indecision,down,False,True,0,0
2026-05-06 15:53:00+00:00,81666.3,81691.9,81661.2,81684.8,185.17824805415938,81786.77949935364,bullish_pressure,down,False,True,0,0
2026-05-06 15:54:00+00:00,81684.8,81732.2,81684.8,81699.6,185.17824805415938,81786.77949935364,inside_bullish_weak,down,False,True,0,0
2026-05-06 15:55:00+00:00,81699.6,81730.2,81678.1,81678.2,179.47980176457617,81784.19772708921,inside_bearish_weak,down,False,True,0,0
2026-05-06 15:56:00+00:00,81678.1,81689.9,81653.3,81686.6,179.47980176457617,81784.19772708921,inside_bullish_weak,down,False,True,0,0
2026-05-06 15:57:00+00:00,81686.6,81686.6,81624.8,81624.8,179.47980176457617,81784.19772708921,bearish_pressure,down,False,True,0,0
2026-05-06 15:58:00+00:00,81624.9,81659.6,81624.8,81659.6,179.47980176457617,81784.19772708921,bullish_pressure,down,False,True,0,0
2026-05-06 15:59:00+00:00,81659.5,81667.0,81653.4,81656.4,179.47980176457617,81784.19772708921,inside_bearish_weak,down,False,True,0,0
2026-05-06 16:00:00+00:00,81656.4,81682.2,81647.5,81658.4,177.35267306710622,81781.81163348348,indecision,down,False,True,0,0
2026-05-06 16:01:00+00:00,81658.5,81673.6,81632.4,81652.3,177.35267306710622,81781.81163348348,indecision,down,False,True,0,0
2026-05-06 16:02:00+00:00,81652.2,81660.6,81590.3,81600.0,177.35267306710622,81781.81163348348,bearish_pressure,down,False,True,0,0
2026-05-06 16:03:00+00:00,81599.9,81600.0,81532.5,81582.1,177.35267306710622,81781.81163348348,inside_bearish_weak,down,False,True,0,0
2026-05-06 16:04:00+00:00,81582.0,81663.8,81582.0,81663.7,177.35267306710622,81781.81163348348,bullish_pressure,down,False,True,0,0
2026-05-06 16:05:00+00:00,81663.7,81719.8,81663.7,81703.2,175.57033927659822,81781.86882886004,bullish_pressure,down,True,False,0,0
2026-05-06 16:06:00+00:00,81703.2,81703.2,81650.0,81667.0,175.57033927659822,81781.86882886004,bearish_pressure,down,True,False,0,0
2026-05-06 16:07:00+00:00,81667.0,81714.2,81659.7,81713.6,175.57033927659822,81781.86882886004,bullish_pressure,down,True,False,0,0
2026-05-06 16:08:00+00:00,81713.7,81732.0,81699.5,81725.7,175.57033927659822,81781.86882886004,inside_bullish_weak,down,True,False,0,0
2026-05-06 16:09:00+00:00,81725.7,81802.4,81710.2,81784.7,175.57033927659822,81781.86882886004,breakout_up_weak,down,True,False,0,0
2026-05-06 16:10:00+00:00,81784.8,81800.0,81767.9,81782.5,173.35102932826976,81780.45558472419,exhaustion_up,down,False,True,0,1
2026-05-06 16:11:00+00:00,81782.6,81819.8,81775.3,81794.0,173.35102932826976,81780.45558472419,exhaustion_up,down,False,True,0,1
2026-05-06 16:22:00+00:00,81500.0,81540.9,81482.7,81491.9,172.61797936978402,81772.82109458698,trend_continuation_down,down,False,True,0,0
2026-05-06 16:23:00+00:00,81491.9,81527.1,81480.0,81517.0,172.61797936978402,81772.82109458698,breakout_down_weak,down,False,True,0,0
2026-05-06 16:24:00+00:00,81517.0,81593.6,81511.0,81541.9,172.61797936978402,81772.82109458698,inside_bullish_weak,down,False,True,0,0
2026-05-06 16:25:00+00:00,81542.0,81590.2,81541.9,81565.0,169.81669512908476,81766.5632511298,bullish_pressure,down,False,True,0,0
2026-05-06 16:26:00+00:00,81565.0,81580.0,81525.0,81525.0,169.81669512908476,81766.5632511298,bearish_pressure,down,False,True,0,0
2026-05-06 16:27:00+00:00,81525.0,81548.8,81511.2,81545.5,169.81669512908476,81766.5632511298,bullish_pressure,down,False,True,0,0
2026-05-06 16:28:00+00:00,81545.4,81557.1,81535.5,81535.5,169.81669512908476,81766.5632511298,bearish_pressure,down,False,True,0,0
2026-05-06 16:29:00+00:00,81535.6,81536.2,81456.8,81456.8,169.81669512908476,81766.5632511298,breakout_down_weak,down,False,True,0,0
2026-05-06 16:30:00+00:00,81456.8,81486.7,81456.8,81456.9,168.77978833414932,81761.61546397871,trend_continuation_down,down,False,True,0,0
2026-05-06 16:31:00+00:00,81456.9,81477.0,81444.0,81444.0,168.77978833414932,81761.61546397871,breakout_down_weak,down,False,True,0,0
2026-05-06 16:32:00+00:00,81444.0,81459.4,81372.6,81459.3,168.77978833414932,81761.61546397871,indecision,down,False,True,0,0
2026-05-06 16:33:00+00:00,81459.3,81469.7,81433.5,81468.9,168.77978833414932,81761.61546397871,inside_bullish_weak,down,False,True,0,0
2026-05-06 16:34:00+00:00,81468.9,81527.9,81466.2,81516.7,168.77978833414932,81761.61546397871,bullish_pressure,down,False,True,0,0
2026-05-06 16:35:00+00:00,81516.8,81516.8,81457.0,81457.0,169.51694631028087,81758.41713795933,bearish_pressure,down,False,True,0,0
2026-05-06 16:36:00+00:00,81457.0,81525.9,81428.8,81521.1,169.51694631028087,81758.41713795933,bullish_pressure,down,False,True,0,0
2026-05-06 16:37:00+00:00,81521.2,81547.3,81503.0,81516.4,169.51694631028087,81758.41713795933,indecision,down,False,True,0,0
2026-05-06 16:38:00+00:00,81516.4,81539.4,81495.1,81525.1,169.51694631028087,81758.41713795933,indecision,down,False,True,0,0
2026-05-06 16:39:00+00:00,81525.1,81607.9,81525.0,81600.1,169.51694631028087,81758.41713795933,bullish_pressure,down,False,True,0,0
2026-05-06 16:40:00+00:00,81600.0,81623.6,81560.3,81620.1,164.30859300240306,81756.03462037597,inside_bullish_weak,down,False,True,0,0
2026-05-06 16:41:00+00:00,81620.0,81656.1,81620.0,81652.5,164.30859300240306,81756.03462037597,bullish_pressure,down,False,True,0,0
2026-05-06 16:42:00+00:00,81652.5,81652.5,81602.4,81618.0,164.30859300240306,81756.03462037597,bearish_pressure,down,False,True,0,0
2026-05-06 16:43:00+00:00,81618.0,81656.9,81602.7,81602.8,164.30859300240306,81756.03462037597,inside_bearish_weak,down,False,True,0,0
2026-05-06 16:44:00+00:00,81602.7,81656.9,81602.7,81638.1,164.30859300240306,81756.03462037597,bullish_pressure,down,False,True,0,0
2026-05-06 16:45:00+00:00,81638.1,81638.1,81616.7,81622.8,157.1436935022314,81753.76462789328,bearish_pressure,down,False,True,0,0
2026-05-06 16:46:00+00:00,81622.9,81638.0,81622.8,81625.5,157.1436935022314,81753.76462789328,inside_bar,down,False,True,0,0
2026-05-06 16:47:00+00:00,81625.0,81642.1,81609.0,81615.1,157.1436935022314,81753.76462789328,inside_bearish_weak,down,False,True,0,0
2026-05-06 16:48:00+00:00,81615.2,81625.0,81583.3,81595.0,157.1436935022314,81753.76462789328,bearish_pressure,down,False,True,0,0
2026-05-06 16:49:00+00:00,81594.9,81647.3,81592.0,81641.4,157.1436935022314,81753.76462789328,bullish_pressure,down,False,True,0,0
2026-05-06 16:50:00+00:00,81641.3,81665.9,81629.3,81649.0,155.73342968064304,81751.22473427163,inside_bullish_weak,down,False,True,0,0
2026-05-06 16:51:00+00:00,81649.1,81762.9,81649.0,81710.5,155.73342968064304,81751.22473427163,exhaustion_up,down,False,True,0,1
2026-05-06 16:52:00+00:00,81710.4,81710.4,81672.6,81682.3,155.73342968064304,81751.22473427163,bearish_pressure,down,False,True,0,0
2026-05-06 16:53:00+00:00,81682.4,81711.3,81668.9,81682.9,155.73342968064304,81751.22473427163,indecision,down,False,True,0,0
2026-05-06 16:54:00+00:00,81682.9,81687.9,81625.5,81625.5,155.73342968064304,81751.22473427163,bearish_pressure,down,False,True,0,0
2026-05-06 16:55:00+00:00,81625.5,81636.8,81589.9,81633.5,155.5667561320253,81747.74107616724,indecision,down,False,True,0,0
2026-05-06 16:56:00+00:00,81633.5,81659.4,81632.4,81659.3,155.5667561320253,81747.74107616724,bullish_pressure,down,False,True,0,0
2026-05-06 16:57:00+00:00,81659.3,81669.4,81575.0,81575.5,155.5667561320253,81747.74107616724,bearish_pressure,down,False,True,0,0
2026-05-06 16:58:00+00:00,81575.5,81595.2,81516.0,81595.2,155.5667561320253,81747.74107616724,inside_bullish_weak,down,False,True,0,0
2026-05-06 16:59:00+00:00,81595.2,81600.0,81552.0,81575.3,155.5667561320253,81747.74107616724,inside_bearish_weak,down,False,True,0,0
2026-05-06 17:00:00+00:00,81575.4,81575.4,81500.0,81508.8,153.654844979738,81744.56006475798,bearish_pressure,down,False,True,0,0
2026-05-06 17:01:00+00:00,81508.9,81524.2,81482.4,81502.9,153.654844979738,81744.56006475798,indecision,down,False,True,0,0
2026-05-06 17:02:00+00:00,81502.9,81557.1,81493.6,81552.0,153.654844979738,81744.56006475798,bullish_pressure,down,False,True,0,0
2026-05-06 17:03:00+00:00,81552.1,81579.3,81534.8,81576.4,153.654844979738,81744.56006475798,bullish_pressure,down,False,True,0,0
2026-05-06 17:04:00+00:00,81576.3,81611.2,81554.5,81587.1,153.654844979738,81744.56006475798,indecision,down,False,True,0,0
2026-05-06 17:05:00+00:00,81587.0,81617.5,81565.4,81579.9,151.52949890975628,81741.374716941,indecision,down,False,True,0,0
2026-05-06 17:06:00+00:00,81579.9,81580.0,81532.8,81554.1,151.52949890975628,81741.374716941,bearish_pressure,down,False,True,0,0
2026-05-06 17:07:00+00:00,81554.1,81586.3,81554.1,81585.9,151.52949890975628,81741.374716941,bullish_pressure,down,False,True,0,0
2026-05-06 17:08:00+00:00,81585.9,81643.3,81585.9,81620.7,151.52949890975628,81741.374716941,bullish_pressure,down,False,True,0,0
2026-05-06 17:09:00+00:00,81620.7,81656.7,81583.7,81583.7,151.52949890975628,81741.374716941,bearish_pressure,down,False,True,0,0
2026-05-06 17:10:00+00:00,81583.8,81626.3,81580.1,81626.2,146.93453470191636,81739.06036611048,bullish_pressure,down,False,True,0,0
2026-05-06 17:11:00+00:00,81626.3,81650.0,81581.1,81581.2,146.93453470191636,81739.06036611048,bearish_pressure,down,False,True,0,0
2026-05-06 17:12:00+00:00,81581.2,81654.5,81581.2,81648.5,146.93453470191636,81739.06036611048,bullish_pressure,down,False,True,0,0
2026-05-06 17:13:00+00:00,81648.5,81667.3,81626.8,81626.8,146.93453470191636,81739.06036611048,bearish_pressure,down,False,True,0,0
2026-05-06 17:14:00+00:00,81626.8,81644.0,81624.4,81624.5,146.93453470191636,81739.06036611048,indecision,down,False,True,0,0
2026-05-06 17:15:00+00:00,81624.5,81624.5,81544.3,81544.4,156.0463536517795,81733.2730321281,bearish_pressure,down,False,True,0,0
2026-05-06 17:16:00+00:00,81544.4,81554.0,81360.6,81400.0,156.0463536517795,81733.2730321281,breakout_down_weak,down,False,True,0,0
2026-05-06 17:17:00+00:00,81400.0,81480.8,81372.2,81372.3,156.0463536517795,81733.2730321281,bearish_pressure,down,False,True,0,0
2026-05-06 17:18:00+00:00,81372.2,81399.9,81350.0,81396.8,156.0463536517795,81733.2730321281,exhaustion_down,down,False,True,1,0
2026-05-06 17:19:00+00:00,81396.7,81453.0,81396.0,81446.8,156.0463536517795,81733.2730321281,bullish_pressure,down,False,True,0,0
2026-05-06 17:20:00+00:00,81446.8,81467.2,81446.8,81464.1,150.0144712480814,81727.77257604635,bullish_pressure,down,False,True,0,0
2026-05-06 17:21:00+00:00,81464.1,81496.3,81451.3,81486.4,150.0144712480814,81727.77257604635,bullish_pressure,down,False,True,0,0
2026-05-06 17:22:00+00:00,81486.4,81486.5,81460.3,81486.3,150.0144712480814,81727.77257604635,inside_bar,down,False,True,0,0
2026-05-06 17:23:00+00:00,81486.3,81511.8,81481.0,81494.7,150.0144712480814,81727.77257604635,inside_bullish_weak,down,False,True,0,0
2026-05-06 17:24:00+00:00,81494.7,81494.7,81440.2,81455.5,150.0144712480814,81727.77257604635,bearish_pressure,down,False,True,0,0
2026-05-06 17:25:00+00:00,81455.5,81470.4,81445.5,81469.2,143.14200901607475,81721.7493567187,bullish_pressure,down,False,True,0,0
2026-05-06 17:26:00+00:00,81469.3,81469.3,81416.6,81447.5,143.14200901607475,81721.7493567187,inside_bearish_weak,down,False,True,0,0
2026-05-06 17:27:00+00:00,81447.5,81457.0,81436.9,81437.7,143.14200901607475,81721.7493567187,bearish_pressure,down,False,True,0,0
2026-05-06 17:28:00+00:00,81437.8,81454.4,81430.0,81454.4,143.14200901607475,81721.7493567187,bullish_pressure,down,False,True,0,0
2026-05-06 17:29:00+00:00,81454.4,81455.3,81418.0,81423.6,143.14200901607475,81721.7493567187,bearish_pressure,down,False,True,0,0
2026-05-06 17:30:00+00:00,81423.6,81461.4,81423.5,81457.0,135.85329408635553,81715.92857737774,bullish_pressure,down,False,True,0,0
2026-05-06 17:31:00+00:00,81456.9,81464.6,81424.4,81461.8,135.85329408635553,81715.92857737774,indecision,down,False,True,0,0
2026-05-06 17:32:00+00:00,81461.8,81461.8,81427.9,81448.3,135.85329408635553,81715.92857737774,inside_bar,down,False,True,0,0
2026-05-06 17:33:00+00:00,81448.2,81460.0,81434.0,81435.6,135.85329408635553,81715.92857737774,bearish_pressure,down,False,True,0,0
2026-05-06 17:34:00+00:00,81435.6,81444.8,81427.7,81427.8,135.85329408635553,81715.92857737774,bearish_pressure,down,False,True,0,0
2026-05-06 17:35:00+00:00,81427.7,81456.4,81415.0,81446.0,129.7637730801877,81710.53989267719,inside_bullish_weak,down,False,True,0,0
2026-05-06 17:36:00+00:00,81446.0,81465.6,81435.1,81437.6,129.7637730801877,81710.53989267719,inside_bearish_weak,down,False,True,0,0
2026-05-06 17:37:00+00:00,81435.7,81449.9,81433.6,81436.3,129.7637730801877,81710.53989267719,indecision,down,False,True,0,0
2026-05-06 17:38:00+00:00,81436.4,81449.9,81436.4,81449.5,129.7637730801877,81710.53989267719,bullish_pressure,down,False,True,0,0
2026-05-06 17:39:00+00:00,81449.4,81449.9,81415.0,81443.8,129.7637730801877,81710.53989267719,indecision,down,False,True,0,0
2026-05-06 17:40:00+00:00,81443.7,81449.5,81424.1,81429.8,127.79493214588835,81706.32326113903,bearish_pressure,down,False,True,0,0
2026-05-06 17:41:00+00:00,81429.8,81437.2,81413.2,81424.0,127.79493214588835,81706.32326113903,inside_bearish_weak,down,False,True,0,0
2026-05-06 17:42:00+00:00,81424.1,81424.1,81417.5,81419.1,127.79493214588835,81706.32326113903,bearish_pressure,down,False,True,0,0
2026-05-06 17:43:00+00:00,81419.0,81450.0,81400.3,81450.0,127.79493214588835,81706.32326113903,bullish_pressure,down,False,True,0,0
2026-05-06 17:44:00+00:00,81450.0,81502.5,81450.0,81497.6,127.79493214588835,81706.32326113903,bullish_pressure,down,False,True,0,0
2026-05-06 17:45:00+00:00,81497.7,81502.5,81468.0,81468.0,130.63100842118203,81700.20398864122,bearish_pressure,down,False,True,0,0
2026-05-06 17:46:00+00:00,81468.0,81468.1,81427.4,81427.4,130.63100842118203,81700.20398864122,bearish_pressure,down,False,True,0,0
2026-05-06 17:47:00+00:00,81427.4,81427.4,81335.0,81393.6,130.63100842118203,81700.20398864122,inside_bearish_weak,down,False,True,0,0
2026-05-06 17:48:00+00:00,81393.7,81415.1,81372.0,81389.7,130.63100842118203,81700.20398864122,inside_bar,down,False,True,0,0
2026-05-06 17:49:00+00:00,81389.7,81397.3,81380.9,81397.3,130.63100842118203,81700.20398864122,bullish_pressure,down,False,True,0,0
2026-05-06 17:50:00+00:00,81397.3,81407.1,81370.0,81400.4,126.44307924824045,81694.19004827208,indecision,down,False,True,0,0
2026-05-06 17:51:00+00:00,81400.4,81406.9,81376.3,81406.9,126.44307924824045,81694.19004827208,inside_bar,down,False,True,0,0
2026-05-06 17:52:00+00:00,81406.9,81406.9,81365.6,81395.6,126.44307924824045,81694.19004827208,inside_bearish_weak,down,False,True,0,0
2026-05-06 17:53:00+00:00,81395.6,81395.7,81335.1,81380.6,126.44307924824045,81694.19004827208,inside_bearish_weak,down,False,True,0,0
2026-05-06 17:54:00+00:00,81380.7,81400.0,81380.7,81396.5,126.44307924824045,81694.19004827208,bullish_pressure,down,False,True,0,0
2026-05-06 17:55:00+00:00,81396.5,81417.7,81369.0,81380.3,123.19714501622327,81688.39420573204,inside_bearish_weak,down,False,True,0,0
2026-05-06 17:56:00+00:00,81380.3,81450.0,81378.0,81447.1,123.19714501622327,81688.39420573204,bullish_pressure,down,False,True,0,0
2026-05-06 17:57:00+00:00,81447.1,81450.0,81410.9,81410.9,123.19714501622327,81688.39420573204,bearish_pressure,down,False,True,0,0
2026-05-06 17:58:00+00:00,81410.9,81417.7,81402.1,81408.0,123.19714501622327,81688.39420573204,indecision,down,False,True,0,0
2026-05-06 17:59:00+00:00,81408.1,81408.1,81395.7,81401.5,123.19714501622327,81688.39420573204,bearish_pressure,down,False,True,0,0
2026-05-06 18:00:00+00:00,81401.6,81428.8,81401.6,81420.7,121.21877751506447,81682.39036007397,bullish_pressure,down,False,True,0,0
2026-05-06 18:01:00+00:00,81420.6,81452.0,81420.6,81439.7,121.21877751506447,81682.39036007397,bullish_pressure,down,False,True,0,0
2026-05-06 18:02:00+00:00,81439.7,81455.8,81396.1,81404.5,121.21877751506447,81682.39036007397,bearish_pressure,down,False,True,0,0
2026-05-06 18:03:00+00:00,81404.6,81439.8,81398.4,81402.3,121.21877751506447,81682.39036007397,inside_bar,down,False,True,0,0
2026-05-06 18:04:00+00:00,81402.3,81402.4,81360.3,81385.2,121.21877751506447,81682.39036007397,inside_bearish_weak,down,False,True,0,0
2026-05-06 18:10:00+00:00,81398.6,81398.7,81342.0,81347.3,126.09374183696927,81672.00895197382,bearish_pressure,down,False,True,0,0
2026-05-06 18:11:00+00:00,81347.4,81365.2,81316.8,81350.0,126.09374183696927,81672.00895197382,indecision,down,False,True,0,0
2026-05-06 18:12:00+00:00,81350.0,81350.0,81213.2,81269.3,126.09374183696927,81672.00895197382,exhaustion_down,down,False,True,1,0
2026-05-06 18:13:00+00:00,81269.4,81390.3,81236.4,81369.0,126.09374183696927,81672.00895197382,bullish_pressure,down,False,True,0,0
2026-05-06 18:14:00+00:00,81369.0,81436.3,81358.1,81436.3,126.09374183696927,81672.00895197382,bullish_pressure,down,False,True,0,0
2026-05-06 18:15:00+00:00,81436.4,81489.9,81428.9,81443.7,123.65847456290003,81667.67016084564,indecision,down,False,True,0,0
2026-05-06 18:16:00+00:00,81443.7,81507.2,81443.4,81507.2,123.65847456290003,81667.67016084564,breakout_up_weak,down,False,True,0,0
2026-05-06 18:17:00+00:00,81507.2,81520.9,81480.8,81507.9,123.65847456290003,81667.67016084564,indecision,down,False,True,0,0
2026-05-06 18:18:00+00:00,81507.9,81516.4,81500.0,81502.4,123.65847456290003,81667.67016084564,inside_bar,down,False,True,0,0
2026-05-06 18:19:00+00:00,81502.4,81502.4,81450.1,81452.9,123.65847456290003,81667.67016084564,bearish_pressure,down,False,True,0,0
2026-05-07 01:20:00+00:00,81029.4,81030.2,80999.7,81010.0,123.84060428928697,81340.9054331968,bearish_pressure,down,False,True,0,0
2026-05-07 01:21:00+00:00,81010.0,81010.1,80916.9,80916.9,123.84060428928697,81340.9054331968,breakout_down_weak,down,False,True,0,0
2026-05-07 01:22:00+00:00,80916.9,80990.0,80916.9,80989.9,123.84060428928697,81340.9054331968,bullish_pressure,down,False,True,0,0
2026-05-07 01:23:00+00:00,80989.9,81100.0,80989.9,81072.3,123.84060428928697,81340.9054331968,bullish_pressure,down,False,True,0,0
2026-05-07 01:24:00+00:00,81072.4,81099.7,81072.3,81094.6,123.84060428928697,81340.9054331968,bullish_pressure,down,False,True,0,0
2026-05-07 01:25:00+00:00,81094.7,81140.0,81090.0,81090.1,122.05198969719525,81337.45780085625,indecision,down,False,True,0,0
2026-05-07 01:26:00+00:00,81090.1,81099.5,81080.3,81099.2,122.05198969719525,81337.45780085625,bullish_pressure,down,False,True,0,0
2026-05-07 01:27:00+00:00,81099.2,81120.0,81097.8,81101.5,122.05198969719525,81337.45780085625,indecision,down,False,True,0,0
2026-05-07 01:28:00+00:00,81101.5,81157.2,81101.4,81140.9,122.05198969719525,81337.45780085625,bullish_pressure,down,False,True,0,0
2026-05-07 01:29:00+00:00,81141.0,81179.1,81140.9,81166.8,122.05198969719525,81337.45780085625,trend_continuation_up,down,False,True,0,0
2026-05-07 01:30:00+00:00,81166.9,81214.4,81155.0,81203.7,122.64827614739518,81332.65665628485,trend_continuation_up,down,False,True,0,0
2026-05-07 01:31:00+00:00,81203.7,81208.8,81165.7,81175.7,122.64827614739518,81332.65665628485,bearish_pressure,down,False,True,0,0
2026-05-07 01:32:00+00:00,81175.7,81196.3,81170.3,81196.3,122.64827614739518,81332.65665628485,trend_continuation_up,down,False,True,0,0
2026-05-07 01:33:00+00:00,81196.2,81205.2,81141.1,81154.4,122.64827614739518,81332.65665628485,bearish_pressure,down,False,True,0,0
2026-05-07 01:34:00+00:00,81154.4,81154.4,81084.0,81095.0,122.64827614739518,81332.65665628485,bearish_pressure,down,False,True,0,0
2026-05-07 01:35:00+00:00,81095.0,81136.4,81089.7,81133.1,122.80197070829573,81330.3149403188,bullish_pressure,down,False,True,0,0
2026-05-07 01:36:00+00:00,81133.1,81150.0,81128.2,81135.0,122.80197070829573,81330.3149403188,indecision,down,False,True,0,0
2026-05-07 01:37:00+00:00,81135.0,81172.8,81129.4,81172.8,122.80197070829573,81330.3149403188,bullish_pressure,down,False,True,0,0
2026-05-07 01:38:00+00:00,81172.8,81203.4,81172.7,81185.6,122.80197070829573,81330.3149403188,inside_bullish_weak,down,False,True,0,0
2026-05-07 01:39:00+00:00,81185.7,81214.5,81185.6,81214.4,122.80197070829573,81330.3149403188,bullish_pressure,down,False,True,0,0
2026-05-07 13:30:00+00:00,80915.1,80927.2,80881.5,80906.3,121.55721193678407,81031.25876144365,indecision,neutral,False,True,0,0
2026-05-07 13:31:00+00:00,80906.4,80906.4,80827.1,80839.5,121.55721193678407,81031.25876144365,breakout_down_weak,neutral,False,True,0,0
2026-05-07 13:32:00+00:00,80839.5,80849.5,80703.7,80801.1,121.55721193678407,81031.25876144365,exhaustion_down,neutral,False,True,0,0
2026-05-07 13:33:00+00:00,80801.1,80832.1,80763.1,80792.9,121.55721193678407,81031.25876144365,exhaustion_down,neutral,False,True,0,0
2026-05-07 13:34:00+00:00,80792.9,80807.0,80760.0,80775.2,121.55721193678407,81031.25876144365,breakout_down_weak,neutral,False,True,0,0
2026-05-07 13:35:00+00:00,80775.3,80809.0,80763.1,80770.1,127.0888396555852,81023.61997408832,trend_continuation_down,neutral,False,True,0,0
2026-05-07 13:36:00+00:00,80770.2,80770.2,80653.8,80700.8,127.0888396555852,81023.61997408832,exhaustion_down,neutral,False,True,0,0
2026-05-07 13:37:00+00:00,80700.7,80711.9,80661.8,80711.9,127.0888396555852,81023.61997408832,exhaustion_down,neutral,False,True,0,0
2026-05-07 13:38:00+00:00,80711.8,80711.8,80610.0,80699.9,127.0888396555852,81023.61997408832,exhaustion_down,neutral,False,True,0,0
2026-05-07 13:39:00+00:00,80700.0,80700.0,80645.5,80645.5,127.0888396555852,81023.61997408832,breakout_down_strong,neutral,False,True,0,0
2026-05-07 13:40:00+00:00,80645.5,80676.3,80604.9,80623.2,129.51106539447196,81013.70472707666,bearish_pressure,neutral,False,True,0,0
2026-05-07 13:41:00+00:00,80623.2,80635.5,80572.0,80607.5,129.51106539447196,81013.70472707666,exhaustion_down,neutral,False,True,0,0
2026-05-07 13:42:00+00:00,80607.6,80677.0,80607.5,80620.1,129.51106539447196,81013.70472707666,trend_continuation_down,neutral,False,True,0,0
2026-05-07 13:43:00+00:00,80620.1,80640.0,80577.5,80582.1,129.51106539447196,81013.70472707666,breakout_down_weak,neutral,False,True,0,0
2026-05-07 13:44:00+00:00,80582.1,80613.6,80516.0,80522.9,129.51106539447196,81013.70472707666,bearish_pressure,neutral,False,True,0,0
2026-05-07 13:45:00+00:00,80522.8,80600.0,80422.5,80422.6,146.26027500915254,80999.1660196098,bearish_pressure,down,False,True,0,0
2026-05-07 13:46:00+00:00,80422.6,80551.5,80410.0,80508.8,146.26027500915254,80999.1660196098,trend_continuation_down,down,False,True,0,0
2026-05-07 13:47:00+00:00,80508.7,80528.0,80257.7,80383.5,146.26027500915254,80999.1660196098,exhaustion_down,down,False,True,1,0
2026-05-07 13:52:00+00:00,80278.5,80456.5,80267.6,80456.5,156.74168393707018,80988.17263308287,bullish_pressure,down,False,True,0,0
2026-05-07 13:53:00+00:00,80456.4,80460.0,80350.0,80395.5,156.74168393707018,80988.17263308287,exhaustion_down,down,False,True,1,0
2026-05-07 13:54:00+00:00,80395.5,80480.9,80395.5,80444.0,156.74168393707018,80988.17263308287,bullish_pressure,down,False,True,0,0
2026-05-07 13:55:00+00:00,80444.0,80503.1,80443.9,80453.2,153.0172779415656,80977.66426411094,indecision,down,False,True,0,0
2026-05-07 13:56:00+00:00,80453.2,80520.0,80453.0,80506.0,153.0172779415656,80977.66426411094,bullish_pressure,down,False,True,0,0
2026-05-07 13:57:00+00:00,80506.2,80548.5,80505.2,80507.3,153.0172779415656,80977.66426411094,indecision,down,False,True,0,0
2026-05-07 13:58:00+00:00,80507.3,80528.2,80453.0,80480.0,153.0172779415656,80977.66426411094,inside_bearish_weak,down,False,True,0,0
2026-05-07 13:59:00+00:00,80480.1,80500.0,80450.0,80457.5,153.0172779415656,80977.66426411094,bearish_pressure,down,False,True,0,0
2026-05-07 14:00:00+00:00,80457.6,80504.1,80414.8,80447.7,152.82318666002433,80965.99962521765,indecision,down,False,True,0,0
2026-05-07 14:01:00+00:00,80447.6,80495.1,80444.8,80495.1,152.82318666002433,80965.99962521765,bullish_pressure,down,False,True,0,0
2026-05-07 14:02:00+00:00,80495.0,80512.4,80460.7,80473.1,152.82318666002433,80965.99962521765,inside_bearish_weak,down,False,True,0,0
2026-05-07 14:03:00+00:00,80473.0,80492.6,80439.8,80492.6,152.82318666002433,80965.99962521765,inside_bullish_weak,down,False,True,0,0
2026-05-07 14:04:00+00:00,80492.6,80492.6,80362.1,80388.6,152.82318666002433,80965.99962521765,bearish_pressure,down,False,True,0,0
2026-05-07 14:05:00+00:00,80388.6,80396.8,80316.0,80349.7,153.521530470023,80956.15012768858,exhaustion_down,down,False,True,1,0
2026-05-07 14:14:00+00:00,80630.3,80649.5,80619.2,80619.2,158.16999257930644,80949.47784793237,exhaustion_up,down,False,True,0,1
2026-05-07 14:15:00+00:00,80619.2,80645.1,80521.5,80526.6,165.6792788236419,80939.03670242877,bearish_pressure,down,False,True,0,0
2026-05-07 14:16:00+00:00,80526.6,80586.5,80460.0,80522.1,165.6792788236419,80939.03670242877,indecision,down,False,True,0,0
2026-05-07 14:17:00+00:00,80522.0,80522.0,80450.0,80467.6,165.6792788236419,80939.03670242877,bearish_pressure,down,False,True,0,0
2026-05-07 14:18:00+00:00,80467.6,80473.8,80381.8,80436.9,165.6792788236419,80939.03670242877,inside_bearish_weak,down,False,True,0,0
2026-05-07 14:19:00+00:00,80436.9,80473.8,80422.2,80422.2,165.6792788236419,80939.03670242877,inside_bar,down,False,True,0,0
2026-05-07 14:20:00+00:00,80422.2,80436.3,80390.5,80436.3,163.1593303362385,80929.84983703414,inside_bullish_weak,down,False,True,0,0
2026-05-07 14:21:00+00:00,80436.3,80465.0,80394.7,80404.3,163.1593303362385,80929.84983703414,bearish_pressure,down,False,True,0,0
2026-05-07 14:22:00+00:00,80404.2,80465.5,80404.2,80428.2,163.1593303362385,80929.84983703414,inside_bullish_weak,down,False,True,0,0
2026-05-07 14:23:00+00:00,80428.2,80450.1,80389.5,80450.1,163.1593303362385,80929.84983703414,inside_bullish_weak,down,False,True,0,0
2026-05-07 14:24:00+00:00,80450.1,80519.9,80450.0,80475.1,163.1593303362385,80929.84983703414,inside_bullish_weak,down,False,True,0,0
2026-05-07 14:25:00+00:00,80475.1,80484.7,80409.2,80416.7,162.9408067407933,80918.74587986515,bearish_pressure,down,False,True,0,0
2026-05-07 14:26:00+00:00,80416.7,80426.5,80404.2,80404.8,162.9408067407933,80918.74587986515,bearish_pressure,down,False,True,0,0
2026-05-07 14:27:00+00:00,80404.7,80450.0,80400.0,80450.0,162.9408067407933,80918.74587986515,bullish_pressure,down,False,True,0,0
2026-05-07 14:28:00+00:00,80450.0,80515.5,80368.0,80368.0,162.9408067407933,80918.74587986515,bearish_pressure,down,False,True,0,0
2026-05-07 14:29:00+00:00,80368.0,80402.0,80355.4,80369.1,162.9408067407933,80918.74587986515,indecision,down,False,True,0,0
2026-05-07 14:30:00+00:00,80369.1,80406.3,80340.0,80350.2,171.037891973594,80903.80437729356,inside_bearish_weak,down,False,True,0,0
2026-05-07 14:31:00+00:00,80350.2,80350.3,80236.4,80307.8,171.037891973594,80903.80437729356,exhaustion_down,down,False,True,1,0
2026-05-07 14:32:00+00:00,80307.9,80311.1,80130.0,80239.7,171.037891973594,80903.80437729356,exhaustion_down,down,False,True,1,0
2026-05-07 14:33:00+00:00,80239.6,80239.7,80158.0,80158.2,171.037891973594,80903.80437729356,bearish_pressure,down,False,True,0,0
2026-05-07 14:34:00+00:00,80158.2,80212.8,80150.0,80164.2,171.037891973594,80903.80437729356,bearish_pressure,down,False,True,0,0
2026-05-07 14:35:00+00:00,80164.3,80191.9,80126.9,80126.9,172.520899689765,80887.79835002043,breakout_down_strong,down,False,True,0,0
2026-05-07 14:36:00+00:00,80126.9,80183.1,80126.9,80140.4,172.520899689765,80887.79835002043,bearish_pressure,down,False,True,0,0
2026-05-07 14:37:00+00:00,80140.4,80148.1,80061.0,80061.0,172.520899689765,80887.79835002043,breakout_down_strong,down,False,True,0,0
2026-05-07 14:38:00+00:00,80061.1,80081.0,80000.1,80018.7,172.520899689765,80887.79835002043,bearish_pressure,down,False,True,0,0
2026-05-07 14:39:00+00:00,80018.7,80121.8,80010.1,80095.5,172.520899689765,80887.79835002043,breakout_down_weak,down,False,True,0,0
2026-05-07 14:40:00+00:00,80095.6,80172.1,80082.5,80093.3,169.55512114049608,80872.51521437647,trend_continuation_down,down,False,True,0,0
2026-05-07 14:41:00+00:00,80093.3,80093.3,80041.1,80074.2,169.55512114049608,80872.51521437647,exhaustion_down,down,False,True,1,0
2026-05-07 14:42:00+00:00,80074.1,80130.2,80074.1,80114.8,169.55512114049608,80872.51521437647,breakout_down_weak,down,False,True,0,0
2026-05-07 14:43:00+00:00,80114.8,80160.0,80102.7,80142.0,169.55512114049608,80872.51521437647,bullish_pressure,down,False,True,0,0
2026-05-07 14:44:00+00:00,80142.0,80158.4,80105.0,80116.0,169.55512114049608,80872.51521437647,bearish_pressure,down,False,True,0,0
2026-05-07 14:45:00+00:00,80115.9,80133.2,80091.2,80132.1,167.52261248760394,80858.90105171555,inside_bullish_weak,down,False,True,0,0
2026-05-07 14:46:00+00:00,80132.0,80194.5,80100.0,80193.3,167.52261248760394,80858.90105171555,bullish_pressure,down,False,True,0,0
2026-05-07 14:47:00+00:00,80193.4,80229.1,80130.0,80131.6,167.52261248760394,80858.90105171555,bearish_pressure,down,False,True,0,0
2026-05-07 14:48:00+00:00,80131.7,80172.2,80088.0,80125.4,167.52261248760394,80858.90105171555,indecision,down,False,True,0,0
2026-05-07 14:49:00+00:00,80125.4,80185.0,80100.1,80185.0,167.52261248760394,80858.90105171555,bullish_pressure,down,False,True,0,0
2026-05-07 14:50:00+00:00,80185.0,80235.0,80171.9,80228.9,162.3138544527755,80846.43568435484,bullish_pressure,down,False,True,0,0
2026-05-07 14:51:00+00:00,80228.8,80263.9,80207.1,80256.2,162.3138544527755,80846.43568435484,bullish_pressure,down,False,True,0,0
2026-05-07 14:52:00+00:00,80256.2,80266.5,80208.5,80208.6,162.3138544527755,80846.43568435484,bearish_pressure,down,False,True,0,0
2026-05-07 14:53:00+00:00,80208.5,80263.8,80205.4,80263.8,162.3138544527755,80846.43568435484,bullish_pressure,down,False,True,0,0
2026-05-07 14:54:00+00:00,80263.8,80265.0,80220.7,80229.4,162.3138544527755,80846.43568435484,bearish_pressure,down,False,True,0,0
2026-05-07 14:55:00+00:00,80229.4,80277.0,80229.1,80229.1,164.22000770614866,80832.25081931811,indecision,down,False,True,0,0
2026-05-07 14:56:00+00:00,80229.1,80229.1,80155.7,80176.4,164.22000770614866,80832.25081931811,bearish_pressure,down,False,True,0,0
2026-05-07 14:57:00+00:00,80176.4,80176.5,80140.0,80140.1,164.22000770614866,80832.25081931811,bearish_pressure,down,False,True,0,0
2026-05-07 14:58:00+00:00,80140.0,80149.9,80088.0,80088.1,164.22000770614866,80832.25081931811,trend_continuation_down,down,False,True,0,0
2026-05-07 14:59:00+00:00,80088.0,80134.2,80088.0,80130.1,164.22000770614866,80832.25081931811,bullish_pressure,down,False,True,0,0
2026-05-07 15:00:00+00:00,80130.2,80137.6,80057.1,80060.1,160.26857858428048,80817.74288230191,trend_continuation_down,down,False,True,0,0
2026-05-07 15:01:00+00:00,80060.0,80096.8,80041.1,80076.7,160.26857858428048,80817.74288230191,inside_bullish_weak,down,False,True,0,0
2026-05-07 15:02:00+00:00,80076.7,80149.9,80076.6,80105.3,160.26857858428048,80817.74288230191,inside_bullish_weak,down,False,True,0,0
2026-05-07 15:03:00+00:00,80105.3,80150.0,80096.3,80133.7,160.26857858428048,80817.74288230191,bullish_pressure,down,False,True,0,0
2026-05-07 15:04:00+00:00,80133.7,80133.7,80085.0,80099.6,160.26857858428048,80817.74288230191,bearish_pressure,down,False,True,0,0
2026-05-07 15:05:00+00:00,80099.6,80109.8,80047.2,80047.3,163.8065372568321,80806.17767671178,bearish_pressure,down,False,True,0,0
2026-05-07 15:06:00+00:00,80047.3,80075.2,80023.9,80049.6,163.8065372568321,80806.17767671178,indecision,down,False,True,0,0
2026-05-07 15:07:00+00:00,80049.7,80136.8,80043.8,80128.2,163.8065372568321,80806.17767671178,bullish_pressure,down,False,True,0,0
2026-05-07 15:08:00+00:00,80128.1,80222.0,80125.4,80200.5,163.8065372568321,80806.17767671178,bullish_pressure,down,False,True,0,0
2026-05-07 15:09:00+00:00,80200.5,80233.7,80181.8,80233.7,163.8065372568321,80806.17767671178,bullish_pressure,down,False,True,0,0
2026-05-07 15:10:00+00:00,80233.7,80242.3,80191.5,80191.5,163.02035602420142,80792.55237618284,bearish_pressure,down,False,True,0,0
2026-05-07 15:11:00+00:00,80191.4,80204.8,80164.0,80173.6,163.02035602420142,80792.55237618284,inside_bearish_weak,down,False,True,0,0
2026-05-07 15:12:00+00:00,80173.5,80186.7,80133.6,80173.4,163.02035602420142,80792.55237618284,indecision,down,False,True,0,0
2026-05-07 15:13:00+00:00,80173.4,80173.5,80089.5,80106.4,163.02035602420142,80792.55237618284,bearish_pressure,down,False,True,0,0
2026-05-07 15:14:00+00:00,80106.4,80130.8,80102.1,80118.1,163.02035602420142,80792.55237618284,inside_bar,down,False,True,0,0
2026-05-07 15:15:00+00:00,80118.1,80150.0,80110.5,80142.1,175.9331877367587,80775.73351724852,bullish_pressure,down,False,True,0,0
2026-05-07 15:16:00+00:00,80142.1,80179.5,80128.2,80159.1,175.9331877367587,80775.73351724852,inside_bullish_weak,down,False,True,0,0
2026-05-07 15:17:00+00:00,80159.1,80173.9,80093.8,80093.8,175.9331877367587,80775.73351724852,bearish_pressure,down,False,True,0,0
2026-05-07 15:18:00+00:00,80093.9,80093.9,79835.7,79939.8,175.9331877367587,80775.73351724852,exhaustion_down,down,False,True,1,0
2026-05-07 15:27:00+00:00,79702.3,79801.8,79674.2,79794.0,187.3383098342456,80737.87448314407,trend_continuation_down,down,False,True,0,0
2026-05-07 15:28:00+00:00,79794.0,79797.5,79702.6,79779.3,187.3383098342456,80737.87448314407,exhaustion_down,down,False,True,1,0
2026-05-07 15:29:00+00:00,79779.3,79818.6,79750.0,79818.5,187.3383098342456,80737.87448314407,exhaustion_down,down,False,True,1,0
2026-05-07 15:30:00+00:00,79818.5,79875.1,79755.1,79862.3,191.3784305603705,80722.0908300125,inside_bullish_weak,down,False,True,0,0
2026-05-07 15:31:00+00:00,79862.4,79912.5,79858.3,79903.9,191.3784305603705,80722.0908300125,bullish_pressure,down,False,True,0,0
2026-05-07 15:32:00+00:00,79903.9,79999.0,79903.8,79960.1,191.3784305603705,80722.0908300125,bullish_pressure,down,False,True,0,0
2026-05-07 15:33:00+00:00,79960.1,79963.9,79886.7,79920.9,191.3784305603705,80722.0908300125,bearish_pressure,down,False,True,0,0
2026-05-07 15:34:00+00:00,79920.8,79967.9,79911.1,79940.8,191.3784305603705,80722.0908300125,inside_bullish_weak,down,False,True,0,0
2026-05-07 15:35:00+00:00,79940.9,79940.9,79917.6,79928.8,187.0871140917728,80706.46526902216,bearish_pressure,down,False,True,0,0
2026-05-07 15:36:00+00:00,79928.8,80003.3,79919.2,79988.3,187.0871140917728,80706.46526902216,bullish_pressure,down,False,True,0,0
2026-05-07 15:37:00+00:00,79988.3,80014.0,79978.7,79978.8,187.0871140917728,80706.46526902216,inside_bearish_weak,down,False,True,0,0
2026-05-07 15:38:00+00:00,79978.7,79979.2,79950.4,79950.5,187.0871140917728,80706.46526902216,bearish_pressure,down,False,True,0,0
2026-05-07 15:39:00+00:00,79950.4,79953.8,79882.7,79933.0,187.0871140917728,80706.46526902216,inside_bearish_weak,down,False,True,0,0
2026-05-07 15:40:00+00:00,79932.9,79932.9,79890.4,79890.5,184.09517737093168,80691.23427359597,bearish_pressure,down,False,True,0,0
2026-05-07 15:41:00+00:00,79890.4,79922.1,79878.8,79922.1,184.09517737093168,80691.23427359597,bullish_pressure,down,False,True,0,0
2026-05-07 15:42:00+00:00,79922.1,80000.3,79910.6,80000.3,184.09517737093168,80691.23427359597,bullish_pressure,down,False,True,0,0
2026-05-07 15:43:00+00:00,80000.3,80024.0,79950.0,79950.0,184.09517737093168,80691.23427359597,bearish_pressure,down,False,True,0,0
2026-05-07 15:44:00+00:00,79950.1,79950.2,79928.8,79937.3,184.09517737093168,80691.23427359597,bearish_pressure,down,False,True,0,0
2026-05-07 15:45:00+00:00,79937.3,79992.0,79925.1,79980.2,177.3383789872937,80677.27913946536,bullish_pressure,down,False,True,0,0
2026-05-07 15:46:00+00:00,79980.2,80001.3,79946.2,80001.3,177.3383789872937,80677.27913946536,inside_bullish_weak,down,False,True,0,0
2026-05-07 15:47:00+00:00,80001.3,80001.3,79960.2,79968.7,177.3383789872937,80677.27913946536,bearish_pressure,down,False,True,0,0
2026-05-07 15:48:00+00:00,79968.7,80000.0,79968.7,79973.7,177.3383789872937,80677.27913946536,inside_bar,down,False,True,0,0
2026-05-07 15:49:00+00:00,79973.8,80014.6,79968.7,79986.5,177.3383789872937,80677.27913946536,inside_bullish_weak,down,False,True,0,0
2026-05-07 15:50:00+00:00,79986.6,79997.3,79967.3,79997.3,174.2284947739158,80663.47757234724,inside_bullish_weak,down,False,True,0,0
2026-05-07 15:51:00+00:00,79997.3,80021.5,79936.0,79943.6,174.2284947739158,80663.47757234724,bearish_pressure,down,False,True,0,0
2026-05-07 15:52:00+00:00,79943.7,79943.7,79904.0,79918.9,174.2284947739158,80663.47757234724,bearish_pressure,down,False,True,0,0
2026-05-07 15:53:00+00:00,79918.8,79964.7,79918.0,79955.9,174.2284947739158,80663.47757234724,bullish_pressure,down,False,True,0,0
2026-05-07 15:54:00+00:00,79955.9,80037.8,79955.8,79980.3,174.2284947739158,80663.47757234724,inside_bullish_weak,down,False,True,0,0
2026-05-07 15:55:00+00:00,79980.2,79980.3,79918.9,79940.7,173.54074514720793,80647.59880853839,bearish_pressure,down,False,True,0,0
2026-05-07 15:56:00+00:00,79940.7,79946.2,79912.5,79927.9,173.54074514720793,80647.59880853839,inside_bearish_weak,down,False,True,0,0
2026-05-07 15:57:00+00:00,79927.9,79956.8,79871.1,79871.1,173.54074514720793,80647.59880853839,bearish_pressure,down,False,True,0,0
2026-05-07 15:58:00+00:00,79871.2,79871.2,79818.0,79818.1,173.54074514720793,80647.59880853839,trend_continuation_down,down,False,True,0,0
2026-05-07 15:59:00+00:00,79818.0,79861.6,79815.7,79861.6,173.54074514720793,80647.59880853839,bullish_pressure,down,False,True,0,0
2026-05-07 16:00:00+00:00,79861.5,79865.3,79783.1,79823.5,171.26640620812145,80631.03051530001,bearish_pressure,down,False,True,0,0
2026-05-07 16:01:00+00:00,79823.5,79870.0,79812.0,79830.7,171.26640620812145,80631.03051530001,indecision,down,False,True,0,0
2026-05-07 16:02:00+00:00,79830.6,79885.0,79817.2,79885.0,171.26640620812145,80631.03051530001,bullish_pressure,down,False,True,0,0
2026-05-07 16:03:00+00:00,79885.0,79924.8,79874.2,79903.5,171.26640620812145,80631.03051530001,inside_bullish_weak,down,False,True,0,0
2026-05-07 16:04:00+00:00,79903.4,79903.5,79810.8,79810.9,171.26640620812145,80631.03051530001,bearish_pressure,down,False,True,0,0
2026-05-07 16:05:00+00:00,79810.8,79810.8,79745.6,79783.3,169.2830914789699,80614.63783182873,exhaustion_down,down,False,True,1,0
2026-05-07 16:06:00+00:00,79783.4,79787.2,79732.9,79745.0,169.2830914789699,80614.63783182873,trend_continuation_down,down,False,True,0,0
2026-05-07 16:07:00+00:00,79745.0,79754.3,79667.4,79675.3,169.2830914789699,80614.63783182873,breakout_down_strong,down,False,True,0,0
2026-05-07 16:08:00+00:00,79675.2,79784.2,79671.1,79757.7,169.2830914789699,80614.63783182873,bullish_pressure,down,False,True,0,0
2026-05-07 16:09:00+00:00,79757.8,79807.6,79723.7,79803.2,169.2830914789699,80614.63783182873,bullish_pressure,down,False,True,0,0
2026-05-07 16:10:00+00:00,79803.2,79806.1,79774.6,79782.8,165.05572780190104,80598.55985496084,bearish_pressure,down,False,True,0,0
2026-05-07 16:11:00+00:00,79782.7,79801.5,79733.5,79747.3,165.05572780190104,80598.55985496084,bearish_pressure,down,False,True,0,0
2026-05-07 16:12:00+00:00,79747.3,79763.9,79700.0,79749.4,165.05572780190104,80598.55985496084,indecision,down,False,True,0,0
2026-05-07 16:13:00+00:00,79749.4,79800.0,79739.1,79766.4,165.05572780190104,80598.55985496084,inside_bullish_weak,down,False,True,0,0
2026-05-07 16:14:00+00:00,79766.4,79810.1,79766.3,79802.7,165.05572780190104,80598.55985496084,bullish_pressure,down,False,True,0,0
2026-05-07 16:15:00+00:00,79802.8,79802.8,79681.0,79720.0,162.60889010176544,80581.15470931806,bearish_pressure,down,False,True,0,0
2026-05-07 16:16:00+00:00,79720.1,79731.4,79672.0,79708.1,162.60889010176544,80581.15470931806,inside_bearish_weak,down,False,True,0,0
2026-05-07 16:17:00+00:00,79708.1,79765.8,79678.6,79765.8,162.60889010176544,80581.15470931806,bullish_pressure,down,False,True,0,0
2026-05-07 16:18:00+00:00,79765.8,79766.7,79699.0,79699.0,162.60889010176544,80581.15470931806,bearish_pressure,down,False,True,0,0
2026-05-07 16:19:00+00:00,79699.1,79719.7,79675.5,79719.6,162.60889010176544,80581.15470931806,bullish_pressure,down,False,True,0,0
2026-05-07 16:20:00+00:00,79719.7,79800.0,79711.8,79800.0,164.1868265230677,80567.2704576484,bullish_pressure,down,False,True,0,0
2026-05-07 16:21:00+00:00,79800.0,79839.6,79763.9,79796.2,164.1868265230677,80567.2704576484,indecision,down,False,True,0,0
2026-05-07 16:22:00+00:00,79796.2,79866.6,79796.2,79861.6,164.1868265230677,80567.2704576484,bullish_pressure,down,False,True,0,0
2026-05-07 16:23:00+00:00,79861.5,79896.5,79847.8,79885.2,164.1868265230677,80567.2704576484,bullish_pressure,down,False,True,0,0
2026-05-07 16:24:00+00:00,79885.5,79890.0,79825.9,79880.0,164.1868265230677,80567.2704576484,indecision,down,False,True,0,0
2026-05-07 16:25:00+00:00,79880.0,79927.4,79874.6,79927.3,159.67348177142003,80555.23341888307,breakout_up_weak,down,False,True,0,0
2026-05-07 16:26:00+00:00,79927.3,79969.0,79918.5,79958.4,159.67348177142003,80555.23341888307,trend_continuation_up,down,False,True,0,0
2026-05-07 16:27:00+00:00,79958.5,79975.6,79938.9,79948.2,159.67348177142003,80555.23341888307,exhaustion_up,down,False,True,0,1
2026-05-07 16:28:00+00:00,79948.2,79963.8,79924.0,79950.3,159.67348177142003,80555.23341888307,trend_continuation_up,down,False,True,0,0
2026-05-07 16:29:00+00:00,79950.2,79959.4,79920.1,79959.4,159.67348177142003,80555.23341888307,breakout_up_weak,down,False,True,0,0
2026-05-07 16:30:00+00:00,79959.3,79965.6,79940.0,79942.4,158.18251878774737,80541.46642048935,bearish_pressure,down,False,True,0,0
2026-05-07 16:31:00+00:00,79942.4,79953.7,79921.6,79925.3,158.18251878774737,80541.46642048935,bearish_pressure,down,False,True,0,0
2026-05-07 16:32:00+00:00,79925.3,79970.3,79925.2,79949.3,158.18251878774737,80541.46642048935,bullish_pressure,down,False,True,0,0
2026-05-07 16:33:00+00:00,79949.2,79991.7,79918.5,79918.5,158.18251878774737,80541.46642048935,inside_bearish_weak,down,False,True,0,0
2026-05-07 16:34:00+00:00,79918.5,79943.5,79852.9,79860.0,158.18251878774737,80541.46642048935,bearish_pressure,down,False,True,0,0
2026-05-07 16:35:00+00:00,79860.0,79860.1,79767.2,79779.4,156.77662458862255,80526.41758047965,bearish_pressure,down,False,True,0,0
2026-05-07 16:36:00+00:00,79779.4,79798.9,79768.6,79781.9,156.77662458862255,80526.41758047965,inside_bar,down,False,True,0,0
2026-05-07 16:37:00+00:00,79782.0,79792.4,79755.0,79780.1,156.77662458862255,80526.41758047965,indecision,down,False,True,0,0
2026-05-07 16:38:00+00:00,79780.0,79780.3,79721.6,79721.6,156.77662458862255,80526.41758047965,breakout_down_weak,down,False,True,0,0
2026-05-07 16:39:00+00:00,79721.7,79781.5,79721.6,79781.5,156.77662458862255,80526.41758047965,bullish_pressure,down,False,True,0,0
2026-05-07 16:40:00+00:00,79781.4,79781.5,79733.4,79771.9,154.55686568943605,80513.2033709652,inside_bar,down,False,True,0,0
2026-05-07 16:41:00+00:00,79771.9,79831.6,79767.2,79826.7,154.55686568943605,80513.2033709652,bullish_pressure,down,False,True,0,0
2026-05-07 16:42:00+00:00,79826.6,79827.2,79791.2,79794.5,154.55686568943605,80513.2033709652,bearish_pressure,down,False,True,0,0
2026-05-07 16:43:00+00:00,79794.5,79831.6,79793.0,79793.1,154.55686568943605,80513.2033709652,indecision,down,False,True,0,0
2026-05-07 16:44:00+00:00,79793.1,79859.1,79793.0,79859.1,154.55686568943605,80513.2033709652,bullish_pressure,down,False,True,0,0
2026-05-07 16:45:00+00:00,79859.1,79880.9,79835.1,79865.1,149.45280385447572,80500.24488837183,indecision,down,False,True,0,0
2026-05-07 16:46:00+00:00,79865.2,79891.8,79858.8,79876.8,149.45280385447572,80500.24488837183,inside_bullish_weak,down,False,True,0,0
2026-05-07 16:47:00+00:00,79876.9,79918.2,79853.9,79874.0,149.45280385447572,80500.24488837183,indecision,down,False,True,0,0
2026-05-07 16:48:00+00:00,79874.0,79906.9,79874.0,79883.9,149.45280385447572,80500.24488837183,inside_bar,down,False,True,0,0
2026-05-07 16:49:00+00:00,79883.9,79892.0,79857.3,79858.8,149.45280385447572,80500.24488837183,bearish_pressure,down,False,True,0,0
2026-05-07 16:50:00+00:00,79858.8,79873.6,79831.7,79844.6,143.8133178648703,80487.13904899813,inside_bearish_weak,down,False,True,0,0
2026-05-07 16:51:00+00:00,79844.6,79844.7,79814.4,79819.7,143.8133178648703,80487.13904899813,bearish_pressure,down,False,True,0,0
2026-05-07 16:52:00+00:00,79819.8,79847.6,79809.8,79809.8,143.8133178648703,80487.13904899813,inside_bearish_weak,down,False,True,0,0
2026-05-07 16:53:00+00:00,79809.8,79833.4,79803.1,79803.1,143.8133178648703,80487.13904899813,inside_bearish_weak,down,False,True,0,0
2026-05-07 16:54:00+00:00,79803.2,79848.0,79803.2,79838.4,143.8133178648703,80487.13904899813,bullish_pressure,down,False,True,0,0
2026-05-07 16:55:00+00:00,79838.3,79867.2,79822.7,79838.0,144.9837951602365,80472.80560248332,indecision,down,False,True,0,0
2026-05-07 16:56:00+00:00,79837.9,79838.1,79763.5,79765.0,144.9837951602365,80472.80560248332,bearish_pressure,down,False,True,0,0
2026-05-07 16:57:00+00:00,79764.9,79784.8,79707.0,79722.7,144.9837951602365,80472.80560248332,trend_continuation_down,down,False,True,0,0
2026-05-07 16:58:00+00:00,79722.8,79764.3,79711.0,79750.2,144.9837951602365,80472.80560248332,bullish_pressure,down,False,True,0,0
2026-05-07 16:59:00+00:00,79750.1,79779.8,79750.1,79763.3,144.9837951602365,80472.80560248332,inside_bullish_weak,down,False,True,0,0
2026-05-07 17:00:00+00:00,79763.3,79776.0,79734.6,79776.0,142.24923836307656,80459.60153114703,inside_bullish_weak,down,False,True,0,0
2026-05-07 17:01:00+00:00,79775.9,79775.9,79749.3,79773.4,142.24923836307656,80459.60153114703,inside_bar,down,False,True,0,0
2026-05-07 17:02:00+00:00,79773.5,79841.3,79741.4,79825.3,142.24923836307656,80459.60153114703,bullish_pressure,down,False,True,0,0
2026-05-07 17:03:00+00:00,79825.1,79837.1,79793.1,79836.3,142.24923836307656,80459.60153114703,inside_bar,down,False,True,0,0
2026-05-07 17:04:00+00:00,79836.4,79836.4,79791.5,79806.0,142.24923836307656,80459.60153114703,bearish_pressure,down,False,True,0,0
2026-05-07 17:05:00+00:00,79806.0,79833.6,79780.0,79791.8,140.66000705142824,80446.89060973817,inside_bearish_weak,down,False,True,0,0
2026-05-07 17:06:00+00:00,79791.9,79873.8,79791.9,79871.3,140.66000705142824,80446.89060973817,bullish_pressure,down,False,True,0,0
2026-05-07 17:07:00+00:00,79871.4,79894.6,79858.4,79858.4,140.66000705142824,80446.89060973817,inside_bearish_weak,down,False,True,0,0
2026-05-07 17:08:00+00:00,79858.4,79900.0,79858.4,79900.0,140.66000705142824,80446.89060973817,bullish_pressure,down,False,True,0,0
2026-05-07 17:09:00+00:00,79899.9,79900.0,79808.3,79817.7,140.66000705142824,80446.89060973817,bearish_pressure,down,False,True,0,0
2026-05-07 17:10:00+00:00,79817.7,79832.2,79796.0,79796.1,136.08429226204092,80435.17000360474,bearish_pressure,down,False,True,0,0
2026-05-07 17:11:00+00:00,79796.0,79815.4,79778.4,79815.4,136.08429226204092,80435.17000360474,bullish_pressure,down,False,True,0,0
2026-05-07 17:12:00+00:00,79815.3,79840.8,79805.0,79806.8,136.08429226204092,80435.17000360474,inside_bearish_weak,down,False,True,0,0
2026-05-07 17:13:00+00:00,79806.8,79844.1,79806.8,79825.7,136.08429226204092,80435.17000360474,bullish_pressure,down,False,True,0,0
2026-05-07 17:14:00+00:00,79825.8,79855.0,79825.8,79855.0,136.08429226204092,80435.17000360474,bullish_pressure,down,False,True,0,0
2026-05-07 17:15:00+00:00,79855.0,79855.0,79795.2,79850.1,139.16398567189495,80420.56267680068,indecision,down,False,True,0,0
2026-05-07 17:16:00+00:00,79850.1,79850.3,79795.2,79795.2,139.16398567189495,80420.56267680068,bearish_pressure,down,False,True,0,0
2026-05-07 17:17:00+00:00,79795.1,79795.1,79740.9,79741.0,139.16398567189495,80420.56267680068,bearish_pressure,down,False,True,0,0
2026-05-07 17:18:00+00:00,79740.9,79758.4,79684.6,79686.6,139.16398567189495,80420.56267680068,trend_continuation_down,down,False,True,0,0
2026-05-07 17:19:00+00:00,79686.3,79698.4,79675.8,79697.5,139.16398567189495,80420.56267680068,bullish_pressure,down,False,True,0,0
2026-05-07 17:20:00+00:00,79697.4,79697.4,79676.0,79691.2,140.84512955247368,80408.84460399275,inside_bar,down,False,True,0,0
2026-05-07 17:21:00+00:00,79691.1,79735.0,79691.0,79729.4,140.84512955247368,80408.84460399275,bullish_pressure,down,False,True,0,0
2026-05-07 17:22:00+00:00,79729.4,79796.7,79729.4,79796.6,140.84512955247368,80408.84460399275,bullish_pressure,down,False,True,0,0
2026-05-07 17:23:00+00:00,79796.6,79838.7,79788.6,79802.5,140.84512955247368,80408.84460399275,indecision,down,False,True,0,0
2026-05-07 17:24:00+00:00,79802.5,79836.5,79798.9,79828.8,140.84512955247368,80408.84460399275,bullish_pressure,down,False,True,0,0
2026-05-07 17:25:00+00:00,79828.8,79904.9,79692.9,79718.4,162.45619172729656,80393.907087082,bearish_pressure,down,False,True,0,0
2026-05-07 17:26:00+00:00,79718.4,79718.4,79505.0,79551.2,162.45619172729656,80393.907087082,bearish_pressure,down,False,True,0,0
2026-05-07 17:27:00+00:00,79551.3,79608.8,79461.5,79602.0,162.45619172729656,80393.907087082,exhaustion_down,down,False,True,1,0
2026-05-07 17:38:00+00:00,79802.2,79816.9,79775.1,79805.3,161.67141021384302,80369.97056763952,inside_bar,down,False,True,0,0
2026-05-07 17:39:00+00:00,79805.3,79836.0,79805.2,79829.6,161.67141021384302,80369.97056763952,bullish_pressure,down,False,True,0,0
2026-05-07 17:40:00+00:00,79829.6,79865.9,79821.2,79829.6,154.32345234142585,80359.42263560706,indecision,down,False,True,0,0
2026-05-07 17:41:00+00:00,79829.6,79880.0,79829.6,79868.9,154.32345234142585,80359.42263560706,trend_continuation_up,down,False,True,0,0
2026-05-07 17:42:00+00:00,79868.9,79878.0,79851.9,79863.5,154.32345234142585,80359.42263560706,inside_bar,down,False,True,0,0
2026-05-07 17:43:00+00:00,79863.5,79875.3,79829.7,79868.2,154.32345234142585,80359.42263560706,indecision,down,False,True,0,0
2026-05-07 17:44:00+00:00,79868.1,79878.7,79836.7,79837.3,154.32345234142585,80359.42263560706,bearish_pressure,down,False,True,0,0
2026-05-07 17:45:00+00:00,79837.3,79887.2,79837.3,79873.8,150.61463431703785,80348.99446460494,bullish_pressure,down,False,True,0,0
2026-05-07 17:46:00+00:00,79873.8,79894.6,79866.8,79866.8,150.61463431703785,80348.99446460494,inside_bearish_weak,down,False,True,0,0
2026-05-07 17:47:00+00:00,79866.9,79896.9,79863.7,79896.9,150.61463431703785,80348.99446460494,bullish_pressure,down,False,True,0,0
2026-05-07 17:48:00+00:00,79896.9,79900.0,79837.0,79837.1,150.61463431703785,80348.99446460494,bearish_pressure,down,False,True,0,0
2026-05-07 17:49:00+00:00,79837.0,79837.1,79797.6,79832.8,150.61463431703785,80348.99446460494,indecision,down,False,True,0,0
2026-05-07 17:50:00+00:00,79832.8,79864.9,79818.0,79864.9,146.42787472296374,80340.02427718703,bullish_pressure,down,False,True,0,0
2026-05-07 17:51:00+00:00,79865.0,79896.9,79850.0,79862.3,146.42787472296374,80340.02427718703,indecision,down,False,True,0,0
2026-05-07 17:52:00+00:00,79862.4,79863.8,79836.6,79849.9,146.42787472296374,80340.02427718703,bearish_pressure,down,False,True,0,0
2026-05-07 17:53:00+00:00,79850.0,79896.7,79837.9,79896.7,146.42787472296374,80340.02427718703,bullish_pressure,down,False,True,0,0
2026-05-07 17:54:00+00:00,79896.7,79910.0,79895.9,79896.0,146.42787472296374,80340.02427718703,indecision,down,False,True,0,0
2026-05-07 17:55:00+00:00,79896.1,79952.3,79896.1,79934.0,150.16159795703757,80334.34656872787,bullish_pressure,down,False,True,0,0
2026-05-07 17:56:00+00:00,79934.0,80067.3,79910.0,79977.2,150.16159795703757,80334.34656872787,exhaustion_up,down,False,True,0,1
2026-05-07 17:57:00+00:00,79977.3,80050.2,79977.3,80035.6,150.16159795703757,80334.34656872787,trend_continuation_up,down,False,True,0,0
2026-05-07 17:58:00+00:00,80035.6,80077.8,80024.9,80068.1,150.16159795703757,80334.34656872787,trend_continuation_up,down,False,True,0,0
2026-05-07 17:59:00+00:00,80068.0,80094.7,80035.8,80053.3,150.16159795703757,80334.34656872787,exhaustion_up,down,False,True,0,1
2026-05-07 18:00:00+00:00,80053.3,80158.1,80034.2,80105.0,148.28576953153552,80329.88030004018,exhaustion_up,down,False,True,0,1
2026-05-07 18:01:00+00:00,80105.0,80120.6,80081.6,80099.3,148.28576953153552,80329.88030004018,exhaustion_up,down,False,True,0,1
2026-05-07 18:02:00+00:00,80099.4,80122.4,80077.6,80122.3,148.28576953153552,80329.88030004018,breakout_up_weak,down,False,True,0,0
2026-05-07 18:03:00+00:00,80122.4,80128.1,80093.7,80119.9,148.28576953153552,80329.88030004018,trend_continuation_up,down,False,True,0,0
2026-05-07 18:04:00+00:00,80119.9,80128.1,80079.6,80108.8,148.28576953153552,80329.88030004018,breakout_up_weak,down,False,True,0,0
2026-05-07 18:05:00+00:00,80108.7,80136.0,80068.6,80136.0,146.49392885071134,80324.75989805919,breakout_up_weak,down,False,True,0,0
2026-05-07 18:06:00+00:00,80135.9,80158.0,80116.2,80148.5,146.49392885071134,80324.75989805919,trend_continuation_up,down,False,True,0,0
2026-05-07 18:07:00+00:00,80148.5,80183.5,80120.0,80173.9,146.49392885071134,80324.75989805919,breakout_up_weak,down,False,True,0,0
2026-05-07 18:08:00+00:00,80173.8,80178.8,80123.1,80134.9,146.49392885071134,80324.75989805919,bearish_pressure,down,False,True,0,0
2026-05-07 18:09:00+00:00,80134.8,80140.9,80060.3,80071.3,146.49392885071134,80324.75989805919,bearish_pressure,down,False,True,0,0
2026-05-07 18:10:00+00:00,80071.3,80084.0,80043.1,80075.2,142.99436250423196,80320.5389099788,indecision,down,False,True,0,0
2026-05-07 18:11:00+00:00,80075.1,80080.0,80054.3,80079.9,142.99436250423196,80320.5389099788,inside_bar,down,False,True,0,0
2026-05-07 18:12:00+00:00,80079.9,80082.3,80050.1,80059.2,142.99436250423196,80320.5389099788,bearish_pressure,down,False,True,0,0
2026-05-07 18:13:00+00:00,80059.2,80095.3,80050.0,80095.3,142.99436250423196,80320.5389099788,bullish_pressure,down,False,True,0,0
2026-05-07 18:14:00+00:00,80095.2,80140.6,80095.2,80111.6,142.99436250423196,80320.5389099788,inside_bullish_weak,down,False,True,0,0
2026-05-07 18:15:00+00:00,80111.6,80148.3,80089.1,80127.9,138.43762232535803,80316.74011968219,inside_bullish_weak,down,False,True,0,0
2026-05-07 18:16:00+00:00,80127.9,80156.0,80127.8,80131.1,138.43762232535803,80316.74011968219,indecision,down,False,True,0,0
2026-05-07 18:17:00+00:00,80131.1,80153.0,80131.1,80153.0,138.43762232535803,80316.74011968219,bullish_pressure,down,False,True,0,0
2026-05-07 18:18:00+00:00,80153.0,80168.3,80125.8,80150.2,138.43762232535803,80316.74011968219,indecision,down,False,True,0,0
2026-05-07 18:19:00+00:00,80150.2,80158.3,80118.3,80128.7,138.43762232535803,80316.74011968219,bearish_pressure,down,False,True,0,0
2026-05-07 18:20:00+00:00,80128.8,80156.9,80121.1,80121.1,131.79207787354738,80313.4462559261,inside_bar,down,False,True,0,0
2026-05-07 18:21:00+00:00,80121.1,80131.6,80117.9,80120.1,131.79207787354738,80313.4462559261,indecision,down,False,True,0,0
2026-05-07 18:22:00+00:00,80120.1,80161.3,80120.1,80137.0,131.79207787354738,80313.4462559261,inside_bullish_weak,down,False,True,0,0
2026-05-07 18:23:00+00:00,80137.0,80163.3,80136.9,80148.0,131.79207787354738,80313.4462559261,inside_bullish_weak,down,False,True,0,0
2026-05-07 18:24:00+00:00,80147.9,80155.4,80140.6,80150.4,131.79207787354738,80313.4462559261,inside_bar,down,False,True,0,0
2026-05-07 18:25:00+00:00,80150.4,80150.6,80130.7,80145.3,127.34978659686585,80308.84335976915,inside_bearish_weak,down,False,True,0,0
2026-05-07 18:26:00+00:00,80145.3,80148.3,80128.4,80128.4,127.34978659686585,80308.84335976915,bearish_pressure,down,False,True,0,0
2026-05-07 18:27:00+00:00,80128.5,80128.5,80105.0,80116.7,127.34978659686585,80308.84335976915,bearish_pressure,down,False,True,0,0
2026-05-07 18:28:00+00:00,80116.7,80150.0,80116.7,80126.0,127.34978659686585,80308.84335976915,inside_bullish_weak,down,False,True,0,0
2026-05-07 18:29:00+00:00,80126.0,80127.1,80081.0,80081.0,127.34978659686585,80308.84335976915,bearish_pressure,down,False,True,0,0
2026-05-07 18:30:00+00:00,80081.1,80151.7,80080.0,80151.7,126.82480183994687,80305.67814472422,bullish_pressure,down,False,True,0,0
2026-05-07 18:31:00+00:00,80151.6,80170.0,80151.0,80169.9,126.82480183994687,80305.67814472422,bullish_pressure,down,False,True,0,0
2026-05-07 18:32:00+00:00,80170.0,80200.0,80136.0,80164.6,126.82480183994687,80305.67814472422,indecision,down,False,True,0,0
2026-05-07 18:33:00+00:00,80164.6,80186.1,80142.0,80142.0,126.82480183994687,80305.67814472422,bearish_pressure,down,False,True,0,0
2026-05-07 18:34:00+00:00,80142.1,80149.0,80130.1,80149.0,126.82480183994687,80305.67814472422,inside_bullish_weak,down,False,True,0,0
2026-05-07 18:35:00+00:00,80149.0,80172.4,80148.9,80158.8,125.90160170852167,80303.5023398782,inside_bullish_weak,neutral,False,True,0,0
2026-05-07 18:36:00+00:00,80158.9,80186.0,80158.9,80186.0,125.90160170852167,80303.5023398782,bullish_pressure,neutral,False,True,0,0
2026-05-07 18:37:00+00:00,80186.0,80213.7,80130.0,80148.8,125.90160170852167,80303.5023398782,inside_bearish_weak,neutral,False,True,0,0
2026-05-07 18:38:00+00:00,80148.7,80161.0,80099.8,80152.8,125.90160170852167,80303.5023398782,indecision,neutral,False,True,0,0
2026-05-07 18:39:00+00:00,80152.7,80200.2,80142.8,80195.8,125.90160170852167,80303.5023398782,bullish_pressure,neutral,False,True,0,0
2026-05-07 18:40:00+00:00,80196.0,80207.1,80135.2,80172.6,130.06577301505666,80299.09635294991,inside_bearish_weak,neutral,False,True,0,0
2026-05-07 18:41:00+00:00,80172.5,80187.4,80153.1,80156.7,130.06577301505666,80299.09635294991,bearish_pressure,neutral,False,True,0,0
2026-05-07 18:42:00+00:00,80156.8,80170.2,80130.1,80170.2,130.06577301505666,80299.09635294991,inside_bullish_weak,neutral,False,True,0,0
2026-05-07 18:43:00+00:00,80170.2,80197.1,80127.8,80149.3,130.06577301505666,80299.09635294991,inside_bearish_weak,neutral,False,True,0,0
2026-05-07 18:44:00+00:00,80149.3,80149.4,80022.9,80081.0,130.06577301505666,80299.09635294991,bearish_pressure,neutral,False,True,0,0
2026-05-07 18:45:00+00:00,80080.9,80109.0,80027.5,80108.8,129.28964637112384,80293.3736528915,inside_bar,neutral,False,True,0,0
2026-05-07 18:46:00+00:00,80108.8,80129.3,80093.9,80116.0,129.28964637112384,80293.3736528915,inside_bullish_weak,neutral,False,True,0,0
2026-05-07 18:47:00+00:00,80116.0,80116.0,80051.1,80063.5,129.28964637112384,80293.3736528915,bearish_pressure,neutral,False,True,0,0
2026-05-07 18:48:00+00:00,80063.5,80086.1,80022.4,80022.4,129.28964637112384,80293.3736528915,trend_continuation_down,neutral,False,True,0,0
2026-05-07 18:49:00+00:00,80022.4,80029.3,80010.1,80010.1,129.28964637112384,80293.3736528915,trend_continuation_down,neutral,False,True,0,0
2026-05-07 18:50:00+00:00,80010.0,80010.0,79958.7,79988.0,128.39752877318662,80288.9405112501,exhaustion_down,neutral,False,True,0,0
2026-05-07 18:51:00+00:00,79988.0,79993.4,79952.7,79992.6,128.39752877318662,80288.9405112501,indecision,neutral,False,True,0,0
2026-05-07 18:52:00+00:00,79992.5,80024.0,79977.6,80023.9,128.39752877318662,80288.9405112501,bullish_pressure,neutral,False,True,0,0
2026-05-07 18:53:00+00:00,80023.9,80042.1,80000.0,80042.1,128.39752877318662,80288.9405112501,inside_bullish_weak,neutral,False,True,0,0
2026-05-07 18:54:00+00:00,80042.1,80069.5,80037.4,80069.5,128.39752877318662,80288.9405112501,bullish_pressure,neutral,False,True,0,0
2026-05-07 18:55:00+00:00,80069.5,80208.7,80069.4,80181.8,131.05484814653084,80286.38921399761,bullish_pressure,neutral,False,True,0,0
2026-05-07 18:56:00+00:00,80181.9,80227.2,80160.4,80227.1,131.05484814653084,80286.38921399761,trend_continuation_up,neutral,False,True,0,0
2026-05-07 18:57:00+00:00,80227.1,80235.0,80180.8,80181.7,131.05484814653084,80286.38921399761,bearish_pressure,neutral,False,True,0,0
2026-05-07 18:58:00+00:00,80181.7,80187.8,80157.6,80157.7,131.05484814653084,80286.38921399761,bearish_pressure,neutral,False,True,0,0
2026-05-07 18:59:00+00:00,80157.6,80189.0,80157.6,80160.1,131.05484814653084,80286.38921399761,indecision,neutral,False,True,0,0
2026-05-07 19:00:00+00:00,80160.1,80160.1,80116.4,80116.5,131.57950185035068,80281.48051669073,bearish_pressure,neutral,False,True,0,0
2026-05-07 19:01:00+00:00,80116.4,80124.5,80101.7,80112.1,131.57950185035068,80281.48051669073,indecision,neutral,False,True,0,0
2026-05-07 19:02:00+00:00,80112.1,80112.1,80064.3,80083.1,131.57950185035068,80281.48051669073,bearish_pressure,neutral,False,True,0,0
2026-05-07 19:03:00+00:00,80083.1,80100.0,80074.5,80074.5,131.57950185035068,80281.48051669073,inside_bar,neutral,False,True,0,0
2026-05-07 19:04:00+00:00,80074.5,80074.6,80021.7,80038.5,131.57950185035068,80281.48051669073,bearish_pressure,neutral,False,True,0,0
2026-05-07 19:05:00+00:00,80038.6,80060.0,80016.1,80032.5,126.88096600389727,80276.97397180577,indecision,neutral,False,True,0,0
2026-05-07 19:06:00+00:00,80032.5,80050.0,80032.5,80050.0,126.88096600389727,80276.97397180577,bullish_pressure,neutral,False,True,0,0
2026-05-07 19:07:00+00:00,80050.0,80070.0,80014.2,80062.3,126.88096600389727,80276.97397180577,inside_bullish_weak,neutral,False,True,0,0
2026-05-07 19:08:00+00:00,80062.4,80074.2,80060.6,80065.4,126.88096600389727,80276.97397180577,inside_bullish_weak,neutral,False,True,0,0
2026-05-07 19:09:00+00:00,80065.4,80080.0,80044.8,80053.9,126.88096600389727,80276.97397180577,inside_bearish_weak,neutral,False,True,0,0
2026-05-07 19:10:00+00:00,80053.9,80070.0,80040.0,80049.3,124.90375414647583,80273.94082384922,indecision,neutral,False,True,0,0
2026-05-07 19:11:00+00:00,80049.3,80086.4,80049.3,80086.3,124.90375414647583,80273.94082384922,bullish_pressure,neutral,False,True,0,0
2026-05-07 19:12:00+00:00,80086.3,80115.8,80080.0,80115.7,124.90375414647583,80273.94082384922,bullish_pressure,neutral,False,True,0,0
2026-05-07 19:13:00+00:00,80115.7,80139.2,80105.0,80105.1,124.90375414647583,80273.94082384922,inside_bearish_weak,neutral,False,True,0,0
2026-05-07 19:14:00+00:00,80105.0,80130.0,80105.0,80123.8,124.90375414647583,80273.94082384922,bullish_pressure,neutral,False,True,0,0
2026-05-07 19:15:00+00:00,80123.8,80127.7,80095.7,80111.0,132.47491456458533,80268.14793624824,inside_bearish_weak,neutral,False,True,0,0
2026-05-07 19:16:00+00:00,80110.9,80151.8,80103.8,80142.2,132.47491456458533,80268.14793624824,bullish_pressure,neutral,False,True,0,0
2026-05-07 19:17:00+00:00,80142.2,80148.0,80027.9,80027.9,132.47491456458533,80268.14793624824,bearish_pressure,neutral,False,True,0,0
2026-05-07 19:18:00+00:00,80028.0,80033.7,79988.3,80008.6,132.47491456458533,80268.14793624824,inside_bearish_weak,neutral,False,True,0,0
2026-05-07 19:19:00+00:00,80008.6,80023.9,79920.9,79981.4,132.47491456458533,80268.14793624824,inside_bearish_weak,neutral,False,True,0,0
2026-05-07 19:20:00+00:00,79981.3,80006.9,79962.7,79996.1,130.1838492385431,80261.26381869878,inside_bar,neutral,False,True,0,0
2026-05-07 19:21:00+00:00,79996.1,80006.0,79950.0,79952.7,130.1838492385431,80261.26381869878,breakout_down_weak,neutral,False,True,0,0
2026-05-07 19:22:00+00:00,79952.7,80006.2,79952.7,79972.5,130.1838492385431,80261.26381869878,inside_bullish_weak,neutral,False,True,0,0
2026-05-07 19:23:00+00:00,79972.5,79983.2,79934.6,79948.0,130.1838492385431,80261.26381869878,bearish_pressure,neutral,False,True,0,0
2026-05-07 19:24:00+00:00,79948.0,79952.8,79906.5,79920.5,130.1838492385431,80261.26381869878,trend_continuation_down,neutral,False,True,0,0
2026-05-07 19:25:00+00:00,79920.5,79927.0,79890.0,79904.8,125.6635742929335,80254.55364407107,exhaustion_down,neutral,False,True,0,0
2026-05-07 19:26:00+00:00,79904.8,79927.3,79885.9,79927.3,125.6635742929335,80254.55364407107,bullish_pressure,neutral,False,True,0,0
2026-05-07 19:27:00+00:00,79927.3,79941.3,79916.0,79936.0,125.6635742929335,80254.55364407107,inside_bullish_weak,neutral,False,True,0,0
2026-05-07 19:28:00+00:00,79935.9,79952.8,79925.0,79925.0,125.6635742929335,80254.55364407107,inside_bearish_weak,neutral,False,True,0,0
2026-05-07 19:29:00+00:00,79925.1,79940.0,79922.3,79922.4,125.6635742929335,80254.55364407107,indecision,neutral,False,True,0,0
2026-05-07 19:30:00+00:00,79922.4,79975.0,79922.4,79971.8,123.60189041486703,80249.71495804985,bullish_pressure,neutral,False,True,0,0
2026-05-07 19:31:00+00:00,79971.8,80003.3,79971.8,79998.4,123.60189041486703,80249.71495804985,bullish_pressure,neutral,False,True,0,0
2026-05-07 19:32:00+00:00,79998.4,80000.0,79970.1,79970.1,123.60189041486703,80249.71495804985,bearish_pressure,neutral,False,True,0,0
2026-05-07 19:33:00+00:00,79970.1,80008.0,79955.0,80007.9,123.60189041486703,80249.71495804985,bullish_pressure,neutral,False,True,0,0
2026-05-07 19:34:00+00:00,80008.0,80019.2,80000.6,80010.2,123.60189041486703,80249.71495804985,indecision,neutral,False,True,0,0
2026-05-07 19:35:00+00:00,80010.3,80029.5,80007.9,80007.9,124.1303268138051,80247.36218660332,indecision,neutral,False,True,0,0
2026-05-07 19:36:00+00:00,80007.8,80042.5,80007.8,80029.5,124.1303268138051,80247.36218660332,bullish_pressure,neutral,False,True,0,0
2026-05-07 19:37:00+00:00,80029.4,80087.5,80029.1,80087.5,124.1303268138051,80247.36218660332,bullish_pressure,neutral,False,True,0,0
2026-05-07 19:38:00+00:00,80087.5,80130.0,80087.5,80120.1,124.1303268138051,80247.36218660332,trend_continuation_up,neutral,False,True,0,0
2026-05-07 19:39:00+00:00,80120.1,80138.8,80120.0,80130.9,124.1303268138051,80247.36218660332,exhaustion_up,neutral,False,True,0,1
2026-05-07 19:50:00+00:00,80092.6,80150.0,80092.6,80147.9,122.9132026275257,80236.70937065869,bullish_pressure,neutral,False,True,0,0
2026-05-07 19:51:00+00:00,80147.9,80175.6,80125.9,80150.3,122.9132026275257,80236.70937065869,indecision,neutral,False,True,0,0
2026-05-07 19:52:00+00:00,80150.2,80150.3,79955.7,80044.9,122.9132026275257,80236.70937065869,bearish_pressure,neutral,False,True,0,0
2026-05-07 19:53:00+00:00,80045.0,80064.7,80032.1,80041.7,122.9132026275257,80236.70937065869,inside_bar,neutral,False,True,0,0
2026-05-07 19:54:00+00:00,80041.7,80051.8,80004.7,80016.8,122.9132026275257,80236.70937065869,bearish_pressure,neutral,False,True,0,0
2026-05-07 19:55:00+00:00,80016.8,80050.0,80006.0,80050.0,121.06940243984572,80234.06364054664,bullish_pressure,neutral,False,True,0,0
2026-05-07 19:56:00+00:00,80049.9,80060.0,80039.4,80042.2,121.06940243984572,80234.06364054664,inside_bearish_weak,neutral,False,True,0,0
2026-05-07 19:57:00+00:00,80042.1,80092.5,80042.1,80068.3,121.06940243984572,80234.06364054664,bullish_pressure,neutral,False,True,0,0
2026-05-07 19:58:00+00:00,80068.4,80068.4,80037.6,80056.3,121.06940243984572,80234.06364054664,inside_bearish_weak,neutral,False,True,0,0
2026-05-07 19:59:00+00:00,80056.3,80103.1,80030.9,80103.1,121.06940243984572,80234.06364054664,bullish_pressure,neutral,False,True,0,0
2026-05-07 20:00:00+00:00,80103.1,80155.9,80103.1,80126.2,128.9644451227143,80233.59109320908,inside_bullish_weak,neutral,False,True,0,0
2026-05-07 20:01:00+00:00,80126.2,80172.6,80100.0,80172.6,128.9644451227143,80233.59109320908,bullish_pressure,neutral,False,True,0,0
2026-05-07 20:02:00+00:00,80172.6,80331.6,80165.4,80237.8,128.9644451227143,80233.59109320908,exhaustion_up,neutral,False,True,0,1
2026-05-07 20:03:00+00:00,80237.8,80240.4,80185.7,80202.5,128.9644451227143,80233.59109320908,bearish_pressure,neutral,False,True,0,0
2026-05-07 20:04:00+00:00,80202.4,80260.0,80196.7,80210.2,128.9644451227143,80233.59109320908,indecision,neutral,False,True,0,0
2026-05-07 20:05:00+00:00,80210.1,80210.2,80186.5,80186.5,123.92412761394857,80232.17938839305,bearish_pressure,neutral,False,True,0,0
2026-05-07 20:06:00+00:00,80186.6,80186.6,80170.0,80170.1,123.92412761394857,80232.17938839305,bearish_pressure,neutral,False,True,0,0
2026-05-07 20:07:00+00:00,80170.0,80181.6,80155.6,80181.6,123.92412761394857,80232.17938839305,inside_bullish_weak,neutral,False,True,0,0
2026-05-07 20:08:00+00:00,80181.6,80181.6,80151.8,80151.9,123.92412761394857,80232.17938839305,bearish_pressure,neutral,False,True,0,0
2026-05-07 20:09:00+00:00,80151.8,80167.1,80151.8,80162.3,123.92412761394857,80232.17938839305,bullish_pressure,neutral,False,True,0,0
2026-05-07 20:10:00+00:00,80162.3,80162.5,80162.3,80162.4,120.25811849866695,80229.36395495952,bullish_pressure,neutral,False,True,0,0
2026-05-07 20:11:00+00:00,80162.5,80162.5,80131.9,80139.6,120.25811849866695,80229.36395495952,bearish_pressure,neutral,False,True,0,0
2026-05-07 20:12:00+00:00,80139.5,80139.6,80133.5,80133.6,120.25811849866695,80229.36395495952,bearish_pressure,neutral,False,True,0,0
2026-05-07 20:13:00+00:00,80133.5,80133.6,80111.3,80111.4,120.25811849866695,80229.36395495952,bearish_pressure,neutral,False,True,0,0
2026-05-07 20:14:00+00:00,80111.4,80118.9,80089.9,80090.0,120.25811849866695,80229.36395495952,bearish_pressure,neutral,False,True,0,0
2026-05-07 21:15:00+00:00,79742.3,79742.4,79690.5,79690.6,120.11801186709157,80154.05875938972,bearish_pressure,down,False,True,0,0
2026-05-07 21:16:00+00:00,79690.5,79745.4,79668.8,79745.3,120.11801186709157,80154.05875938972,bullish_pressure,down,False,True,0,0
2026-05-07 21:17:00+00:00,79745.4,79775.1,79745.3,79775.1,120.11801186709157,80154.05875938972,bullish_pressure,down,False,True,0,0
2026-05-07 21:18:00+00:00,79775.1,79816.0,79775.0,79815.9,120.11801186709157,80154.05875938972,bullish_pressure,down,False,True,0,0
2026-05-07 21:19:00+00:00,79816.0,79830.6,79803.7,79819.1,120.11801186709157,80154.05875938972,indecision,down,False,True,0,0
2026-05-08 02:30:00+00:00,79450.0,79454.6,79401.5,79410.2,121.29221756141858,79880.87627489847,bearish_pressure,down,False,True,0,0
2026-05-08 02:31:00+00:00,79410.1,79473.0,79410.1,79467.1,121.29221756141858,79880.87627489847,bullish_pressure,down,False,True,0,0
2026-05-08 02:32:00+00:00,79467.1,79576.9,79467.1,79576.2,121.29221756141858,79880.87627489847,bullish_pressure,down,False,True,0,0
2026-05-08 02:33:00+00:00,79576.3,79642.7,79565.4,79633.9,121.29221756141858,79880.87627489847,trend_continuation_up,down,False,True,0,0
2026-05-08 02:34:00+00:00,79633.9,79634.0,79579.6,79605.4,121.29221756141858,79880.87627489847,trend_continuation_up,down,False,True,0,0
2026-05-08 02:35:00+00:00,79605.5,79629.5,79555.0,79567.3,124.59277344988868,79873.49258628662,bearish_pressure,down,False,True,0,0
2026-05-08 02:36:00+00:00,79567.4,79567.4,79472.1,79499.1,124.59277344988868,79873.49258628662,bearish_pressure,down,False,True,0,0
2026-05-08 02:37:00+00:00,79499.1,79511.5,79488.7,79511.0,124.59277344988868,79873.49258628662,bullish_pressure,down,False,True,0,0
2026-05-08 02:38:00+00:00,79510.9,79511.6,79462.0,79486.9,124.59277344988868,79873.49258628662,bearish_pressure,down,False,True,0,0
2026-05-08 02:39:00+00:00,79486.9,79508.0,79469.1,79508.0,124.59277344988868,79873.49258628662,bullish_pressure,down,False,True,0,0
2026-05-08 03:00:00+00:00,79449.7,79449.7,79364.9,79365.0,120.78543246959914,79832.65991082613,breakout_down_weak,down,False,True,0,0
2026-05-08 03:01:00+00:00,79365.0,79369.6,79269.4,79315.1,120.78543246959914,79832.65991082613,exhaustion_down,down,False,True,1,0
2026-05-08 03:02:00+00:00,79315.2,79323.3,79264.0,79275.3,120.78543246959914,79832.65991082613,trend_continuation_down,down,False,True,0,0
2026-05-08 03:03:00+00:00,79275.3,79292.1,79261.9,79270.0,120.78543246959914,79832.65991082613,trend_continuation_down,down,False,True,0,0
2026-05-08 03:04:00+00:00,79270.1,79273.8,79222.0,79242.3,120.78543246959914,79832.65991082613,exhaustion_down,down,False,True,1,0
2026-05-08 03:05:00+00:00,79242.3,79339.9,79137.4,79310.1,126.6221872931992,79822.5042690276,inside_bullish_weak,down,False,True,0,0
2026-05-08 03:06:00+00:00,79310.1,79326.4,79227.5,79247.1,126.6221872931992,79822.5042690276,trend_continuation_down,down,False,True,0,0
2026-05-08 03:07:00+00:00,79247.2,79337.4,79236.0,79315.9,126.6221872931992,79822.5042690276,bullish_pressure,down,False,True,0,0
2026-05-08 03:08:00+00:00,79315.9,79339.5,79300.0,79330.0,126.6221872931992,79822.5042690276,inside_bullish_weak,down,False,True,0,0
2026-05-08 03:09:00+00:00,79330.0,79330.1,79304.4,79319.8,126.6221872931992,79822.5042690276,inside_bar,down,False,True,0,0
2026-05-08 03:10:00+00:00,79319.9,79426.1,79319.8,79426.1,127.57774534368498,79814.83685775973,bullish_pressure,down,False,True,0,0
2026-05-08 03:11:00+00:00,79426.1,79426.1,79381.8,79413.7,127.57774534368498,79814.83685775973,inside_bar,down,False,True,0,0
2026-05-08 03:12:00+00:00,79413.7,79434.8,79380.0,79425.1,127.57774534368498,79814.83685775973,inside_bullish_weak,down,False,True,0,0
2026-05-08 03:13:00+00:00,79425.1,79459.8,79425.0,79425.0,127.57774534368498,79814.83685775973,indecision,down,False,True,0,0
2026-05-08 03:14:00+00:00,79425.0,79441.5,79419.6,79435.3,127.57774534368498,79814.83685775973,bullish_pressure,down,False,True,0,0
2026-05-08 03:15:00+00:00,79435.2,79493.0,79435.1,79481.5,129.6936206762787,79809.35890018032,bullish_pressure,down,False,True,0,0
2026-05-08 03:16:00+00:00,79481.5,79567.3,79472.1,79549.8,129.6936206762787,79809.35890018032,trend_continuation_up,down,False,True,0,0
2026-05-08 03:17:00+00:00,79549.8,79592.3,79516.0,79525.7,129.6936206762787,79809.35890018032,exhaustion_up,down,False,True,0,1
2026-05-08 03:18:00+00:00,79525.7,79525.7,79495.6,79504.2,129.6936206762787,79809.35890018032,bearish_pressure,down,False,True,0,0
2026-05-08 03:19:00+00:00,79504.2,79540.9,79504.2,79538.2,129.6936206762787,79809.35890018032,trend_continuation_up,down,False,True,0,0
2026-05-08 03:20:00+00:00,79538.2,79550.0,79529.1,79531.0,124.06550491368695,79804.43892195894,inside_bearish_weak,down,False,True,0,0
2026-05-08 03:21:00+00:00,79531.1,79564.4,79531.0,79564.3,124.06550491368695,79804.43892195894,breakout_up_weak,down,False,True,0,0
2026-05-08 03:22:00+00:00,79564.3,79580.0,79547.0,79575.6,124.06550491368695,79804.43892195894,trend_continuation_up,down,False,True,0,0
2026-05-08 03:23:00+00:00,79575.7,79575.7,79532.0,79539.9,124.06550491368695,79804.43892195894,bearish_pressure,down,False,True,0,0
2026-05-08 03:24:00+00:00,79540.0,79560.9,79535.6,79560.9,124.06550491368695,79804.43892195894,bullish_pressure,down,False,True,0,0
2026-05-08 13:10:00+00:00,79860.7,79891.8,79828.1,79829.7,124.93503408254848,79911.17582112734,breakout_down_weak,neutral,False,True,0,0
2026-05-08 13:11:00+00:00,79829.7,79860.0,79816.2,79855.0,124.93503408254848,79911.17582112734,trend_continuation_down,neutral,False,True,0,0
2026-05-08 13:12:00+00:00,79855.0,79868.6,79782.4,79782.5,124.93503408254848,79911.17582112734,breakout_down_weak,neutral,False,True,0,0
2026-05-08 13:13:00+00:00,79782.4,79791.4,79737.2,79744.0,124.93503408254848,79911.17582112734,bearish_pressure,neutral,False,True,0,0
2026-05-08 13:14:00+00:00,79743.9,79783.3,79614.6,79649.9,124.93503408254848,79911.17582112734,breakout_down_strong,neutral,False,True,0,0
2026-05-08 13:15:00+00:00,79650.0,79746.0,79646.3,79739.5,125.33967450522297,79907.46936922382,trend_continuation_down,neutral,False,True,0,0
2026-05-08 13:16:00+00:00,79739.5,79776.9,79719.6,79756.5,125.33967450522297,79907.46936922382,trend_continuation_down,neutral,False,True,0,0
2026-05-08 13:17:00+00:00,79756.4,79776.3,79743.2,79769.0,125.33967450522297,79907.46936922382,inside_bar,neutral,False,True,0,0
2026-05-08 13:18:00+00:00,79769.0,79775.6,79700.0,79700.0,125.33967450522297,79907.46936922382,breakout_down_weak,neutral,False,True,0,0
2026-05-08 13:19:00+00:00,79700.0,79730.0,79690.0,79724.0,125.33967450522297,79907.46936922382,trend_continuation_down,neutral,False,True,0,0
2026-05-08 13:20:00+00:00,79723.9,79758.3,79723.7,79734.9,121.83684061199297,79903.3452232986,inside_bullish_weak,neutral,False,True,0,0
2026-05-08 13:21:00+00:00,79734.9,79739.4,79708.0,79717.4,121.83684061199297,79903.3452232986,trend_continuation_down,neutral,False,True,0,0
2026-05-08 13:22:00+00:00,79717.4,79717.5,79682.0,79714.9,121.83684061199297,79903.3452232986,indecision,neutral,False,True,0,0
2026-05-08 13:23:00+00:00,79714.9,79728.0,79703.6,79703.6,121.83684061199297,79903.3452232986,bearish_pressure,neutral,False,True,0,0
2026-05-08 13:24:00+00:00,79703.7,79715.0,79690.0,79699.2,121.83684061199297,79903.3452232986,indecision,neutral,False,True,0,0
2026-05-08 13:25:00+00:00,79699.2,79699.2,79642.9,79669.0,123.79135199685041,79896.73244659962,exhaustion_down,neutral,False,True,0,0
2026-05-08 13:26:00+00:00,79668.9,79669.0,79601.0,79601.1,123.79135199685041,79896.73244659962,breakout_down_weak,neutral,False,True,0,0
2026-05-08 13:27:00+00:00,79601.0,79634.8,79550.0,79614.8,123.79135199685041,79896.73244659962,exhaustion_down,neutral,False,True,0,0
2026-05-08 13:28:00+00:00,79614.8,79614.8,79562.2,79587.2,123.79135199685041,79896.73244659962,exhaustion_down,neutral,False,True,0,0
2026-05-08 13:29:00+00:00,79587.1,79595.9,79562.0,79569.4,123.79135199685041,79896.73244659962,trend_continuation_down,neutral,False,True,0,0
2026-05-08 13:30:00+00:00,79569.5,79642.2,79569.5,79592.9,129.977683997076,79893.78922983527,trend_continuation_down,neutral,False,True,0,0
2026-05-08 13:31:00+00:00,79592.8,79659.9,79583.9,79659.9,129.977683997076,79893.78922983527,bullish_pressure,neutral,False,True,0,0
2026-05-08 13:32:00+00:00,79659.9,79702.2,79650.2,79651.5,129.977683997076,79893.78922983527,indecision,neutral,False,True,0,0
2026-05-08 13:33:00+00:00,79651.5,79724.3,79644.2,79708.0,129.977683997076,79893.78922983527,bullish_pressure,neutral,False,True,0,0
2026-05-08 13:34:00+00:00,79708.0,79779.8,79694.9,79748.1,129.977683997076,79893.78922983527,bullish_pressure,neutral,False,True,0,0
2026-05-08 13:35:00+00:00,79748.1,79756.0,79694.5,79727.1,130.52927799728465,79889.19934409595,inside_bearish_weak,neutral,False,True,0,0
2026-05-08 13:36:00+00:00,79727.0,79767.7,79718.3,79763.1,130.52927799728465,79889.19934409595,bullish_pressure,neutral,False,True,0,0
2026-05-08 13:37:00+00:00,79763.2,79792.2,79715.6,79715.6,130.52927799728465,79889.19934409595,bearish_pressure,neutral,False,True,0,0
2026-05-08 13:38:00+00:00,79715.7,79799.7,79678.5,79782.8,130.52927799728465,79889.19934409595,bullish_pressure,neutral,False,True,0,0
2026-05-08 13:39:00+00:00,79782.8,79782.8,79662.0,79662.0,130.52927799728465,79889.19934409595,bearish_pressure,neutral,False,True,0,0
2026-05-08 13:40:00+00:00,79662.1,79665.0,79573.8,79635.9,131.2629009974788,79882.71222837128,inside_bearish_weak,neutral,False,True,0,0
2026-05-08 13:41:00+00:00,79635.9,79645.5,79527.4,79532.2,131.2629009974788,79882.71222837128,breakout_down_weak,neutral,False,True,0,0
2026-05-08 13:42:00+00:00,79532.1,79600.0,79524.2,79552.9,131.2629009974788,79882.71222837128,trend_continuation_down,neutral,False,True,0,0
2026-05-08 13:43:00+00:00,79552.9,79632.0,79552.9,79599.9,131.2629009974788,79882.71222837128,bullish_pressure,neutral,False,True,0,0
2026-05-08 13:44:00+00:00,79599.9,79609.8,79555.0,79561.6,131.2629009974788,79882.71222837128,trend_continuation_down,neutral,False,True,0,0
2026-05-08 13:45:00+00:00,79561.7,79646.8,79557.3,79560.0,131.82983664051582,79876.90604563124,indecision,down,False,True,0,0
2026-05-08 13:46:00+00:00,79560.1,79568.0,79525.0,79538.0,131.82983664051582,79876.90604563124,breakout_down_weak,down,False,True,0,0
2026-05-08 13:47:00+00:00,79537.9,79550.0,79507.6,79550.0,131.82983664051582,79876.90604563124,inside_bullish_weak,down,False,True,0,0
2026-05-08 13:48:00+00:00,79550.0,79631.5,79539.5,79599.1,131.82983664051582,79876.90604563124,bullish_pressure,down,False,True,0,0
2026-05-08 13:49:00+00:00,79599.1,79637.3,79565.8,79589.5,131.82983664051582,79876.90604563124,indecision,down,False,True,0,0
2026-05-08 13:50:00+00:00,79589.6,79615.9,79567.0,79583.0,130.5134197376214,79870.50394571775,inside_bar,down,False,True,0,0
2026-05-08 13:51:00+00:00,79583.1,79600.0,79556.6,79585.0,130.5134197376214,79870.50394571775,indecision,down,False,True,0,0
2026-05-08 13:52:00+00:00,79585.0,79631.3,79551.5,79612.1,130.5134197376214,79870.50394571775,inside_bullish_weak,down,False,True,0,0
2026-05-08 13:53:00+00:00,79612.2,79641.4,79599.0,79606.4,130.5134197376214,79870.50394571775,indecision,down,False,True,0,0
2026-05-08 13:54:00+00:00,79606.5,79606.5,79528.0,79553.6,130.5134197376214,79870.50394571775,bearish_pressure,down,False,True,0,0
2026-05-08 13:55:00+00:00,79553.7,79573.0,79520.1,79551.3,128.7696040420764,79865.39297649561,indecision,down,False,True,0,0
2026-05-08 13:56:00+00:00,79551.3,79588.1,79536.2,79566.7,128.7696040420764,79865.39297649561,inside_bullish_weak,down,False,True,0,0
2026-05-08 13:57:00+00:00,79566.8,79600.8,79566.7,79575.9,128.7696040420764,79865.39297649561,inside_bullish_weak,down,False,True,0,0
2026-05-08 13:58:00+00:00,79576.0,79576.0,79562.7,79568.2,128.7696040420764,79865.39297649561,bearish_pressure,down,False,True,0,0
2026-05-08 13:59:00+00:00,79568.3,79626.2,79568.2,79612.4,128.7696040420764,79865.39297649561,bullish_pressure,down,False,True,0,0
2026-05-08 14:00:00+00:00,79612.3,79743.7,79612.3,79636.3,133.25034661049952,79864.00103636697,indecision,down,False,True,0,0
2026-05-08 14:01:00+00:00,79636.3,79721.6,79633.6,79712.1,133.25034661049952,79864.00103636697,breakout_up_weak,down,False,True,0,0
2026-05-08 14:02:00+00:00,79712.0,79748.1,79700.2,79745.1,133.25034661049952,79864.00103636697,trend_continuation_up,down,False,True,0,0
2026-05-08 14:03:00+00:00,79745.0,79795.7,79733.6,79762.4,133.25034661049952,79864.00103636697,exhaustion_up,down,False,True,0,1
2026-05-08 14:04:00+00:00,79762.3,79803.8,79738.0,79795.1,133.25034661049952,79864.00103636697,breakout_up_weak,down,False,True,0,0
2026-05-08 14:05:00+00:00,79795.0,79950.0,79772.2,79945.0,137.1110361383212,79863.08022376563,breakout_up_strong,down,False,True,0,0
2026-05-08 14:06:00+00:00,79944.9,79959.5,79846.9,79879.9,137.1110361383212,79863.08022376563,bullish_pressure,down,False,True,0,0
2026-05-08 14:07:00+00:00,79879.9,79886.0,79810.7,79850.1,137.1110361383212,79863.08022376563,trend_continuation_up,down,False,True,0,0
2026-05-08 14:08:00+00:00,79850.1,79864.5,79815.6,79845.1,137.1110361383212,79863.08022376563,trend_continuation_up,down,False,True,0,0
2026-05-08 14:09:00+00:00,79845.0,79845.0,79800.0,79817.5,137.1110361383212,79863.08022376563,bearish_pressure,down,False,True,0,0
2026-05-08 14:10:00+00:00,79817.5,79884.8,79805.2,79852.5,135.84596212844173,79863.7162589386,exhaustion_up,down,True,False,0,0
2026-05-08 14:11:00+00:00,79852.4,79858.9,79777.2,79838.5,135.84596212844173,79863.7162589386,indecision,down,True,False,0,0
2026-05-08 14:12:00+00:00,79838.5,79883.6,79830.6,79862.1,135.84596212844173,79863.7162589386,exhaustion_up,down,True,False,0,0
2026-05-08 14:13:00+00:00,79862.0,79879.0,79832.9,79866.1,135.84596212844173,79863.7162589386,inside_bar,down,True,False,0,0
2026-05-08 14:14:00+00:00,79866.1,79896.6,79856.8,79895.2,135.84596212844173,79863.7162589386,breakout_up_weak,down,True,False,0,0
2026-05-08 14:15:00+00:00,79895.2,79930.0,79858.0,79920.2,166.59982197640974,79872.92385777149,trend_continuation_up,neutral,True,False,0,0
2026-05-08 14:16:00+00:00,79920.2,80039.4,79919.2,80024.0,166.59982197640974,79872.92385777149,breakout_up_strong,neutral,True,False,0,0
2026-05-08 14:17:00+00:00,80024.0,80030.1,79983.7,80008.0,166.59982197640974,79872.92385777149,trend_continuation_up,neutral,True,False,0,0
2026-05-08 14:18:00+00:00,80008.1,80424.4,80006.9,80319.1,166.59982197640974,79872.92385777149,breakout_up_strong,neutral,True,False,0,0
2026-05-08 14:19:00+00:00,80319.2,80345.5,80200.0,80328.7,166.59982197640974,79872.92385777149,bullish_pressure,neutral,True,False,0,0
2026-05-08 14:20:00+00:00,80328.6,80382.7,80276.7,80314.5,170.91412040666617,79879.75110811264,exhaustion_up,neutral,True,False,0,0
2026-05-08 14:21:00+00:00,80314.6,80344.6,80283.3,80288.0,170.91412040666617,79879.75110811264,exhaustion_up,neutral,True,False,0,0
2026-05-08 14:22:00+00:00,80288.1,80307.8,80201.8,80201.8,170.91412040666617,79879.75110811264,breakout_up_strong,neutral,True,False,0,0
2026-05-08 14:23:00+00:00,80201.7,80210.0,80155.7,80159.4,170.91412040666617,79879.75110811264,trend_continuation_up,neutral,True,False,0,0
2026-05-08 14:24:00+00:00,80159.4,80224.5,80159.3,80217.7,170.91412040666617,79879.75110811264,trend_continuation_up,neutral,True,False,0,0
2026-05-08 14:25:00+00:00,80217.6,80240.0,80180.9,80239.9,173.47739752047593,79882.78970003121,trend_continuation_up,neutral,True,False,0,0
2026-05-08 14:26:00+00:00,80240.0,80240.0,80164.5,80167.0,173.47739752047593,79882.78970003121,bearish_pressure,neutral,True,False,0,0
2026-05-08 14:27:00+00:00,80167.0,80192.1,80142.3,80161.4,173.47739752047593,79882.78970003121,indecision,neutral,True,False,0,0
2026-05-08 14:28:00+00:00,80161.3,80161.3,80089.0,80132.9,173.47739752047593,79882.78970003121,inside_bearish_weak,neutral,True,False,0,0
2026-05-08 14:29:00+00:00,80132.8,80140.0,80033.2,80033.2,173.47739752047593,79882.78970003121,bearish_pressure,neutral,True,False,0,0
2026-05-08 14:30:00+00:00,80033.2,80057.3,79773.9,79782.0,186.50044055472787,79887.02752775337,breakout_down_strong,neutral,True,False,0,0
2026-05-08 14:31:00+00:00,79782.1,79943.3,79744.2,79929.9,186.50044055472787,79887.02752775337,trend_continuation_down,neutral,True,False,0,0
2026-05-08 14:32:00+00:00,79930.0,79950.0,79870.1,79887.0,186.50044055472787,79887.02752775337,trend_continuation_down,neutral,True,False,0,0
2026-05-08 14:33:00+00:00,79886.9,79977.3,79880.3,79957.0,186.50044055472787,79887.02752775337,bullish_pressure,neutral,True,False,0,0
2026-05-08 14:34:00+00:00,79957.0,80100.0,79957.0,80096.8,186.50044055472787,79887.02752775337,bullish_pressure,neutral,True,False,0,0
2026-05-08 14:35:00+00:00,80096.7,80100.0,80023.0,80023.1,192.3218376579616,79893.67846779786,bearish_pressure,neutral,True,False,0,0
2026-05-08 14:36:00+00:00,80023.1,80146.4,79976.2,80146.4,192.3218376579616,79893.67846779786,trend_continuation_up,neutral,True,False,0,0
2026-05-08 14:37:00+00:00,80146.4,80175.9,80109.7,80155.0,192.3218376579616,79893.67846779786,trend_continuation_up,neutral,True,False,0,0
2026-05-08 14:38:00+00:00,80154.9,80229.0,80144.2,80200.0,192.3218376579616,79893.67846779786,breakout_up_weak,neutral,True,False,0,0
2026-05-08 14:39:00+00:00,80199.9,80244.2,80164.3,80222.9,192.3218376579616,79893.67846779786,trend_continuation_up,neutral,True,False,0,0
2026-05-08 14:40:00+00:00,80222.9,80234.5,80171.8,80172.3,184.62027782525004,79899.46503279197,bearish_pressure,neutral,True,False,0,0
2026-05-08 14:41:00+00:00,80172.3,80197.4,80150.0,80169.1,184.62027782525004,79899.46503279197,indecision,neutral,True,False,0,0
2026-05-08 14:42:00+00:00,80169.1,80196.8,80154.5,80154.5,184.62027782525004,79899.46503279197,inside_bar,neutral,True,False,0,0
2026-05-08 14:43:00+00:00,80154.5,80178.5,80152.2,80178.4,184.62027782525004,79899.46503279197,bullish_pressure,neutral,True,False,0,0
2026-05-08 14:44:00+00:00,80178.5,80200.0,80178.5,80185.9,184.62027782525004,79899.46503279197,inside_bullish_weak,neutral,True,False,0,0
2026-05-08 14:45:00+00:00,80185.8,80185.9,80128.3,80140.0,181.20454369487524,79904.46968560797,bearish_pressure,neutral,True,False,0,0
2026-05-08 14:46:00+00:00,80139.9,80185.0,80134.0,80185.0,181.20454369487524,79904.46968560797,bullish_pressure,neutral,True,False,0,0
2026-05-08 14:47:00+00:00,80185.0,80257.9,80185.0,80257.7,181.20454369487524,79904.46968560797,trend_continuation_up,neutral,True,False,0,0
2026-05-08 14:48:00+00:00,80257.6,80265.1,80191.7,80191.8,181.20454369487524,79904.46968560797,bearish_pressure,neutral,True,False,0,0
2026-05-08 14:49:00+00:00,80191.7,80205.8,80146.7,80152.2,181.20454369487524,79904.46968560797,bearish_pressure,neutral,True,False,0,0
2026-05-08 14:50:00+00:00,80152.2,80200.0,80134.4,80184.1,176.94707628809883,79909.33167203158,bullish_pressure,neutral,True,False,0,0
2026-05-08 14:51:00+00:00,80184.1,80200.0,80140.5,80140.6,176.94707628809883,79909.33167203158,bearish_pressure,neutral,True,False,0,0
2026-05-08 14:52:00+00:00,80140.6,80148.3,80080.0,80086.9,176.94707628809883,79909.33167203158,bearish_pressure,neutral,True,False,0,0
2026-05-08 14:53:00+00:00,80086.8,80121.9,80078.4,80111.6,176.94707628809883,79909.33167203158,bullish_pressure,neutral,True,False,0,0
2026-05-08 14:54:00+00:00,80111.5,80150.0,80111.5,80150.0,176.94707628809883,79909.33167203158,bullish_pressure,neutral,True,False,0,0
2026-05-08 14:55:00+00:00,80150.0,80150.0,80127.7,80147.3,171.77942798180646,79913.39243100124,inside_bar,neutral,True,False,0,0
2026-05-08 14:56:00+00:00,80147.1,80150.0,80085.3,80094.9,171.77942798180646,79913.39243100124,bearish_pressure,neutral,True,False,0,0
2026-05-08 14:57:00+00:00,80094.9,80109.3,80045.4,80068.1,171.77942798180646,79913.39243100124,inside_bearish_weak,neutral,True,False,0,0
2026-05-08 14:58:00+00:00,80068.1,80087.5,80055.9,80072.8,171.77942798180646,79913.39243100124,inside_bar,neutral,True,False,0,0
2026-05-08 14:59:00+00:00,80072.7,80118.6,80072.7,80114.4,171.77942798180646,79913.39243100124,bullish_pressure,neutral,True,False,0,0
2026-05-08 15:00:00+00:00,80114.3,80160.9,80091.3,80136.0,175.4523259831058,79914.11733335764,inside_bullish_weak,neutral,True,False,0,0
2026-05-08 15:01:00+00:00,80136.0,80154.7,80127.8,80154.6,175.4523259831058,79914.11733335764,bullish_pressure,neutral,True,False,0,0
2026-05-08 15:02:00+00:00,80154.7,80173.2,80054.0,80054.0,175.4523259831058,79914.11733335764,bearish_pressure,neutral,True,False,0,0
2026-05-08 15:03:00+00:00,80054.1,80075.0,79971.6,79996.8,175.4523259831058,79914.11733335764,trend_continuation_down,neutral,True,False,0,0
2026-05-08 15:04:00+00:00,79996.7,80000.0,79950.0,79950.0,175.4523259831058,79914.11733335764,trend_continuation_down,neutral,True,False,0,0
2026-05-08 15:05:00+00:00,79950.1,79973.2,79950.1,79951.7,174.79858841288416,79914.45758418224,trend_continuation_down,neutral,True,False,0,0
2026-05-08 15:06:00+00:00,79951.8,80048.3,79951.7,80044.6,174.79858841288416,79914.45758418224,bullish_pressure,neutral,True,False,0,0
2026-05-08 15:07:00+00:00,80044.6,80074.6,80028.9,80028.9,174.79858841288416,79914.45758418224,inside_bearish_weak,neutral,True,False,0,0
2026-05-08 15:08:00+00:00,80028.9,80029.0,79935.0,79940.6,174.79858841288416,79914.45758418224,breakout_down_weak,neutral,True,False,0,0
2026-05-08 15:09:00+00:00,79940.7,79970.0,79908.3,79931.3,174.79858841288416,79914.45758418224,exhaustion_down,neutral,True,False,1,0
2026-05-08 15:10:00+00:00,79931.2,79948.4,79919.9,79931.9,173.3558320976775,79913.4663448915,exhaustion_down,neutral,False,True,0,0
2026-05-08 15:11:00+00:00,79932.0,79977.7,79921.1,79944.8,173.3558320976775,79913.4663448915,inside_bullish_weak,neutral,False,True,0,0
2026-05-08 15:12:00+00:00,79944.9,79944.9,79823.1,79863.8,173.3558320976775,79913.4663448915,breakout_down_weak,neutral,False,True,0,0
2026-05-08 15:13:00+00:00,79863.9,79873.6,79828.0,79871.1,173.3558320976775,79913.4663448915,exhaustion_down,neutral,False,True,0,0
2026-05-08 15:14:00+00:00,79871.2,79886.3,79841.4,79864.4,173.3558320976775,79913.4663448915,exhaustion_down,neutral,False,True,0,0
2026-05-08 15:15:00+00:00,79864.4,79878.9,79789.6,79801.4,169.66612980498604,79911.2175063788,breakout_down_weak,neutral,False,True,0,0
2026-05-08 15:16:00+00:00,79801.6,79845.5,79767.5,79845.5,169.66612980498604,79911.2175063788,exhaustion_down,neutral,False,True,0,0
2026-05-08 15:17:00+00:00,79845.4,79845.5,79810.0,79833.7,169.66612980498604,79911.2175063788,exhaustion_down,neutral,False,True,0,0
2026-05-08 15:18:00+00:00,79833.7,79839.7,79757.2,79794.6,169.66612980498604,79911.2175063788,exhaustion_down,neutral,False,True,0,0
2026-05-08 15:19:00+00:00,79794.6,79827.5,79789.9,79799.9,169.66612980498604,79911.2175063788,trend_continuation_down,neutral,False,True,0,0
2026-05-08 15:20:00+00:00,79799.9,79830.0,79782.0,79782.0,174.56140624748787,79906.42112011387,breakout_down_weak,neutral,False,True,0,0
2026-05-08 15:21:00+00:00,79782.0,79846.3,79754.3,79846.3,174.56140624748787,79906.42112011387,bullish_pressure,neutral,False,True,0,0
2026-05-08 15:22:00+00:00,79846.3,79883.1,79833.7,79845.9,174.56140624748787,79906.42112011387,indecision,neutral,False,True,0,0
2026-05-08 15:23:00+00:00,79845.8,79845.9,79706.9,79706.9,174.56140624748787,79906.42112011387,breakout_down_weak,neutral,False,True,0,0
2026-05-08 15:24:00+00:00,79706.9,79711.9,79644.9,79669.0,174.56140624748787,79906.42112011387,exhaustion_down,neutral,False,True,0,0
2026-05-08 15:25:00+00:00,79669.0,79678.6,79616.4,79646.9,168.96416294409568,79902.00486030964,exhaustion_down,neutral,False,True,0,0
2026-05-08 15:26:00+00:00,79646.9,79665.9,79587.2,79587.2,168.96416294409568,79902.00486030964,breakout_down_strong,neutral,False,True,0,0
2026-05-08 15:27:00+00:00,79587.3,79640.0,79587.3,79638.6,168.96416294409568,79902.00486030964,trend_continuation_down,neutral,False,True,0,0
2026-05-08 15:28:00+00:00,79638.5,79650.0,79590.9,79633.7,168.96416294409568,79902.00486030964,exhaustion_down,neutral,False,True,0,0
2026-05-08 15:29:00+00:00,79633.8,79683.4,79603.1,79683.4,168.96416294409568,79902.00486030964,bullish_pressure,neutral,False,True,0,0
2026-05-08 15:30:00+00:00,79683.4,79707.0,79604.9,79615.4,175.69529416237432,79900.77506109557,trend_continuation_down,neutral,False,True,0,0
2026-05-08 15:31:00+00:00,79615.5,79700.0,79585.0,79700.0,175.69529416237432,79900.77506109557,bullish_pressure,neutral,False,True,0,0
2026-05-08 15:32:00+00:00,79700.0,79780.0,79678.0,79762.6,175.69529416237432,79900.77506109557,bullish_pressure,neutral,False,True,0,0
2026-05-08 15:33:00+00:00,79762.5,79762.6,79741.0,79753.8,175.69529416237432,79900.77506109557,inside_bar,neutral,False,True,0,0
2026-05-08 15:34:00+00:00,79753.9,79848.2,79753.8,79839.9,175.69529416237432,79900.77506109557,bullish_pressure,neutral,False,True,0,0
2026-05-08 15:35:00+00:00,79839.9,79840.0,79792.0,79807.5,169.70277315077533,79900.04882226199,bearish_pressure,neutral,False,True,0,0
2026-05-08 15:36:00+00:00,79807.6,79838.8,79807.6,79817.4,169.70277315077533,79900.04882226199,inside_bar,neutral,False,True,0,0
2026-05-08 15:37:00+00:00,79817.5,79817.5,79785.6,79785.7,169.70277315077533,79900.04882226199,bearish_pressure,neutral,False,True,0,0
2026-05-08 15:38:00+00:00,79785.6,79828.9,79785.6,79819.5,169.70277315077533,79900.04882226199,bullish_pressure,neutral,False,True,0,0
2026-05-08 15:39:00+00:00,79819.5,79877.4,79819.5,79864.1,169.70277315077533,79900.04882226199,bullish_pressure,neutral,False,True,0,0
2026-05-08 15:40:00+00:00,79864.1,79950.0,79837.6,79950.0,169.73114649714788,79900.65181588056,breakout_up_weak,neutral,True,False,0,0
2026-05-08 15:41:00+00:00,79949.9,79988.8,79924.6,79983.8,169.73114649714788,79900.65181588056,trend_continuation_up,neutral,True,False,0,0
2026-05-08 15:42:00+00:00,79983.7,80007.7,79958.0,79992.8,169.73114649714788,79900.65181588056,trend_continuation_up,neutral,True,False,0,0
2026-05-08 15:43:00+00:00,79992.7,80006.8,79894.1,79930.2,169.73114649714788,79900.65181588056,bearish_pressure,neutral,True,False,0,0
2026-05-08 15:44:00+00:00,79930.2,79962.7,79907.3,79930.5,169.73114649714788,79900.65181588056,inside_bar,neutral,True,False,0,0
2026-05-08 15:45:00+00:00,79930.5,79955.0,79928.0,79944.9,170.25749317592343,79903.09039378392,bullish_pressure,neutral,True,False,0,0
2026-05-08 15:46:00+00:00,79944.8,79957.1,79920.0,79957.1,170.25749317592343,79903.09039378392,inside_bullish_weak,neutral,True,False,0,0
2026-05-08 15:47:00+00:00,79957.1,79996.1,79933.3,79996.0,170.25749317592343,79903.09039378392,breakout_up_weak,neutral,True,False,0,0
2026-05-08 15:48:00+00:00,79996.1,80085.4,79996.0,80085.4,170.25749317592343,79903.09039378392,breakout_up_strong,neutral,True,False,0,0
2026-05-08 15:49:00+00:00,80085.4,80097.1,80023.8,80023.8,170.25749317592343,79903.09039378392,trend_continuation_up,neutral,True,False,0,0
2026-05-08 15:50:00+00:00,80023.9,80048.4,80017.1,80036.8,170.23195794907238,79907.13018796641,exhaustion_up,neutral,True,False,0,0
2026-05-08 15:51:00+00:00,80036.8,80070.0,80031.8,80061.2,170.23195794907238,79907.13018796641,breakout_up_weak,neutral,True,False,0,0
2026-05-08 15:52:00+00:00,80061.2,80061.3,79986.7,79996.5,170.23195794907238,79907.13018796641,bearish_pressure,neutral,True,False,0,0
2026-05-08 15:53:00+00:00,79996.5,80026.9,79992.8,80018.6,170.23195794907238,79907.13018796641,bullish_pressure,neutral,True,False,0,0
2026-05-08 15:54:00+00:00,80018.6,80156.6,80018.5,80107.1,170.23195794907238,79907.13018796641,exhaustion_up,neutral,True,False,0,0
2026-05-08 15:55:00+00:00,80107.1,80158.7,80100.0,80104.4,164.32967523842373,79911.32760998688,exhaustion_up,neutral,True,False,0,0
2026-05-08 15:56:00+00:00,80104.4,80134.9,80100.0,80132.3,164.32967523842373,79911.32760998688,breakout_up_weak,neutral,True,False,0,0
2026-05-08 15:57:00+00:00,80132.2,80157.1,80097.5,80097.6,164.32967523842373,79911.32760998688,bearish_pressure,neutral,True,False,0,0
2026-05-08 15:58:00+00:00,80097.6,80102.2,80075.0,80075.6,164.32967523842373,79911.32760998688,bearish_pressure,neutral,True,False,0,0
2026-05-08 15:59:00+00:00,80075.6,80120.4,80071.1,80119.1,164.32967523842373,79911.32760998688,breakout_up_weak,neutral,True,False,0,0
2026-05-08 16:00:00+00:00,80119.1,80164.6,80113.0,80145.0,168.64898414996512,79912.3013206802,exhaustion_up,neutral,True,False,0,0
2026-05-08 16:01:00+00:00,80145.0,80145.0,80050.9,80072.6,168.64898414996512,79912.3013206802,bearish_pressure,neutral,True,False,0,0
2026-05-08 16:02:00+00:00,80072.5,80072.6,79969.3,80007.4,168.64898414996512,79912.3013206802,bearish_pressure,neutral,True,False,0,0
2026-05-08 16:03:00+00:00,80007.4,80007.5,79947.4,79976.8,168.64898414996512,79912.3013206802,bearish_pressure,neutral,True,False,0,0
2026-05-08 16:04:00+00:00,79976.7,79979.8,79939.8,79960.5,168.64898414996512,79912.3013206802,inside_bearish_weak,neutral,True,False,0,0
2026-05-08 16:05:00+00:00,79960.5,80057.7,79960.5,80027.7,164.88119956782432,79912.96466086475,bullish_pressure,neutral,True,False,0,0
2026-05-08 16:06:00+00:00,80027.6,80035.9,79991.4,80013.8,164.88119956782432,79912.96466086475,inside_bar,neutral,True,False,0,0
2026-05-08 16:07:00+00:00,80013.8,80032.6,79941.8,79969.6,164.88119956782432,79912.96466086475,bearish_pressure,neutral,True,False,0,0
2026-05-08 16:08:00+00:00,79969.7,79977.5,79951.0,79959.9,164.88119956782432,79912.96466086475,inside_bar,neutral,True,False,0,0
2026-05-08 16:09:00+00:00,79959.9,79960.0,79944.5,79945.8,164.88119956782432,79912.96466086475,bearish_pressure,neutral,True,False,0,0
2026-05-08 16:10:00+00:00,79945.8,79995.3,79941.2,79952.6,158.72539959869383,79913.0861527288,indecision,neutral,True,False,0,0
2026-05-08 16:11:00+00:00,79952.6,79987.9,79923.0,79968.9,158.72539959869383,79913.0861527288,inside_bullish_weak,neutral,True,False,0,0
2026-05-08 16:12:00+00:00,79968.9,79984.4,79942.6,79950.9,158.72539959869383,79913.0861527288,inside_bar,neutral,True,False,0,0
2026-05-08 16:13:00+00:00,79950.9,79964.5,79927.5,79928.2,158.72539959869383,79913.0861527288,bearish_pressure,neutral,True,False,0,0
2026-05-08 16:14:00+00:00,79928.0,79946.9,79916.6,79919.1,158.72539959869383,79913.0861527288,inside_bearish_weak,neutral,True,False,0,0
2026-05-08 16:15:00+00:00,79919.2,79940.1,79915.0,79940.1,154.34501391307245,79913.01315960547,bullish_pressure,neutral,False,True,0,0
2026-05-08 16:16:00+00:00,79940.1,79940.1,79875.3,79906.5,154.34501391307245,79913.01315960547,bearish_pressure,neutral,False,True,0,0
2026-05-08 16:17:00+00:00,79906.5,79972.7,79906.5,79970.6,154.34501391307245,79913.01315960547,bullish_pressure,neutral,False,True,0,0
2026-05-08 16:18:00+00:00,79970.6,79970.6,79931.9,79931.9,154.34501391307245,79913.01315960547,bearish_pressure,neutral,False,True,0,0
2026-05-08 16:19:00+00:00,79931.9,79932.0,79907.9,79909.4,154.34501391307245,79913.01315960547,bearish_pressure,neutral,False,True,0,0
2026-05-08 16:20:00+00:00,79908.9,79950.3,79901.1,79913.3,148.2417986335679,79913.44854258357,indecision,neutral,True,False,0,0
2026-05-08 16:21:00+00:00,79913.4,79915.5,79881.4,79914.6,148.2417986335679,79913.44854258357,indecision,neutral,True,False,0,0
2026-05-08 16:22:00+00:00,79914.6,79950.0,79914.5,79929.4,148.2417986335679,79913.44854258357,inside_bullish_weak,neutral,True,False,0,0
2026-05-08 16:23:00+00:00,79929.3,79929.4,79889.8,79897.2,148.2417986335679,79913.44854258357,bearish_pressure,neutral,True,False,0,0
2026-05-08 16:24:00+00:00,79897.2,79935.0,79897.2,79935.0,148.2417986335679,79913.44854258357,bullish_pressure,neutral,True,False,0,0
2026-05-08 16:25:00+00:00,79935.0,80014.7,79934.9,79949.3,145.5816701597416,79913.2574823344,indecision,neutral,False,True,0,0
2026-05-08 16:26:00+00:00,79949.2,79988.6,79949.2,79979.6,145.5816701597416,79913.2574823344,bullish_pressure,neutral,False,True,0,0
2026-05-08 16:27:00+00:00,79979.6,79979.7,79946.4,79950.2,145.5816701597416,79913.2574823344,bearish_pressure,neutral,False,True,0,0
2026-05-08 16:28:00+00:00,79950.2,79951.7,79929.0,79929.1,145.5816701597416,79913.2574823344,bearish_pressure,neutral,False,True,0,0
2026-05-08 16:29:00+00:00,79929.1,79942.8,79903.7,79903.8,145.5816701597416,79913.2574823344,bearish_pressure,neutral,False,True,0,0
2026-05-08 16:30:00+00:00,79903.8,79909.6,79800.0,79822.3,145.8472651483317,79911.06228466443,breakout_down_weak,neutral,False,True,0,0
2026-05-08 16:31:00+00:00,79822.4,79847.9,79784.8,79792.9,145.8472651483317,79911.06228466443,trend_continuation_down,neutral,False,True,0,0
2026-05-08 16:32:00+00:00,79792.8,79810.2,79760.3,79801.7,145.8472651483317,79911.06228466443,exhaustion_down,neutral,False,True,0,0
2026-05-08 16:33:00+00:00,79801.7,79818.1,79781.0,79781.5,145.8472651483317,79911.06228466443,breakout_down_weak,neutral,False,True,0,0
2026-05-08 16:34:00+00:00,79781.5,79816.1,79781.5,79802.4,145.8472651483317,79911.06228466443,bullish_pressure,neutral,False,True,0,0
2026-05-08 16:35:00+00:00,79802.4,79802.4,79773.2,79787.9,142.04388906630842,79907.92045724532,bearish_pressure,neutral,False,True,0,0
2026-05-08 16:36:00+00:00,79787.9,79820.0,79780.8,79790.5,142.04388906630842,79907.92045724532,indecision,neutral,False,True,0,0
2026-05-08 16:37:00+00:00,79790.5,79813.3,79780.8,79780.9,142.04388906630842,79907.92045724532,inside_bar,neutral,False,True,0,0
2026-05-08 16:38:00+00:00,79780.8,79780.9,79736.9,79745.7,142.04388906630842,79907.92045724532,breakout_down_weak,neutral,False,True,0,0
2026-05-08 16:39:00+00:00,79745.6,79778.1,79727.4,79752.4,142.04388906630842,79907.92045724532,indecision,neutral,False,True,0,0
2026-05-08 16:40:00+00:00,79752.3,79763.6,79711.8,79711.9,140.26218270442968,79904.81114126026,breakout_down_weak,neutral,False,True,0,0
2026-05-08 16:41:00+00:00,79711.8,79728.7,79706.0,79727.0,140.26218270442968,79904.81114126026,bullish_pressure,neutral,False,True,0,0
2026-05-08 16:42:00+00:00,79727.0,79788.3,79726.9,79767.2,140.26218270442968,79904.81114126026,bullish_pressure,neutral,False,True,0,0
2026-05-08 16:43:00+00:00,79767.2,79823.1,79767.2,79786.7,140.26218270442968,79904.81114126026,inside_bullish_weak,neutral,False,True,0,0
2026-05-08 16:44:00+00:00,79786.8,79786.8,79740.4,79750.9,140.26218270442968,79904.81114126026,bearish_pressure,neutral,False,True,0,0
2026-05-08 16:45:00+00:00,79750.9,79784.5,79750.0,79780.1,135.5863125112553,79901.5653760868,bullish_pressure,neutral,False,True,0,0
2026-05-08 16:46:00+00:00,79780.1,79780.1,79739.9,79745.1,135.5863125112553,79901.5653760868,bearish_pressure,neutral,False,True,0,0
2026-05-08 16:47:00+00:00,79745.2,79779.7,79731.6,79754.2,135.5863125112553,79901.5653760868,indecision,neutral,False,True,0,0
2026-05-08 16:48:00+00:00,79754.2,79806.4,79746.5,79783.4,135.5863125112553,79901.5653760868,bullish_pressure,neutral,False,True,0,0
2026-05-08 16:49:00+00:00,79783.4,79783.4,79731.6,79740.9,135.5863125112553,79901.5653760868,bearish_pressure,neutral,False,True,0,0
2026-05-08 16:50:00+00:00,79740.9,79745.3,79726.1,79740.9,134.30157590330788,79898.79378448112,indecision,neutral,False,True,0,0
2026-05-08 16:51:00+00:00,79740.9,79772.8,79730.4,79772.8,134.30157590330788,79898.79378448112,bullish_pressure,neutral,False,True,0,0
2026-05-08 16:52:00+00:00,79772.7,79806.2,79755.0,79792.8,134.30157590330788,79898.79378448112,inside_bullish_weak,neutral,False,True,0,0
2026-05-08 16:53:00+00:00,79792.7,79837.7,79790.8,79837.6,134.30157590330788,79898.79378448112,bullish_pressure,neutral,False,True,0,0
2026-05-08 16:54:00+00:00,79837.7,79843.7,79750.0,79761.6,134.30157590330788,79898.79378448112,bearish_pressure,neutral,False,True,0,0
2026-05-08 16:55:00+00:00,79761.6,79775.3,79750.2,79765.0,129.65860619592894,79896.21766993694,inside_bar,neutral,False,True,0,0
2026-05-08 16:56:00+00:00,79764.9,79784.7,79761.7,79778.4,129.65860619592894,79896.21766993694,bullish_pressure,neutral,False,True,0,0
2026-05-08 16:57:00+00:00,79778.4,79819.5,79778.4,79791.0,129.65860619592894,79896.21766993694,inside_bullish_weak,neutral,False,True,0,0
2026-05-08 16:58:00+00:00,79791.0,79791.1,79780.0,79780.1,129.65860619592894,79896.21766993694,bearish_pressure,neutral,False,True,0,0
2026-05-08 16:59:00+00:00,79780.1,79790.2,79764.0,79768.7,129.65860619592894,79896.21766993694,inside_bearish_weak,neutral,False,True,0,0
2026-05-08 17:00:00+00:00,79768.7,79805.9,79740.0,79800.1,129.79727718193445,79895.40345865107,bullish_pressure,neutral,False,True,0,0
2026-05-08 17:01:00+00:00,79800.1,79850.0,79792.3,79795.8,129.79727718193445,79895.40345865107,indecision,neutral,False,True,0,0
2026-05-08 17:02:00+00:00,79795.8,79843.6,79795.8,79812.1,129.79727718193445,79895.40345865107,inside_bar,neutral,False,True,0,0
2026-05-08 17:03:00+00:00,79812.1,79837.4,79805.7,79815.7,129.79727718193445,79895.40345865107,inside_bar,neutral,False,True,0,0
2026-05-08 17:04:00+00:00,79815.6,79871.6,79808.2,79855.1,129.79727718193445,79895.40345865107,bullish_pressure,neutral,False,True,0,0
2026-05-08 17:05:00+00:00,79855.1,79897.9,79839.8,79892.4,130.39747166893892,79893.22517234115,bullish_pressure,neutral,False,True,0,0
2026-05-08 17:06:00+00:00,79892.4,79918.2,79862.6,79918.1,130.39747166893892,79893.22517234115,trend_continuation_up,neutral,False,True,0,0
2026-05-08 17:07:00+00:00,79918.2,79918.2,79861.6,79867.1,130.39747166893892,79893.22517234115,bearish_pressure,neutral,False,True,0,0
2026-05-08 17:08:00+00:00,79867.1,79867.2,79826.3,79826.4,130.39747166893892,79893.22517234115,bearish_pressure,neutral,False,True,0,0
2026-05-08 17:09:00+00:00,79826.3,79843.2,79780.0,79785.4,130.39747166893892,79893.22517234115,bearish_pressure,neutral,False,True,0,0
2026-05-08 17:10:00+00:00,79785.3,79785.4,79707.0,79709.9,130.74765226401493,79891.8801194235,breakout_down_weak,neutral,False,True,0,0
2026-05-08 17:11:00+00:00,79709.9,79724.7,79692.4,79720.1,130.74765226401493,79891.8801194235,inside_bullish_weak,neutral,False,True,0,0
2026-05-08 17:12:00+00:00,79720.1,79767.9,79720.0,79755.6,130.74765226401493,79891.8801194235,bullish_pressure,neutral,False,True,0,0
2026-05-08 17:13:00+00:00,79755.6,79790.4,79755.5,79760.0,130.74765226401493,79891.8801194235,indecision,neutral,False,True,0,0
2026-05-08 17:14:00+00:00,79760.1,79827.7,79750.0,79825.3,130.74765226401493,79891.8801194235,bullish_pressure,neutral,False,True,0,0
2026-05-08 17:15:00+00:00,79825.2,79850.0,79825.2,79845.3,134.4942485308708,79893.88843389036,bullish_pressure,neutral,True,False,0,0
2026-05-08 17:16:00+00:00,79845.4,79863.6,79814.6,79849.6,134.4942485308708,79893.88843389036,indecision,neutral,True,False,0,0
2026-05-08 17:17:00+00:00,79849.6,79900.0,79849.5,79886.3,134.4942485308708,79893.88843389036,bullish_pressure,neutral,True,False,0,0
2026-05-08 17:18:00+00:00,79886.4,79914.3,79873.8,79914.2,134.4942485308708,79893.88843389036,bullish_pressure,neutral,True,False,0,0
2026-05-08 17:19:00+00:00,79914.2,79997.8,79914.2,79993.3,134.4942485308708,79893.88843389036,breakout_up_weak,neutral,True,False,0,0
2026-05-08 17:20:00+00:00,79993.2,79993.2,79941.9,79943.2,131.4803736358088,79894.11638569452,bearish_pressure,neutral,True,False,0,0
2026-05-08 17:21:00+00:00,79943.1,79950.0,79911.7,79911.7,131.4803736358088,79894.11638569452,bearish_pressure,neutral,True,False,0,0
2026-05-08 17:22:00+00:00,79911.7,79951.1,79904.1,79936.8,131.4803736358088,79894.11638569452,bullish_pressure,neutral,True,False,0,0
2026-05-08 17:23:00+00:00,79936.9,79939.2,79901.0,79905.0,131.4803736358088,79894.11638569452,bearish_pressure,neutral,True,False,0,0
2026-05-08 17:24:00+00:00,79905.0,79916.5,79904.9,79905.4,131.4803736358088,79894.11638569452,inside_bar,neutral,True,False,0,0
2026-05-08 17:25:00+00:00,79905.4,79934.4,79876.1,79933.0,131.8674898046792,79895.59526914611,bullish_pressure,neutral,True,False,0,0
2026-05-08 17:26:00+00:00,79932.9,79970.1,79932.9,79950.1,131.8674898046792,79895.59526914611,bullish_pressure,neutral,True,False,0,0
2026-05-08 17:27:00+00:00,79950.1,80013.0,79916.0,79916.0,131.8674898046792,79895.59526914611,inside_bearish_weak,neutral,True,False,0,0
2026-05-08 17:28:00+00:00,79916.1,79947.9,79907.6,79945.0,131.8674898046792,79895.59526914611,bullish_pressure,neutral,True,False,0,0
2026-05-08 17:29:00+00:00,79945.0,79976.1,79945.0,79968.8,131.8674898046792,79895.59526914611,bullish_pressure,neutral,True,False,0,0
2026-05-08 17:30:00+00:00,79968.8,80129.1,79968.8,80113.5,140.27695481863006,79901.98744203431,breakout_up_strong,neutral,True,False,0,0
2026-05-08 17:31:00+00:00,80113.5,80199.9,80113.5,80156.3,140.27695481863006,79901.98744203431,exhaustion_up,neutral,True,False,0,0
2026-05-08 17:32:00+00:00,80156.4,80163.1,80104.8,80135.1,140.27695481863006,79901.98744203431,trend_continuation_up,neutral,True,False,0,0
2026-05-08 17:33:00+00:00,80135.2,80200.0,80135.2,80150.1,140.27695481863006,79901.98744203431,exhaustion_up,neutral,True,False,0,0
2026-05-08 17:34:00+00:00,80150.0,80218.4,80132.8,80218.4,140.27695481863006,79901.98744203431,breakout_up_strong,neutral,True,False,0,0
2026-05-08 17:35:00+00:00,80218.4,80218.4,80161.0,80196.0,144.15717233158549,79905.90848278611,bullish_pressure,neutral,True,False,0,0
2026-05-08 17:36:00+00:00,80196.0,80230.0,80126.3,80133.2,144.15717233158549,79905.90848278611,breakout_up_weak,neutral,True,False,0,0
2026-05-08 17:37:00+00:00,80133.2,80148.0,80068.2,80084.4,144.15717233158549,79905.90848278611,bearish_pressure,neutral,True,False,0,0
2026-05-08 17:38:00+00:00,80084.4,80100.0,80035.4,80062.3,144.15717233158549,79905.90848278611,inside_bearish_weak,neutral,True,False,0,0
2026-05-08 17:39:00+00:00,80062.4,80100.0,80053.5,80100.0,144.15717233158549,79905.90848278611,bullish_pressure,neutral,True,False,0,0
2026-05-08 17:40:00+00:00,80099.9,80116.0,80083.7,80087.7,138.57451716504366,79909.66475045371,inside_bearish_weak,neutral,True,False,0,0
2026-05-08 17:41:00+00:00,80087.7,80097.5,80054.1,80072.1,138.57451716504366,79909.66475045371,inside_bearish_weak,neutral,True,False,0,0
2026-05-08 17:42:00+00:00,80072.1,80074.9,80050.0,80055.7,138.57451716504366,79909.66475045371,bearish_pressure,neutral,True,False,0,0
2026-05-08 17:43:00+00:00,80055.7,80070.0,80050.0,80069.8,138.57451716504366,79909.66475045371,bullish_pressure,neutral,True,False,0,0
2026-05-08 17:44:00+00:00,80069.8,80100.0,80068.7,80095.6,138.57451716504366,79909.66475045371,bullish_pressure,neutral,True,False,0,0
2026-05-08 17:45:00+00:00,80095.6,80150.0,80091.6,80103.2,138.0620516532544,79915.86940886057,indecision,neutral,True,False,0,0
2026-05-08 17:46:00+00:00,80103.2,80156.0,80103.2,80150.0,138.0620516532544,79915.86940886057,bullish_pressure,neutral,True,False,0,0
2026-05-08 17:47:00+00:00,80150.0,80178.1,80131.8,80132.1,138.0620516532544,79915.86940886057,inside_bearish_weak,neutral,True,False,0,0
2026-05-08 17:48:00+00:00,80132.2,80158.1,80110.3,80158.1,138.0620516532544,79915.86940886057,bullish_pressure,neutral,True,False,0,0
2026-05-08 17:49:00+00:00,80158.0,80223.0,80158.0,80223.0,138.0620516532544,79915.86940886057,breakout_up_weak,neutral,True,False,0,0
2026-05-08 17:50:00+00:00,80223.0,80223.0,80176.4,80176.4,134.99333367802237,79920.46407403164,bearish_pressure,neutral,True,False,0,0
2026-05-08 17:51:00+00:00,80176.4,80176.5,80136.6,80149.7,134.99333367802237,79920.46407403164,bearish_pressure,neutral,True,False,0,0
2026-05-08 17:52:00+00:00,80149.6,80168.8,80127.9,80164.6,134.99333367802237,79920.46407403164,inside_bullish_weak,neutral,True,False,0,0
2026-05-08 17:53:00+00:00,80164.5,80166.0,80131.8,80163.9,134.99333367802237,79920.46407403164,inside_bar,neutral,True,False,0,0
2026-05-08 17:54:00+00:00,80163.9,80164.0,80140.8,80147.9,134.99333367802237,79920.46407403164,bearish_pressure,neutral,True,False,0,0
2026-05-08 17:55:00+00:00,80147.9,80160.0,80116.0,80122.0,141.2795241295922,79922.64300325872,bearish_pressure,neutral,True,False,0,0
2026-05-08 17:56:00+00:00,80121.9,80122.0,80080.8,80082.0,141.2795241295922,79922.64300325872,bearish_pressure,neutral,True,False,0,0
2026-05-08 17:57:00+00:00,80082.0,80082.0,80027.8,80027.9,141.2795241295922,79922.64300325872,bearish_pressure,neutral,True,False,0,0
2026-05-08 17:58:00+00:00,80027.9,80032.1,79960.0,79967.5,141.2795241295922,79922.64300325872,trend_continuation_down,neutral,True,False,0,0
2026-05-08 17:59:00+00:00,79967.6,80031.1,79937.0,80030.5,141.2795241295922,79922.64300325872,bullish_pressure,neutral,True,False,0,0
2026-05-08 18:00:00+00:00,80030.4,80231.1,80024.1,80138.2,145.97384383462133,79928.0084883427,bullish_pressure,neutral,True,False,0,0
2026-05-08 18:01:00+00:00,80138.2,80186.7,80112.0,80164.0,145.97384383462133,79928.0084883427,inside_bar,neutral,True,False,0,0
2026-05-08 18:02:00+00:00,80164.0,80181.5,80139.5,80176.2,145.97384383462133,79928.0084883427,inside_bar,neutral,True,False,0,0
2026-05-08 18:03:00+00:00,80176.2,80176.2,80139.5,80163.1,145.97384383462133,79928.0084883427,inside_bar,neutral,True,False,0,0
2026-05-08 18:04:00+00:00,80163.1,80194.2,80149.1,80193.6,145.97384383462133,79928.0084883427,bullish_pressure,neutral,True,False,0,0
2026-05-08 18:05:00+00:00,80193.7,80196.5,80139.5,80169.6,140.6185692750055,79932.0776271874,inside_bearish_weak,neutral,True,False,0,0
2026-05-08 18:06:00+00:00,80169.6,80194.3,80154.3,80161.9,140.6185692750055,79932.0776271874,inside_bar,neutral,True,False,0,0
2026-05-08 18:07:00+00:00,80161.9,80161.9,80130.0,80136.1,140.6185692750055,79932.0776271874,bearish_pressure,neutral,True,False,0,0
2026-05-08 18:08:00+00:00,80136.1,80150.0,80136.0,80145.1,140.6185692750055,79932.0776271874,bullish_pressure,neutral,True,False,0,0
2026-05-08 18:09:00+00:00,80145.1,80162.2,80125.5,80133.5,140.6185692750055,79932.0776271874,inside_bearish_weak,neutral,True,False,0,0
2026-05-08 18:10:00+00:00,80133.5,80158.9,80133.5,80148.7,133.7958143267902,79936.69985239161,bullish_pressure,neutral,True,False,0,0
2026-05-08 18:11:00+00:00,80148.7,80163.6,80130.3,80159.0,133.7958143267902,79936.69985239161,inside_bullish_weak,neutral,True,False,0,0
2026-05-08 18:12:00+00:00,80159.0,80159.1,80135.1,80151.4,133.7958143267902,79936.69985239161,inside_bar,neutral,True,False,0,0
2026-05-08 18:13:00+00:00,80151.4,80175.4,80151.3,80151.4,133.7958143267902,79936.69985239161,indecision,neutral,True,False,0,0
2026-05-08 18:14:00+00:00,80151.4,80169.6,80151.3,80165.5,133.7958143267902,79936.69985239161,bullish_pressure,neutral,True,False,0,0
2026-05-08 18:15:00+00:00,80165.6,80180.0,80147.8,80147.8,133.11754187487682,79942.13549887891,bearish_pressure,up,True,False,0,0
2026-05-08 18:16:00+00:00,80147.8,80156.4,80123.3,80156.3,133.11754187487682,79942.13549887891,inside_bullish_weak,up,True,False,0,0
2026-05-08 18:17:00+00:00,80156.3,80206.6,80156.3,80200.0,133.11754187487682,79942.13549887891,bullish_pressure,up,True,False,0,0
2026-05-08 18:18:00+00:00,80200.0,80247.6,80183.0,80203.0,133.11754187487682,79942.13549887891,indecision,up,True,False,0,0
2026-05-08 18:19:00+00:00,80202.9,80240.0,80200.7,80211.2,133.11754187487682,79942.13549887891,inside_bar,up,True,False,0,0
2026-05-08 18:20:00+00:00,80211.3,80230.0,80186.3,80213.1,130.62343174095787,79948.17836028725,indecision,up,True,False,0,0
2026-05-08 18:21:00+00:00,80213.0,80247.5,80213.0,80244.9,130.62343174095787,79948.17836028725,bullish_pressure,up,True,False,0,0
2026-05-08 18:22:00+00:00,80244.8,80266.6,80236.5,80248.0,130.62343174095787,79948.17836028725,indecision,up,True,False,0,0
2026-05-08 18:23:00+00:00,80248.1,80252.5,80168.4,80223.7,130.62343174095787,79948.17836028725,inside_bearish_weak,up,True,False,0,0
2026-05-08 18:24:00+00:00,80223.7,80265.5,80223.7,80247.3,130.62343174095787,79948.17836028725,bullish_pressure,up,True,False,0,0
2026-05-08 18:25:00+00:00,80247.3,80266.1,80222.6,80254.4,126.6003294737468,79953.16492741027,indecision,up,True,False,0,0
2026-05-08 18:26:00+00:00,80254.4,80259.3,80247.4,80258.9,126.6003294737468,79953.16492741027,inside_bar,up,True,False,0,0
2026-05-08 18:27:00+00:00,80258.9,80258.9,80231.8,80231.8,126.6003294737468,79953.16492741027,bearish_pressure,up,True,False,0,0
2026-05-08 18:28:00+00:00,80231.8,80252.8,80207.1,80207.1,126.6003294737468,79953.16492741027,bearish_pressure,up,True,False,0,0
2026-05-08 18:29:00+00:00,80207.1,80232.3,80191.8,80200.0,126.6003294737468,79953.16492741027,indecision,up,True,False,0,0
2026-05-08 18:30:00+00:00,80200.0,80220.1,80185.1,80217.0,122.86459165419366,79958.0151268675,bullish_pressure,up,True,False,0,0
2026-05-08 18:31:00+00:00,80217.1,80219.5,80184.2,80184.2,122.86459165419366,79958.0151268675,bearish_pressure,up,True,False,0,0
2026-05-08 18:32:00+00:00,80184.3,80228.7,80184.2,80228.7,122.86459165419366,79958.0151268675,bullish_pressure,up,True,False,0,0
2026-05-08 18:33:00+00:00,80228.6,80258.5,80228.6,80258.2,122.86459165419366,79958.0151268675,bullish_pressure,up,True,False,0,0
2026-05-08 18:34:00+00:00,80258.2,80258.3,80198.1,80198.1,122.86459165419366,79958.0151268675,bearish_pressure,up,True,False,0,0
2026-05-08 18:35:00+00:00,80198.1,80212.0,80181.0,80201.7,120.49569225032248,79962.39502534537,indecision,up,True,False,0,0
2026-05-08 18:36:00+00:00,80201.7,80201.8,80170.7,80171.2,120.49569225032248,79962.39502534537,bearish_pressure,up,True,False,0,0
2026-05-08 18:37:00+00:00,80171.2,80174.3,80127.6,80127.6,120.49569225032248,79962.39502534537,bearish_pressure,up,True,False,0,0
2026-05-08 18:38:00+00:00,80127.6,80140.5,80122.3,80135.0,120.49569225032248,79962.39502534537,inside_bullish_weak,up,True,False,0,0
2026-05-08 18:39:00+00:00,80135.0,80179.3,80134.9,80179.2,120.49569225032248,79962.39502534537,bullish_pressure,up,True,False,0,0
2026-05-10 20:40:00+00:00,80965.7,81012.9,80936.8,80981.0,123.12807069059843,81145.69835041529,inside_bullish_weak,neutral,False,True,0,0
2026-05-10 20:41:00+00:00,80980.9,80983.2,80965.0,80983.2,123.12807069059843,81145.69835041529,inside_bar,neutral,False,True,0,0
2026-05-10 20:42:00+00:00,80983.1,80983.2,80953.6,80962.9,123.12807069059843,81145.69835041529,bearish_pressure,neutral,False,True,0,0
2026-05-10 20:43:00+00:00,80962.8,80962.9,80888.0,80899.8,123.12807069059843,81145.69835041529,breakout_down_weak,neutral,False,True,0,0
2026-05-10 20:44:00+00:00,80899.9,80899.9,80757.0,80757.0,123.12807069059843,81145.69835041529,breakout_down_strong,neutral,False,True,0,0
2026-05-10 20:45:00+00:00,80757.1,80766.4,80591.2,80684.7,151.93320849841243,81129.46471971399,exhaustion_down,down,False,True,1,0
2026-05-10 20:50:00+00:00,80325.8,80453.1,80225.1,80453.1,171.43083646281113,81118.5050222939,exhaustion_down,down,False,True,0,0
2026-05-10 20:51:00+00:00,80453.0,80631.0,80453.0,80585.1,171.43083646281113,81118.5050222939,trend_continuation_down,down,False,True,0,0
2026-05-10 20:52:00+00:00,80585.1,80650.0,80585.0,80588.6,171.43083646281113,81118.5050222939,trend_continuation_down,down,False,True,0,0
2026-05-10 20:53:00+00:00,80588.5,80588.6,80519.6,80526.4,171.43083646281113,81118.5050222939,breakout_down_strong,down,False,True,0,0
2026-05-10 20:54:00+00:00,80526.5,80576.0,80520.1,80576.0,171.43083646281113,81118.5050222939,trend_continuation_down,down,False,True,0,0
2026-05-10 20:55:00+00:00,80576.0,80600.4,80550.0,80599.9,170.06434814403912,81110.04353670392,exhaustion_down,down,False,True,1,0
2026-05-10 21:03:00+00:00,80906.0,80911.0,80819.9,80841.6,176.3454661337506,81102.89812013552,trend_continuation_up,down,False,True,0,0
2026-05-10 21:04:00+00:00,80841.5,80845.4,80745.9,80749.2,176.3454661337506,81102.89812013552,bearish_pressure,down,False,True,0,0
2026-05-10 21:05:00+00:00,80749.1,80793.6,80732.6,80793.6,171.34936140991084,81096.9021177566,bullish_pressure,down,False,True,0,0
2026-05-10 21:06:00+00:00,80793.6,80808.5,80750.8,80808.4,171.34936140991084,81096.9021177566,inside_bullish_weak,down,False,True,0,0
2026-05-10 21:07:00+00:00,80808.5,80839.0,80790.2,80800.0,171.34936140991084,81096.9021177566,indecision,down,False,True,0,0
2026-05-10 21:08:00+00:00,80800.0,80820.0,80793.8,80820.0,171.34936140991084,81096.9021177566,bullish_pressure,down,False,True,0,0
2026-05-10 21:09:00+00:00,80820.0,80820.0,80800.0,80800.1,171.34936140991084,81096.9021177566,bearish_pressure,down,False,True,0,0
2026-05-10 21:10:00+00:00,80800.1,80800.1,80745.0,80757.5,178.48154988063234,81087.41098671191,bearish_pressure,down,False,True,0,0
2026-05-10 21:11:00+00:00,80757.5,80757.6,80614.2,80633.5,178.48154988063234,81087.41098671191,breakout_down_weak,down,False,True,0,0
2026-05-10 21:12:00+00:00,80633.6,80669.3,80538.3,80542.5,178.48154988063234,81087.41098671191,bearish_pressure,down,False,True,0,0
2026-05-10 21:13:00+00:00,80542.4,80631.7,80528.9,80631.7,178.48154988063234,81087.41098671191,bullish_pressure,down,False,True,0,0
2026-05-10 21:14:00+00:00,80631.6,80631.8,80603.2,80617.6,178.48154988063234,81087.41098671191,bearish_pressure,down,False,True,0,0
2026-05-10 21:15:00+00:00,80617.7,80660.8,80610.9,80639.9,183.84001060344434,81082.52166024238,inside_bullish_weak,down,False,True,0,0
2026-05-10 21:16:00+00:00,80640.0,80647.2,80624.6,80640.7,183.84001060344434,81082.52166024238,inside_bar,down,False,True,0,0
2026-05-10 21:17:00+00:00,80640.7,80695.0,80640.6,80687.9,183.84001060344434,81082.52166024238,bullish_pressure,down,False,True,0,0
2026-05-10 21:18:00+00:00,80687.8,80744.9,80687.8,80741.0,183.84001060344434,81082.52166024238,bullish_pressure,down,False,True,0,0
2026-05-10 21:19:00+00:00,80741.0,80864.4,80733.7,80840.5,183.84001060344434,81082.52166024238,breakout_up_weak,down,False,True,0,0
2026-05-10 21:20:00+00:00,80840.6,80840.6,80740.0,80749.3,185.0942955603418,81075.1430135049,bearish_pressure,down,False,True,0,0
2026-05-10 21:21:00+00:00,80749.3,80755.3,80699.2,80699.6,185.0942955603418,81075.1430135049,bearish_pressure,down,False,True,0,0
2026-05-10 21:22:00+00:00,80699.6,80726.0,80639.2,80726.0,185.0942955603418,81075.1430135049,inside_bullish_weak,down,False,True,0,0
2026-05-10 21:23:00+00:00,80725.9,80775.5,80725.9,80768.1,185.0942955603418,81075.1430135049,bullish_pressure,down,False,True,0,0
2026-05-10 21:24:00+00:00,80768.1,80768.2,80696.0,80709.9,185.0942955603418,81075.1430135049,bearish_pressure,down,False,True,0,0
2026-05-10 21:25:00+00:00,80710.0,80720.0,80697.4,80720.0,179.20184587746067,81069.68275581172,inside_bar,down,False,True,0,0
2026-05-10 21:26:00+00:00,80719.9,80741.4,80707.4,80708.9,179.20184587746067,81069.68275581172,inside_bearish_weak,down,False,True,0,0
2026-05-10 21:27:00+00:00,80708.9,80733.8,80708.8,80712.6,179.20184587746067,81069.68275581172,inside_bar,down,False,True,0,0
2026-05-10 21:28:00+00:00,80712.6,80763.6,80712.5,80763.5,179.20184587746067,81069.68275581172,bullish_pressure,down,False,True,0,0
2026-05-10 21:29:00+00:00,80763.5,80800.0,80763.5,80799.4,179.20184587746067,81069.68275581172,bullish_pressure,down,False,True,0,0
2026-05-10 21:30:00+00:00,80799.4,80834.2,80799.4,80819.1,174.13742831478513,81064.70883985505,bullish_pressure,down,False,True,0,0
2026-05-10 21:31:00+00:00,80819.1,80838.0,80790.2,80837.9,174.13742831478513,81064.70883985505,inside_bullish_weak,down,False,True,0,0
2026-05-10 21:32:00+00:00,80837.9,80880.5,80837.9,80880.4,174.13742831478513,81064.70883985505,breakout_up_weak,down,False,True,0,0
2026-05-10 21:33:00+00:00,80880.4,80898.5,80875.2,80875.2,174.13742831478513,81064.70883985505,exhaustion_up,down,False,True,0,1
2026-05-10 21:34:00+00:00,80875.3,80875.3,80798.7,80818.5,174.13742831478513,81064.70883985505,bearish_pressure,down,False,True,0,0
2026-05-10 21:35:00+00:00,80818.4,80828.8,80787.9,80815.7,173.31332629229988,81058.05717965991,indecision,down,False,True,0,0
2026-05-10 21:36:00+00:00,80815.8,80830.2,80815.5,80815.7,173.31332629229988,81058.05717965991,indecision,down,False,True,0,0
2026-05-10 21:37:00+00:00,80815.7,80885.9,80800.0,80803.9,173.31332629229988,81058.05717965991,indecision,down,False,True,0,0
2026-05-10 21:38:00+00:00,80803.9,80832.0,80794.1,80800.4,173.31332629229988,81058.05717965991,indecision,down,False,True,0,0
2026-05-10 21:39:00+00:00,80800.3,80800.3,80723.3,80728.8,173.31332629229988,81058.05717965991,bearish_pressure,down,False,True,0,0
2026-05-10 21:40:00+00:00,80728.9,80784.2,80728.9,80779.2,170.07666012856416,81052.75307709239,bullish_pressure,down,False,True,0,0
2026-05-10 21:41:00+00:00,80779.2,80779.2,80743.0,80767.9,170.07666012856416,81052.75307709239,inside_bar,down,False,True,0,0
2026-05-10 21:42:00+00:00,80768.0,80798.1,80767.9,80798.1,170.07666012856416,81052.75307709239,bullish_pressure,down,False,True,0,0
2026-05-10 21:43:00+00:00,80798.1,80856.8,80798.0,80813.8,170.07666012856416,81052.75307709239,inside_bullish_weak,down,False,True,0,0
2026-05-10 21:44:00+00:00,80813.9,80840.0,80790.2,80790.2,170.07666012856416,81052.75307709239,bearish_pressure,down,False,True,0,0
2026-05-10 21:45:00+00:00,80790.3,80851.7,80790.2,80851.6,162.32118440509527,81047.79757061531,bullish_pressure,down,False,True,0,0
2026-05-10 21:46:00+00:00,80851.6,80851.7,80813.8,80839.1,162.32118440509527,81047.79757061531,inside_bar,down,False,True,0,0
2026-05-10 21:47:00+00:00,80839.0,80839.1,80810.0,80816.1,162.32118440509527,81047.79757061531,bearish_pressure,down,False,True,0,0
2026-05-10 21:48:00+00:00,80816.1,80834.0,80816.1,80829.1,162.32118440509527,81047.79757061531,bullish_pressure,down,False,True,0,0
2026-05-10 21:49:00+00:00,80829.0,80829.1,80798.4,80802.5,162.32118440509527,81047.79757061531,bearish_pressure,down,False,True,0,0
2026-05-10 21:50:00+00:00,80802.6,80830.0,80802.6,80830.0,163.0625283761597,81041.07088604868,bullish_pressure,down,False,True,0,0
2026-05-10 21:51:00+00:00,80830.0,80876.2,80829.9,80876.1,163.0625283761597,81041.07088604868,bullish_pressure,down,False,True,0,0
2026-05-10 21:52:00+00:00,80876.2,80880.8,80734.6,80736.4,163.0625283761597,81041.07088604868,bearish_pressure,down,False,True,0,0
2026-05-10 21:53:00+00:00,80736.4,80773.6,80723.3,80723.3,163.0625283761597,81041.07088604868,inside_bearish_weak,down,False,True,0,0
2026-05-10 21:54:00+00:00,80723.3,80758.0,80708.1,80708.1,163.0625283761597,81041.07088604868,inside_bearish_weak,down,False,True,0,0
2026-05-10 21:55:00+00:00,80708.1,80755.7,80688.2,80730.5,157.67949063500524,81033.80215563187,inside_bullish_weak,down,False,True,0,0
2026-05-10 21:56:00+00:00,80730.4,80730.5,80698.1,80703.7,157.67949063500524,81033.80215563187,bearish_pressure,down,False,True,0,0
2026-05-10 21:57:00+00:00,80703.7,80707.2,80688.0,80707.1,157.67949063500524,81033.80215563187,indecision,down,False,True,0,0
2026-05-10 21:58:00+00:00,80707.1,80707.2,80685.0,80685.0,157.67949063500524,81033.80215563187,bearish_pressure,down,False,True,0,0
2026-05-10 21:59:00+00:00,80685.0,80688.0,80668.0,80674.0,157.67949063500524,81033.80215563187,bearish_pressure,down,False,True,0,0
2026-05-10 22:00:00+00:00,80674.0,80850.0,80614.0,80849.9,186.2523841610761,81031.42587532234,bullish_pressure,down,False,True,0,0
2026-05-10 22:01:00+00:00,80849.9,81078.0,80838.7,81077.9,186.2523841610761,81031.42587532234,bullish_pressure,down,False,True,0,0
2026-05-10 22:02:00+00:00,81078.0,81171.7,80903.1,80903.1,186.2523841610761,81031.42587532234,trend_continuation_up,down,False,True,0,0
2026-05-10 22:03:00+00:00,80902.8,80978.6,80771.4,80945.9,186.2523841610761,81031.42587532234,trend_continuation_up,down,False,True,0,0
2026-05-10 22:04:00+00:00,80946.0,80948.7,80874.6,80913.8,186.2523841610761,81031.42587532234,inside_bar,down,False,True,0,0
2026-05-10 22:05:00+00:00,80913.7,81016.6,80895.1,80963.7,196.66292814957066,81033.66892729617,exhaustion_up,down,True,False,0,0
2026-05-10 22:06:00+00:00,80963.6,81116.2,80888.1,81070.4,196.66292814957066,81033.66892729617,breakout_up_strong,down,True,False,0,0
2026-05-10 22:07:00+00:00,81070.5,81220.1,81060.8,81087.5,196.66292814957066,81033.66892729617,exhaustion_up,down,True,False,0,0
2026-05-10 22:08:00+00:00,81087.5,81216.3,81056.6,81214.5,196.66292814957066,81033.66892729617,breakout_up_strong,down,True,False,0,0
2026-05-10 22:09:00+00:00,81214.4,81214.5,81144.6,81144.7,196.66292814957066,81033.66892729617,bullish_pressure,down,True,False,0,0
2026-05-10 22:10:00+00:00,81144.6,81363.6,81140.9,81288.3,200.6584332817446,81038.54677032,breakout_up_strong,down,True,False,0,0
2026-05-10 22:11:00+00:00,81288.3,81366.5,81270.1,81330.8,200.6584332817446,81038.54677032,exhaustion_up,down,True,False,0,0
2026-05-10 22:12:00+00:00,81330.7,81393.5,81293.3,81293.3,200.6584332817446,81038.54677032,exhaustion_up,down,True,False,0,0
2026-05-10 22:13:00+00:00,81293.3,81304.1,81248.8,81289.6,200.6584332817446,81038.54677032,bullish_pressure,down,True,False,0,0
2026-05-10 22:14:00+00:00,81289.6,81300.0,81266.0,81280.0,200.6584332817446,81038.54677032,breakout_up_strong,down,True,False,0,0
2026-05-10 22:15:00+00:00,81280.0,81311.0,81235.1,81235.2,199.05425947590552,81044.00525011563,exhaustion_up,down,True,False,0,0
2026-05-10 22:16:00+00:00,81235.1,81240.7,81174.2,81185.5,199.05425947590552,81044.00525011563,bearish_pressure,down,True,False,0,0
2026-05-10 22:17:00+00:00,81185.5,81325.6,81171.8,81253.1,199.05425947590552,81044.00525011563,exhaustion_up,down,True,False,0,0
2026-05-10 22:18:00+00:00,81253.1,81349.1,81253.1,81282.5,199.05425947590552,81044.00525011563,exhaustion_up,down,True,False,0,0
2026-05-10 22:19:00+00:00,81282.6,81350.0,81282.5,81314.2,199.05425947590552,81044.00525011563,exhaustion_up,down,True,False,0,0
2026-05-10 22:20:00+00:00,81314.1,81335.5,81263.9,81296.3,193.75038379905533,81048.57544318265,trend_continuation_up,neutral,True,False,0,0
2026-05-10 22:21:00+00:00,81296.3,81306.8,81240.0,81244.4,193.75038379905533,81048.57544318265,bearish_pressure,neutral,True,False,0,0
2026-05-10 22:22:00+00:00,81244.4,81244.4,81210.7,81240.9,193.75038379905533,81048.57544318265,indecision,neutral,True,False,0,0
2026-05-10 22:23:00+00:00,81240.9,81269.9,81215.3,81245.4,193.75038379905533,81048.57544318265,indecision,neutral,True,False,0,0
2026-05-10 22:24:00+00:00,81245.4,81286.0,81241.3,81274.8,193.75038379905533,81048.57544318265,bullish_pressure,neutral,True,False,0,0
2026-05-10 22:25:00+00:00,81274.7,81315.3,81261.9,81315.3,211.06821352769506,81056.77790965428,trend_continuation_up,neutral,True,False,0,0
2026-05-10 22:26:00+00:00,81315.3,81397.9,81315.3,81352.8,211.06821352769506,81056.77790965428,exhaustion_up,neutral,True,False,0,0
2026-05-10 22:27:00+00:00,81352.7,81698.1,81352.7,81612.7,211.06821352769506,81056.77790965428,breakout_up_strong,neutral,True,False,0,0
2026-05-10 22:28:00+00:00,81612.6,81667.2,81537.1,81537.1,211.06821352769506,81056.77790965428,exhaustion_up,neutral,True,False,0,0
2026-05-10 22:29:00+00:00,81537.1,81542.3,81461.3,81462.8,211.06821352769506,81056.77790965428,trend_continuation_up,neutral,True,False,0,0
2026-05-10 22:30:00+00:00,81462.8,81491.6,81422.0,81429.0,244.60619827571728,81075.27933718587,exhaustion_up,neutral,True,False,0,0
2026-05-10 22:31:00+00:00,81429.0,81569.8,81419.4,81550.9,244.60619827571728,81075.27933718587,breakout_up_strong,neutral,True,False,0,0
2026-05-10 22:32:00+00:00,81551.0,81786.7,81528.6,81675.5,244.60619827571728,81075.27933718587,exhaustion_up,neutral,True,False,0,0
2026-05-10 22:33:00+00:00,81675.4,82088.3,81626.1,81968.9,244.60619827571728,81075.27933718587,breakout_up_strong,neutral,True,False,0,0
2026-05-10 22:34:00+00:00,81968.9,82100.0,81908.9,81991.1,244.60619827571728,81075.27933718587,exhaustion_up,neutral,True,False,0,0
2026-05-10 22:35:00+00:00,81991.5,82040.0,81928.6,81937.1,241.27718411316604,81091.6084592218,exhaustion_up,up,True,False,0,1
2026-05-10 22:36:00+00:00,81937.1,81943.7,81859.9,81906.1,241.27718411316604,81091.6084592218,bullish_pressure,up,True,False,0,0
2026-05-10 22:37:00+00:00,81906.2,81924.7,81842.0,81878.4,241.27718411316604,81091.6084592218,bullish_pressure,up,True,False,0,0
2026-05-10 22:38:00+00:00,81878.4,81942.7,81855.2,81859.7,241.27718411316604,81091.6084592218,exhaustion_up,up,True,False,0,1
2026-05-10 22:39:00+00:00,81859.8,81904.4,81859.8,81899.9,241.27718411316604,81091.6084592218,breakout_up_strong,up,True,False,0,0
2026-05-10 22:40:00+00:00,81899.9,81950.0,81890.9,81890.9,234.59309953365397,81106.61423230651,exhaustion_up,up,True,False,0,1
2026-05-10 22:41:00+00:00,81890.9,81916.8,81817.7,81888.0,234.59309953365397,81106.61423230651,bullish_pressure,up,True,False,0,0
2026-05-10 22:42:00+00:00,81887.9,81900.0,81807.4,81817.6,234.59309953365397,81106.61423230651,breakout_up_weak,up,True,False,0,0
2026-05-10 22:43:00+00:00,81817.5,81847.3,81802.3,81837.6,234.59309953365397,81106.61423230651,trend_continuation_up,up,True,False,0,0
2026-05-10 22:44:00+00:00,81837.7,81849.4,81826.9,81849.4,234.59309953365397,81106.61423230651,trend_continuation_up,up,True,False,0,0
2026-05-10 22:45:00+00:00,81849.5,81920.0,81849.4,81890.1,228.62930670982092,81123.31296037964,exhaustion_up,up,True,False,0,1
2026-05-10 22:46:00+00:00,81890.0,81890.0,81837.0,81870.3,228.62930670982092,81123.31296037964,trend_continuation_up,up,True,False,0,0
2026-05-10 22:47:00+00:00,81870.3,81875.0,81810.6,81874.1,228.62930670982092,81123.31296037964,trend_continuation_up,up,True,False,0,0
2026-05-10 22:48:00+00:00,81874.0,81907.0,81852.0,81882.3,228.62930670982092,81123.31296037964,exhaustion_up,up,True,False,0,1
2026-05-10 22:49:00+00:00,81882.3,81961.7,81880.4,81949.9,228.62930670982092,81123.31296037964,breakout_up_weak,up,True,False,0,0
2026-05-10 22:50:00+00:00,81949.9,81980.0,81884.7,81917.0,231.35578480197574,81140.59389185726,trend_continuation_up,up,True,False,0,0
2026-05-10 22:51:00+00:00,81917.0,81917.1,81786.1,81818.2,231.35578480197574,81140.59389185726,bearish_pressure,up,True,False,0,0
2026-05-10 22:52:00+00:00,81818.1,81921.0,81814.5,81921.0,231.35578480197574,81140.59389185726,trend_continuation_up,up,True,False,0,0
2026-05-10 22:53:00+00:00,81921.0,82052.9,81921.0,82043.5,231.35578480197574,81140.59389185726,bullish_pressure,up,True,False,0,0
2026-05-10 22:54:00+00:00,82043.4,82046.4,81978.4,81996.0,231.35578480197574,81140.59389185726,trend_continuation_up,up,True,False,0,0
2026-05-10 22:55:00+00:00,81995.9,82138.9,81988.0,82088.7,229.1946573161197,81157.8752009294,breakout_up_strong,up,True,False,0,0
2026-05-10 22:56:00+00:00,82088.6,82132.8,82005.6,82129.7,229.1946573161197,81157.8752009294,bullish_pressure,up,True,False,0,0
2026-05-10 22:57:00+00:00,82129.7,82129.7,82003.3,82023.6,229.1946573161197,81157.8752009294,breakout_up_weak,up,True,False,0,0
2026-05-10 22:58:00+00:00,82023.6,82034.5,81977.6,81992.2,229.1946573161197,81157.8752009294,bearish_pressure,up,True,False,0,0
2026-05-10 22:59:00+00:00,81992.2,82013.3,81937.8,82013.3,229.1946573161197,81157.8752009294,inside_bullish_weak,up,True,False,0,0
2026-05-10 23:00:00+00:00,82013.2,82249.9,82009.4,82167.0,240.40218179354014,81178.35093952485,breakout_up_strong,up,True,False,0,0
2026-05-10 23:01:00+00:00,82167.0,82199.3,82062.2,82173.0,240.40218179354014,81178.35093952485,bullish_pressure,up,True,False,0,0
2026-05-10 23:02:00+00:00,82173.0,82395.5,82173.0,82326.3,240.40218179354014,81178.35093952485,breakout_up_strong,up,True,False,0,0
2026-05-10 23:03:00+00:00,82326.3,82335.5,82188.9,82191.7,240.40218179354014,81178.35093952485,trend_continuation_up,up,True,False,0,0
2026-05-10 23:04:00+00:00,82191.8,82234.3,82158.9,82191.9,240.40218179354014,81178.35093952485,exhaustion_up,up,True,False,0,1
2026-05-10 23:05:00+00:00,82191.9,82327.9,82191.9,82262.0,235.09488309400197,81200.0509209204,exhaustion_up,up,True,False,0,1
2026-05-10 23:06:00+00:00,82262.0,82350.0,82228.8,82228.8,235.09488309400197,81200.0509209204,exhaustion_up,up,True,False,0,1
2026-05-10 23:07:00+00:00,82228.8,82243.1,82183.9,82220.7,235.09488309400197,81200.0509209204,trend_continuation_up,up,True,False,0,0
2026-05-10 23:08:00+00:00,82221.1,82340.8,82221.1,82274.2,235.09488309400197,81200.0509209204,exhaustion_up,up,True,False,0,1
2026-05-10 23:09:00+00:00,82274.2,82291.9,82240.8,82274.2,235.09488309400197,81200.0509209204,trend_continuation_up,up,True,False,0,0
2026-05-10 23:10:00+00:00,82274.1,82400.0,82268.2,82367.6,231.45239144443082,81222.96872446654,bullish_pressure,up,True,False,0,0
2026-05-10 23:11:00+00:00,82367.6,82373.0,82275.3,82281.1,231.45239144443082,81222.96872446654,trend_continuation_up,up,True,False,0,0
2026-05-10 23:12:00+00:00,82281.2,82314.8,82233.0,82240.0,231.45239144443082,81222.96872446654,bearish_pressure,up,True,False,0,0
2026-05-10 23:13:00+00:00,82240.0,82298.6,82215.9,82276.0,231.45239144443082,81222.96872446654,inside_bullish_weak,up,True,False,0,0
2026-05-10 23:14:00+00:00,82276.0,82357.5,82251.4,82357.4,231.45239144443082,81222.96872446654,breakout_up_weak,up,True,False,0,0
2026-05-10 23:15:00+00:00,82357.5,82460.5,82357.4,82387.9,232.12722062697108,81243.02676952661,exhaustion_up,up,True,False,0,1
2026-05-10 23:16:00+00:00,82387.9,82394.9,82343.3,82387.2,232.12722062697108,81243.02676952661,trend_continuation_up,up,True,False,0,0
2026-05-10 23:17:00+00:00,82387.1,82387.2,82228.5,82261.0,232.12722062697108,81243.02676952661,bearish_pressure,up,True,False,0,0
2026-05-10 23:18:00+00:00,82261.0,82275.6,82219.6,82253.2,232.12722062697108,81243.02676952661,indecision,up,True,False,0,0
2026-05-10 23:19:00+00:00,82253.2,82262.0,82222.3,82235.9,232.12722062697108,81243.02676952661,inside_bar,up,True,False,0,0
2026-05-10 23:20:00+00:00,82235.9,82247.0,82213.2,82239.3,225.17527629647336,81262.69356616963,indecision,up,True,False,0,0
2026-05-10 23:21:00+00:00,82239.4,82300.0,82239.3,82286.9,225.17527629647336,81262.69356616963,bullish_pressure,up,True,False,0,0
2026-05-10 23:22:00+00:00,82287.0,82304.8,82273.6,82283.8,225.17527629647336,81262.69356616963,indecision,up,True,False,0,0
2026-05-10 23:23:00+00:00,82283.8,82286.5,82170.0,82197.2,225.17527629647336,81262.69356616963,bearish_pressure,up,True,False,0,0
2026-05-10 23:24:00+00:00,82197.2,82263.5,82186.3,82236.2,225.17527629647336,81262.69356616963,bullish_pressure,up,True,False,0,0
2026-05-10 23:25:00+00:00,82236.3,82282.4,82236.2,82261.2,221.3556137038679,81281.12933713658,bullish_pressure,up,True,False,0,0
2026-05-10 23:26:00+00:00,82261.2,82286.0,82243.6,82264.3,221.3556137038679,81281.12933713658,indecision,up,True,False,0,0
2026-05-10 23:27:00+00:00,82264.2,82325.0,82264.2,82283.1,221.3556137038679,81281.12933713658,inside_bullish_weak,up,True,False,0,0
2026-05-10 23:28:00+00:00,82283.0,82283.1,82219.7,82237.3,221.3556137038679,81281.12933713658,bearish_pressure,up,True,False,0,0
2026-05-10 23:29:00+00:00,82237.3,82237.4,82153.3,82193.7,221.3556137038679,81281.12933713658,bearish_pressure,up,True,False,0,0
2026-05-10 23:30:00+00:00,82193.7,82264.6,82193.6,82244.9,213.01592701073488,81298.81984531209,bullish_pressure,up,True,False,0,0
2026-05-10 23:31:00+00:00,82244.9,82252.7,82167.8,82197.3,213.01592701073488,81298.81984531209,bearish_pressure,up,True,False,0,0
2026-05-10 23:32:00+00:00,82197.3,82210.0,82197.2,82209.8,213.01592701073488,81298.81984531209,bullish_pressure,up,True,False,0,0
2026-05-10 23:33:00+00:00,82209.8,82252.6,82160.0,82182.9,213.01592701073488,81298.81984531209,inside_bearish_weak,up,True,False,0,0
2026-05-10 23:34:00+00:00,82182.9,82194.0,82160.8,82174.5,213.01592701073488,81298.81984531209,inside_bar,up,True,False,0,0
2026-05-10 23:35:00+00:00,82174.5,82228.0,82174.1,82226.8,212.65050365282485,81319.41153154353,bullish_pressure,up,True,False,0,0
2026-05-10 23:36:00+00:00,82226.9,82319.9,82226.8,82303.0,212.65050365282485,81319.41153154353,bullish_pressure,up,True,False,0,0
2026-05-10 23:37:00+00:00,82303.0,82364.8,82291.9,82340.0,212.65050365282485,81319.41153154353,bullish_pressure,up,True,False,0,0
2026-05-10 23:38:00+00:00,82340.0,82382.0,82317.6,82317.7,212.65050365282485,81319.41153154353,inside_bearish_weak,up,True,False,0,0
2026-05-10 23:39:00+00:00,82317.6,82340.0,82309.0,82338.7,212.65050365282485,81319.41153154353,bullish_pressure,up,True,False,0,0
2026-05-10 23:40:00+00:00,82338.6,82350.0,82291.9,82291.9,204.26118196333715,81339.79546161198,bearish_pressure,up,True,False,0,0
2026-05-10 23:41:00+00:00,82292.0,82318.1,82270.3,82280.8,204.26118196333715,81339.79546161198,inside_bearish_weak,up,True,False,0,0
2026-05-10 23:42:00+00:00,82280.9,82331.8,82280.8,82331.7,204.26118196333715,81339.79546161198,bullish_pressure,up,True,False,0,0
2026-05-10 23:43:00+00:00,82331.8,82347.9,82306.1,82318.3,204.26118196333715,81339.79546161198,inside_bearish_weak,up,True,False,0,0
2026-05-10 23:44:00+00:00,82318.2,82365.5,82318.2,82348.8,204.26118196333715,81339.79546161198,bullish_pressure,up,True,False,0,0
2026-05-10 23:45:00+00:00,82348.9,82372.3,82289.4,82308.6,198.27109753738515,81358.46683860976,bearish_pressure,up,True,False,0,0
2026-05-10 23:46:00+00:00,82308.6,82315.7,82280.1,82315.6,198.27109753738515,81358.46683860976,indecision,up,True,False,0,0
2026-05-10 23:47:00+00:00,82315.6,82329.9,82277.0,82302.2,198.27109753738515,81358.46683860976,inside_bearish_weak,up,True,False,0,0
2026-05-10 23:48:00+00:00,82302.3,82315.0,82291.3,82302.3,198.27109753738515,81358.46683860976,inside_bar,up,True,False,0,0
2026-05-10 23:49:00+00:00,82302.3,82320.5,82251.9,82282.7,198.27109753738515,81358.46683860976,inside_bearish_weak,up,True,False,0,0
2026-05-10 23:50:00+00:00,82282.7,82290.4,82177.0,82227.2,195.80173342757172,81374.02591111253,bearish_pressure,up,True,False,0,0
2026-05-10 23:51:00+00:00,82227.2,82230.0,82165.3,82183.8,195.80173342757172,81374.02591111253,bearish_pressure,up,True,False,0,0
2026-05-10 23:52:00+00:00,82183.8,82228.1,82174.3,82193.6,195.80173342757172,81374.02591111253,inside_bar,up,True,False,0,0
2026-05-10 23:53:00+00:00,82193.5,82200.0,82166.0,82166.1,195.80173342757172,81374.02591111253,bearish_pressure,up,True,False,0,0
2026-05-10 23:54:00+00:00,82166.0,82166.1,82126.7,82144.2,195.80173342757172,81374.02591111253,exhaustion_down,up,True,False,1,0
2026-05-10 23:55:00+00:00,82144.2,82144.2,82068.2,82078.5,192.0801810398878,81389.94024950634,breakout_down_weak,up,True,False,0,0
2026-05-10 23:56:00+00:00,82078.5,82096.7,82034.0,82052.2,192.0801810398878,81389.94024950634,trend_continuation_down,up,True,False,0,0
2026-05-10 23:57:00+00:00,82052.2,82123.2,82052.1,82123.1,192.0801810398878,81389.94024950634,bullish_pressure,up,True,False,0,0
2026-05-10 23:58:00+00:00,82123.1,82133.0,82088.8,82133.0,192.0801810398878,81389.94024950634,inside_bullish_weak,up,True,False,0,0
2026-05-10 23:59:00+00:00,82133.0,82177.7,82104.8,82177.7,192.0801810398878,81389.94024950634,bullish_pressure,up,True,False,0,0
2026-05-11 00:00:00+00:00,82177.7,82350.0,82159.4,82252.8,199.63873953703825,81403.06222476363,inside_bullish_weak,up,True,False,0,0
2026-05-11 00:01:00+00:00,82252.7,82285.3,82207.7,82207.7,199.63873953703825,81403.06222476363,bearish_pressure,up,True,False,0,0
2026-05-11 00:02:00+00:00,82207.8,82207.8,82151.0,82185.7,199.63873953703825,81403.06222476363,inside_bearish_weak,up,True,False,0,0
2026-05-11 00:03:00+00:00,82185.7,82185.8,82107.2,82126.7,199.63873953703825,81403.06222476363,bearish_pressure,up,True,False,0,0
2026-05-11 00:04:00+00:00,82126.6,82126.8,82052.1,82052.6,199.63873953703825,81403.06222476363,trend_continuation_down,up,True,False,0,0
2026-05-11 00:05:00+00:00,82052.6,82091.9,82040.0,82057.5,197.00740099867753,81413.80356684752,trend_continuation_down,up,True,False,0,0
2026-05-11 00:06:00+00:00,82057.6,82061.6,81963.1,81972.9,197.00740099867753,81413.80356684752,breakout_down_weak,up,True,False,0,0
2026-05-11 00:07:00+00:00,81972.9,81985.8,81933.4,81958.6,197.00740099867753,81413.80356684752,exhaustion_down,up,True,False,1,0
2026-05-11 00:08:00+00:00,81958.7,82026.3,81929.1,82022.1,197.00740099867753,81413.80356684752,breakout_down_weak,up,True,False,0,0
2026-05-11 00:09:00+00:00,82022.1,82022.1,81933.7,81945.5,197.00740099867753,81413.80356684752,trend_continuation_down,up,True,False,0,0
2026-05-11 00:10:00+00:00,81945.5,81975.7,81945.5,81968.3,194.43544378448627,81422.27478334558,trend_continuation_down,up,True,False,0,0
2026-05-11 00:11:00+00:00,81968.2,81995.8,81945.0,81983.9,194.43544378448627,81422.27478334558,inside_bullish_weak,up,True,False,0,0
2026-05-11 00:12:00+00:00,81983.8,81991.8,81905.2,81905.2,194.43544378448627,81422.27478334558,breakout_down_weak,up,True,False,0,0
2026-05-11 00:13:00+00:00,81905.2,81905.7,81876.6,81877.6,194.43544378448627,81422.27478334558,trend_continuation_down,up,True,False,0,0
2026-05-11 00:14:00+00:00,81877.6,81909.9,81834.8,81841.6,194.43544378448627,81422.27478334558,bearish_pressure,up,True,False,0,0
2026-05-11 00:15:00+00:00,81841.5,81841.6,81704.4,81718.2,204.9471977998805,81424.62973813081,breakout_down_strong,up,True,False,0,0
2026-05-11 00:16:00+00:00,81718.1,81799.0,81692.4,81799.0,204.9471977998805,81424.62973813081,trend_continuation_down,up,True,False,0,0
2026-05-11 00:17:00+00:00,81799.0,81827.0,81631.5,81677.7,204.9471977998805,81424.62973813081,bearish_pressure,up,True,False,0,0
2026-05-11 00:18:00+00:00,81677.8,81742.8,81627.0,81648.8,204.9471977998805,81424.62973813081,bearish_pressure,up,True,False,0,0
2026-05-11 00:19:00+00:00,81648.7,81659.0,81500.0,81541.2,204.9471977998805,81424.62973813081,breakout_down_strong,up,True,False,0,0
2026-05-11 00:20:00+00:00,81541.2,81607.3,81318.0,81449.1,220.84382652846048,81430.84103044505,exhaustion_down,up,True,False,1,0
2026-05-11 00:21:00+00:00,81449.2,81607.8,81436.0,81580.4,220.84382652846048,81430.84103044505,bearish_pressure,up,True,False,0,0
2026-05-11 00:22:00+00:00,81580.4,81638.9,81580.4,81586.8,220.84382652846048,81430.84103044505,bearish_pressure,up,True,False,0,0
2026-05-11 00:23:00+00:00,81586.9,81696.0,81586.8,81694.9,220.84382652846048,81430.84103044505,bullish_pressure,up,True,False,0,0
2026-05-11 00:24:00+00:00,81695.0,81745.5,81694.9,81738.3,220.84382652846048,81430.84103044505,bullish_pressure,up,True,False,0,0
2026-05-11 00:25:00+00:00,81738.3,81780.0,81705.4,81726.4,219.08355320499882,81434.90754469366,indecision,up,True,False,0,0
2026-05-11 00:26:00+00:00,81726.5,81726.5,81699.0,81720.6,219.08355320499882,81434.90754469366,inside_bearish_weak,up,True,False,0,0
2026-05-11 00:27:00+00:00,81720.7,81720.7,81635.0,81635.0,219.08355320499882,81434.90754469366,breakout_down_weak,up,True,False,0,0
2026-05-11 00:28:00+00:00,81635.0,81640.0,81583.8,81624.3,219.08355320499882,81434.90754469366,exhaustion_down,up,True,False,1,0
2026-05-11 00:29:00+00:00,81624.2,81640.0,81624.2,81636.2,219.08355320499882,81434.90754469366,trend_continuation_down,up,True,False,0,0
2026-05-11 00:30:00+00:00,81636.1,81687.5,81617.9,81674.3,216.04901369035647,81440.47967252151,bullish_pressure,up,True,False,0,0
2026-05-11 00:31:00+00:00,81674.4,81784.0,81674.3,81762.3,216.04901369035647,81440.47967252151,bullish_pressure,up,True,False,0,0
2026-05-11 00:32:00+00:00,81762.2,81794.5,81750.0,81774.6,216.04901369035647,81440.47967252151,inside_bullish_weak,up,True,False,0,0
2026-05-11 00:33:00+00:00,81774.7,81774.7,81742.0,81742.1,216.04901369035647,81440.47967252151,bearish_pressure,up,True,False,0,0
2026-05-11 00:34:00+00:00,81742.0,81742.1,81704.0,81716.3,216.04901369035647,81440.47967252151,bearish_pressure,up,True,False,0,0
2026-05-11 00:35:00+00:00,81716.3,81722.3,81705.6,81719.2,208.1383698553312,81445.02858989732,inside_bar,up,True,False,0,0
2026-05-11 00:36:00+00:00,81719.2,81765.0,81719.2,81735.1,208.1383698553312,81445.02858989732,inside_bullish_weak,up,True,False,0,0
2026-05-11 00:37:00+00:00,81735.1,81768.8,81726.3,81726.4,208.1383698553312,81445.02858989732,inside_bearish_weak,up,True,False,0,0
2026-05-11 00:38:00+00:00,81726.4,81726.4,81690.0,81690.1,208.1383698553312,81445.02858989732,bearish_pressure,up,True,False,0,0
2026-05-11 00:39:00+00:00,81690.1,81690.1,81663.5,81670.2,208.1383698553312,81445.02858989732,bearish_pressure,up,True,False,0,0
2026-05-11 00:40:00+00:00,81670.2,81682.4,81632.7,81647.7,209.72134343709243,81447.06960791915,bearish_pressure,up,True,False,0,0
2026-05-11 00:41:00+00:00,81647.7,81647.7,81501.2,81507.1,209.72134343709243,81447.06960791915,breakout_down_strong,up,True,False,0,0
2026-05-11 00:42:00+00:00,81507.1,81540.8,81452.1,81540.8,209.72134343709243,81447.06960791915,exhaustion_down,up,True,False,1,0
2026-05-11 00:43:00+00:00,81540.8,81642.9,81531.1,81602.9,209.72134343709243,81447.06960791915,bullish_pressure,up,True,False,0,0
2026-05-11 00:44:00+00:00,81602.9,81602.9,81548.0,81548.1,209.72134343709243,81447.06960791915,trend_continuation_down,up,True,False,0,0
2026-05-11 00:45:00+00:00,81548.0,81590.3,81500.0,81570.1,202.36267604872847,81448.81278399997,inside_bullish_weak,up,True,False,0,0
2026-05-11 00:46:00+00:00,81570.1,81606.7,81566.8,81604.7,202.36267604872847,81448.81278399997,bullish_pressure,up,True,False,0,0
2026-05-11 00:47:00+00:00,81604.8,81604.8,81520.1,81550.6,202.36267604872847,81448.81278399997,bearish_pressure,up,True,False,0,0
2026-05-11 00:48:00+00:00,81550.7,81593.1,81550.6,81579.0,202.36267604872847,81448.81278399997,bullish_pressure,up,True,False,0,0
2026-05-11 00:49:00+00:00,81578.9,81579.0,81535.1,81535.1,202.36267604872847,81448.81278399997,bearish_pressure,up,True,False,0,0
2026-05-11 00:50:00+00:00,81535.2,81542.5,81450.0,81520.1,212.21534204524806,81445.7867882772,indecision,up,False,True,0,0
2026-05-11 00:51:00+00:00,81520.1,81575.5,81508.1,81521.8,212.21534204524806,81445.7867882772,indecision,up,False,True,0,0
2026-05-11 00:52:00+00:00,81521.8,81524.8,81300.0,81332.0,212.21534204524806,81445.7867882772,breakout_down_strong,up,False,True,0,0
2026-05-11 00:53:00+00:00,81332.0,81340.4,81235.2,81259.5,212.21534204524806,81445.7867882772,bearish_pressure,up,False,True,0,0
2026-05-11 00:54:00+00:00,81259.4,81313.8,81243.2,81296.0,212.21534204524806,81445.7867882772,bearish_pressure,up,False,True,0,0
2026-05-11 00:55:00+00:00,81296.0,81296.0,81230.0,81268.1,213.04996047058708,81445.48011920239,exhaustion_down,up,False,True,0,0
2026-05-11 00:56:00+00:00,81268.2,81331.0,81264.5,81289.1,213.04996047058708,81445.48011920239,bearish_pressure,up,False,True,0,0
2026-05-11 00:57:00+00:00,81289.1,81370.0,81270.0,81369.9,213.04996047058708,81445.48011920239,breakout_down_weak,up,False,True,0,0
2026-05-11 00:58:00+00:00,81369.9,81417.5,81342.1,81403.6,213.04996047058708,81445.48011920239,inside_bullish_weak,up,False,True,0,0
2026-05-11 00:59:00+00:00,81403.6,81453.9,81403.6,81430.3,213.04996047058708,81445.48011920239,bullish_pressure,up,False,True,0,0
2026-05-11 01:00:00+00:00,81430.5,81459.3,81393.0,81393.1,213.28924900840292,81442.61318614888,bearish_pressure,up,False,True,0,0
2026-05-11 01:01:00+00:00,81393.0,81393.0,81257.8,81327.0,213.28924900840292,81442.61318614888,exhaustion_down,up,False,True,0,0
2026-05-11 01:02:00+00:00,81326.9,81352.4,81242.9,81277.9,213.28924900840292,81442.61318614888,trend_continuation_down,up,False,True,0,0
2026-05-11 01:03:00+00:00,81277.9,81387.1,81268.9,81322.4,213.28924900840292,81442.61318614888,inside_bullish_weak,up,False,True,0,0
2026-05-11 01:04:00+00:00,81322.4,81355.7,81299.0,81300.7,213.28924900840292,81442.61318614888,trend_continuation_down,up,False,True,0,0
2026-05-11 01:05:00+00:00,81300.6,81375.7,81260.0,81375.4,210.16858836494598,81440.51787553207,bullish_pressure,neutral,False,True,0,0
2026-05-11 01:06:00+00:00,81375.7,81399.8,81333.0,81341.3,210.16858836494598,81440.51787553207,bearish_pressure,neutral,False,True,0,0
2026-05-11 01:07:00+00:00,81341.2,81399.9,81334.0,81399.9,210.16858836494598,81440.51787553207,bullish_pressure,neutral,False,True,0,0
2026-05-11 01:08:00+00:00,81399.8,81429.6,81362.7,81398.6,210.16858836494598,81440.51787553207,indecision,neutral,False,True,0,0
2026-05-11 01:09:00+00:00,81398.7,81398.7,81316.3,81336.8,210.16858836494598,81440.51787553207,bearish_pressure,neutral,False,True,0,0
2026-05-11 01:10:00+00:00,81336.7,81350.0,81265.8,81295.6,216.04940348173554,81441.02445225419,bearish_pressure,neutral,True,False,0,0
2026-05-11 01:11:00+00:00,81295.5,81460.7,81295.5,81460.7,216.04940348173554,81441.02445225419,bullish_pressure,neutral,True,False,0,0
2026-05-11 01:12:00+00:00,81460.6,81558.3,81449.9,81514.4,216.04940348173554,81441.02445225419,exhaustion_up,neutral,True,False,0,0
2026-05-11 01:13:00+00:00,81514.3,81516.8,81471.0,81471.0,216.04940348173554,81441.02445225419,bearish_pressure,neutral,True,False,0,0
2026-05-11 01:14:00+00:00,81471.0,81471.4,81444.0,81466.1,216.04940348173554,81441.02445225419,indecision,neutral,True,False,0,0
2026-05-11 01:15:00+00:00,81466.1,81487.0,81420.1,81485.7,217.11016037589687,81444.84971062539,inside_bullish_weak,neutral,True,False,0,0
2026-05-11 01:16:00+00:00,81485.7,81535.4,81476.1,81515.8,217.11016037589687,81444.84971062539,bullish_pressure,neutral,True,False,0,0
2026-05-11 01:17:00+00:00,81515.7,81593.1,81503.3,81585.0,217.11016037589687,81444.84971062539,breakout_up_weak,neutral,True,False,0,0
2026-05-11 01:18:00+00:00,81585.0,81607.0,81557.5,81569.3,217.11016037589687,81444.84971062539,exhaustion_up,neutral,True,False,0,0
2026-05-11 01:19:00+00:00,81569.3,81651.0,81569.3,81634.2,217.11016037589687,81444.84971062539,breakout_up_weak,neutral,True,False,0,0
2026-05-11 01:20:00+00:00,81634.2,81640.5,81590.0,81620.0,211.85229177761852,81449.35565694964,trend_continuation_up,neutral,True,False,0,0
2026-05-11 01:21:00+00:00,81619.9,81619.9,81581.1,81582.7,211.85229177761852,81449.35565694964,bearish_pressure,neutral,True,False,0,0
2026-05-11 01:22:00+00:00,81582.8,81631.4,81581.0,81631.4,211.85229177761852,81449.35565694964,trend_continuation_up,neutral,True,False,0,0
2026-05-11 01:23:00+00:00,81631.5,81724.5,81631.5,81700.5,211.85229177761852,81449.35565694964,trend_continuation_up,neutral,True,False,0,0
2026-05-11 01:24:00+00:00,81700.6,81700.6,81665.9,81672.4,211.85229177761852,81449.35565694964,trend_continuation_up,neutral,True,False,0,0
2026-05-11 01:25:00+00:00,81672.4,81700.0,81652.0,81656.3,206.43427093636004,81452.07336671303,exhaustion_up,neutral,True,False,0,0
2026-05-11 01:26:00+00:00,81656.2,81693.0,81652.1,81652.2,206.43427093636004,81452.07336671303,inside_bar,neutral,True,False,0,0
2026-05-11 01:27:00+00:00,81652.2,81652.2,81580.0,81589.6,206.43427093636004,81452.07336671303,bearish_pressure,neutral,True,False,0,0
2026-05-11 01:28:00+00:00,81589.6,81630.0,81564.0,81612.6,206.43427093636004,81452.07336671303,inside_bullish_weak,neutral,True,False,0,0
2026-05-11 01:29:00+00:00,81612.7,81617.9,81586.5,81586.6,206.43427093636004,81452.07336671303,bearish_pressure,neutral,True,False,0,0
2026-05-11 01:30:00+00:00,81586.6,81586.6,81500.0,81506.1,205.1032515837631,81453.22240895632,bearish_pressure,neutral,True,False,0,0
2026-05-11 01:31:00+00:00,81506.1,81526.8,81454.3,81519.6,205.1032515837631,81453.22240895632,indecision,neutral,True,False,0,0
2026-05-11 01:32:00+00:00,81519.7,81550.0,81504.4,81550.0,205.1032515837631,81453.22240895632,bullish_pressure,neutral,True,False,0,0
2026-05-11 01:33:00+00:00,81549.9,81642.1,81542.5,81618.0,205.1032515837631,81453.22240895632,bullish_pressure,neutral,True,False,0,0
2026-05-11 01:34:00+00:00,81618.0,81618.0,81510.0,81510.1,205.1032515837631,81453.22240895632,bearish_pressure,neutral,True,False,0,0
2026-05-11 01:35:00+00:00,81510.1,81525.1,81468.3,81468.3,197.81730504206615,81453.49325234332,bearish_pressure,neutral,True,False,0,0
2026-05-11 01:36:00+00:00,81468.3,81496.7,81445.9,81481.5,197.81730504206615,81453.49325234332,inside_bullish_weak,neutral,True,False,0,0
2026-05-11 01:37:00+00:00,81481.5,81504.0,81422.8,81428.1,197.81730504206615,81453.49325234332,breakout_down_weak,neutral,True,False,0,0
2026-05-11 01:38:00+00:00,81428.2,81484.0,81422.0,81484.0,197.81730504206615,81453.49325234332,bullish_pressure,neutral,True,False,0,0
2026-05-11 01:39:00+00:00,81484.0,81484.0,81445.9,81466.9,197.81730504206615,81453.49325234332,inside_bar,neutral,True,False,0,0
2026-05-11 01:40:00+00:00,81466.8,81474.4,81411.1,81474.3,192.97321182477572,81453.35081170285,indecision,neutral,False,True,0,0
2026-05-11 01:41:00+00:00,81474.3,81527.0,81474.3,81508.9,192.97321182477572,81453.35081170285,bullish_pressure,neutral,False,True,0,0
2026-05-11 01:42:00+00:00,81508.9,81541.1,81493.5,81538.1,192.97321182477572,81453.35081170285,bullish_pressure,neutral,False,True,0,0
2026-05-11 01:43:00+00:00,81538.0,81538.1,81497.0,81509.9,192.97321182477572,81453.35081170285,bearish_pressure,neutral,False,True,0,0
2026-05-11 01:44:00+00:00,81510.0,81510.0,81446.2,81446.3,192.97321182477572,81453.35081170285,bearish_pressure,neutral,False,True,0,0
2026-05-11 01:45:00+00:00,81446.3,81452.7,81350.0,81401.8,193.73226812300643,81454.85475602557,exhaustion_down,neutral,True,False,1,0
2026-05-11 01:46:00+00:00,81401.8,81401.8,81371.7,81385.7,193.73226812300643,81454.85475602557,exhaustion_down,neutral,True,False,1,0
2026-05-11 01:47:00+00:00,81385.7,81452.7,81377.3,81418.1,193.73226812300643,81454.85475602557,inside_bullish_weak,neutral,True,False,0,0
2026-05-11 01:48:00+00:00,81418.0,81440.2,81399.9,81440.2,193.73226812300643,81454.85475602557,bullish_pressure,neutral,True,False,0,0
2026-05-11 01:49:00+00:00,81440.2,81553.6,81440.1,81529.3,193.73226812300643,81454.85475602557,bullish_pressure,neutral,True,False,0,0
2026-05-11 01:50:00+00:00,81529.4,81546.0,81483.9,81490.9,189.47282039993496,81454.81802818348,bearish_pressure,neutral,False,True,0,0
2026-05-11 01:51:00+00:00,81490.9,81491.0,81411.9,81419.6,189.47282039993496,81454.81802818348,bearish_pressure,neutral,False,True,0,0
2026-05-11 01:52:00+00:00,81419.6,81473.1,81419.5,81473.0,189.47282039993496,81454.81802818348,bullish_pressure,neutral,False,True,0,0
2026-05-11 01:53:00+00:00,81473.0,81504.6,81473.0,81504.6,189.47282039993496,81454.81802818348,bullish_pressure,neutral,False,True,0,0
2026-05-11 01:54:00+00:00,81504.7,81505.6,81452.9,81453.0,189.47282039993496,81454.81802818348,bearish_pressure,neutral,False,True,0,0
2026-05-11 01:55:00+00:00,81452.9,81462.9,81422.1,81442.0,181.5104760856539,81454.98400782341,inside_bearish_weak,neutral,True,False,0,0
2026-05-11 01:56:00+00:00,81442.0,81462.9,81420.0,81462.8,181.5104760856539,81454.98400782341,bullish_pressure,neutral,True,False,0,0
2026-05-11 01:57:00+00:00,81462.8,81462.9,81416.1,81431.5,181.5104760856539,81454.98400782341,bearish_pressure,neutral,True,False,0,0
2026-05-11 01:58:00+00:00,81431.5,81458.6,81419.9,81452.8,181.5104760856539,81454.98400782341,bullish_pressure,neutral,True,False,0,0
2026-05-11 01:59:00+00:00,81452.9,81494.1,81452.8,81463.2,181.5104760856539,81454.98400782341,inside_bullish_weak,neutral,True,False,0,0
2026-05-11 02:00:00+00:00,81463.2,81480.0,81452.6,81463.0,175.9240135081074,81455.47937400512,indecision,neutral,True,False,0,0
2026-05-11 02:01:00+00:00,81462.9,81463.0,81443.5,81453.6,175.9240135081074,81455.47937400512,bearish_pressure,neutral,True,False,0,0
2026-05-11 02:02:00+00:00,81453.7,81510.0,81423.9,81500.0,175.9240135081074,81455.47937400512,bullish_pressure,neutral,True,False,0,0
2026-05-11 02:03:00+00:00,81500.0,81526.2,81486.0,81487.8,175.9240135081074,81455.47937400512,inside_bearish_weak,neutral,True,False,0,0
2026-05-11 02:04:00+00:00,81487.8,81527.2,81480.0,81480.0,175.9240135081074,81455.47937400512,indecision,neutral,True,False,0,0
2026-05-11 02:05:00+00:00,81480.1,81508.0,81444.1,81505.8,177.23658397181424,81453.88572303472,inside_bullish_weak,neutral,False,True,0,0
2026-05-11 02:06:00+00:00,81505.8,81505.8,81440.0,81440.0,177.23658397181424,81453.88572303472,bearish_pressure,neutral,False,True,0,0
2026-05-11 02:07:00+00:00,81440.1,81440.1,81313.7,81372.1,177.23658397181424,81453.88572303472,bearish_pressure,neutral,False,True,0,0
2026-05-11 02:08:00+00:00,81372.0,81386.6,81344.9,81366.4,177.23658397181424,81453.88572303472,inside_bar,neutral,False,True,0,0
2026-05-11 02:09:00+00:00,81366.4,81393.5,81359.9,81375.0,177.23658397181424,81453.88572303472,inside_bullish_weak,neutral,False,True,0,0
2026-05-11 02:10:00+00:00,81374.9,81396.0,81370.8,81396.0,171.96968511668464,81452.10778792512,bullish_pressure,neutral,False,True,0,0
2026-05-11 02:11:00+00:00,81395.9,81415.6,81390.6,81411.1,171.96968511668464,81452.10778792512,bullish_pressure,neutral,False,True,0,0
2026-05-11 02:12:00+00:00,81411.1,81425.0,81350.0,81399.9,171.96968511668464,81452.10778792512,indecision,neutral,False,True,0,0
2026-05-11 02:13:00+00:00,81400.0,81420.0,81349.6,81349.7,171.96968511668464,81452.10778792512,bearish_pressure,neutral,False,True,0,0
2026-05-11 02:14:00+00:00,81349.7,81364.1,81321.5,81364.1,171.96968511668464,81452.10778792512,inside_bullish_weak,neutral,False,True,0,0
2026-05-11 02:15:00+00:00,81364.0,81364.0,81137.0,81180.3,175.90756475120756,81447.99476242166,breakout_down_strong,neutral,False,True,0,0
2026-05-11 02:16:00+00:00,81180.4,81221.8,81176.0,81209.0,175.90756475120756,81447.99476242166,trend_continuation_down,neutral,False,True,0,0
2026-05-11 02:17:00+00:00,81209.0,81261.9,81202.8,81243.0,175.90756475120756,81447.99476242166,trend_continuation_down,neutral,False,True,0,0
2026-05-11 02:18:00+00:00,81243.0,81260.5,81228.0,81244.0,175.90756475120756,81447.99476242166,exhaustion_down,neutral,False,True,0,0
2026-05-11 02:19:00+00:00,81243.9,81263.4,81220.0,81244.4,175.90756475120756,81447.99476242166,exhaustion_down,neutral,False,True,0,0
2026-05-11 02:20:00+00:00,81244.3,81244.3,81168.0,81204.3,174.0998815546921,81442.9374403935,exhaustion_down,down,False,True,1,0
2026-05-11 02:21:00+00:00,81204.3,81216.4,81175.2,81205.1,174.0998815546921,81442.9374403935,exhaustion_down,down,False,True,1,0
2026-05-11 02:22:00+00:00,81205.1,81214.8,81150.0,81150.1,174.0998815546921,81442.9374403935,breakout_down_weak,down,False,True,0,0
2026-05-11 02:23:00+00:00,81150.0,81197.3,81093.8,81182.3,174.0998815546921,81442.9374403935,exhaustion_down,down,False,True,1,0
2026-05-11 02:24:00+00:00,81182.3,81199.8,81176.7,81192.6,174.0998815546921,81442.9374403935,inside_bullish_weak,down,False,True,0,0
2026-05-11 02:25:00+00:00,81192.6,81205.8,81141.7,81152.4,167.5070328722143,81438.07927325701,breakout_down_weak,down,False,True,0,0
2026-05-11 02:26:00+00:00,81152.3,81190.0,81139.2,81159.6,167.5070328722143,81438.07927325701,trend_continuation_down,down,False,True,0,0
2026-05-11 02:27:00+00:00,81159.6,81190.6,81140.0,81189.4,167.5070328722143,81438.07927325701,bullish_pressure,down,False,True,0,0
2026-05-11 02:28:00+00:00,81189.3,81221.0,81164.8,81208.0,167.5070328722143,81438.07927325701,inside_bullish_weak,down,False,True,0,0
2026-05-11 02:29:00+00:00,81207.9,81215.0,81185.5,81197.6,167.5070328722143,81438.07927325701,inside_bar,down,False,True,0,0
2026-05-11 02:30:00+00:00,81197.7,81242.3,81192.7,81231.7,168.04938766705655,81432.01829754896,bullish_pressure,down,False,True,0,0
2026-05-11 02:31:00+00:00,81231.7,81231.7,81151.0,81151.1,168.04938766705655,81432.01829754896,bearish_pressure,down,False,True,0,0
2026-05-11 02:32:00+00:00,81151.1,81159.6,81067.2,81087.8,168.04938766705655,81432.01829754896,trend_continuation_down,down,False,True,0,0
2026-05-11 02:33:00+00:00,81087.9,81137.0,81087.8,81124.0,168.04938766705655,81432.01829754896,bullish_pressure,down,False,True,0,0
2026-05-11 02:34:00+00:00,81124.0,81163.4,81106.1,81132.0,168.04938766705655,81432.01829754896,indecision,down,False,True,0,0
2026-05-11 02:35:00+00:00,81132.0,81157.8,81132.0,81135.2,163.51014569083824,81426.70110353809,inside_bar,down,False,True,0,0
2026-05-11 02:36:00+00:00,81135.2,81172.5,81122.2,81140.9,163.51014569083824,81426.70110353809,indecision,down,False,True,0,0
2026-05-11 02:37:00+00:00,81140.8,81165.0,81130.5,81156.9,163.51014569083824,81426.70110353809,bullish_pressure,down,False,True,0,0
2026-05-11 02:38:00+00:00,81156.8,81159.7,81120.0,81120.0,163.51014569083824,81426.70110353809,bearish_pressure,down,False,True,0,0
2026-05-11 02:39:00+00:00,81120.0,81193.5,81089.0,81163.5,163.51014569083824,81426.70110353809,inside_bullish_weak,down,False,True,0,0
2026-05-11 02:40:00+00:00,81163.5,81173.7,81144.5,81148.1,156.2594209986355,81421.53870544821,bearish_pressure,down,False,True,0,0
2026-05-11 02:41:00+00:00,81148.0,81174.5,81130.0,81153.7,156.2594209986355,81421.53870544821,indecision,down,False,True,0,0
2026-05-11 02:42:00+00:00,81153.8,81181.5,81144.3,81151.9,156.2594209986355,81421.53870544821,indecision,down,False,True,0,0
2026-05-11 02:43:00+00:00,81151.9,81178.6,81151.9,81167.9,156.2594209986355,81421.53870544821,bullish_pressure,down,False,True,0,0
2026-05-11 02:44:00+00:00,81168.0,81192.0,81147.0,81166.0,156.2594209986355,81421.53870544821,indecision,down,False,True,0,0
2026-05-11 02:45:00+00:00,81166.1,81205.7,81160.4,81205.7,150.9766052130189,81416.10229543934,bullish_pressure,down,False,True,0,0
2026-05-11 02:46:00+00:00,81205.7,81229.3,81190.0,81199.4,150.9766052130189,81416.10229543934,indecision,down,False,True,0,0
2026-05-11 02:47:00+00:00,81199.4,81229.3,81190.8,81198.0,150.9766052130189,81416.10229543934,inside_bar,down,False,True,0,0
2026-05-11 02:48:00+00:00,81197.9,81218.3,81155.7,81185.6,150.9766052130189,81416.10229543934,indecision,down,False,True,0,0
2026-05-11 02:49:00+00:00,81185.6,81192.8,81147.0,81147.0,150.9766052130189,81416.10229543934,bearish_pressure,down,False,True,0,0
2026-05-11 02:50:00+00:00,81147.0,81185.1,81147.0,81185.1,145.29256198351715,81411.71413117321,bullish_pressure,down,False,True,0,0
2026-05-11 02:51:00+00:00,81185.0,81218.4,81185.0,81213.5,145.29256198351715,81411.71413117321,bullish_pressure,down,False,True,0,0
2026-05-11 02:52:00+00:00,81213.5,81213.5,81185.7,81196.0,145.29256198351715,81411.71413117321,bearish_pressure,down,False,True,0,0
2026-05-11 02:53:00+00:00,81195.9,81196.0,81160.8,81160.8,145.29256198351715,81411.71413117321,bearish_pressure,down,False,True,0,0
2026-05-11 02:54:00+00:00,81160.9,81199.6,81160.8,81194.5,145.29256198351715,81411.71413117321,bullish_pressure,down,False,True,0,0
2026-05-11 02:55:00+00:00,81194.6,81194.6,81163.1,81163.1,139.9573789846949,81406.26632659553,bearish_pressure,down,False,True,0,0
2026-05-11 02:56:00+00:00,81163.2,81163.3,81151.2,81163.2,139.9573789846949,81406.26632659553,indecision,down,False,True,0,0
2026-05-11 02:57:00+00:00,81163.3,81174.2,81150.0,81167.2,139.9573789846949,81406.26632659553,indecision,down,False,True,0,0
2026-05-11 02:58:00+00:00,81167.1,81170.1,81148.0,81148.0,139.9573789846949,81406.26632659553,bearish_pressure,down,False,True,0,0
2026-05-11 02:59:00+00:00,81148.0,81148.1,81124.0,81136.6,139.9573789846949,81406.26632659553,bearish_pressure,down,False,True,0,0
2026-05-11 03:00:00+00:00,81136.6,81152.3,81107.3,81107.3,136.7247090572165,81399.6650131976,bearish_pressure,down,False,True,0,0
2026-05-11 03:01:00+00:00,81107.3,81107.4,81057.6,81092.4,136.7247090572165,81399.6650131976,inside_bearish_weak,down,False,True,0,0
2026-05-11 03:02:00+00:00,81092.4,81100.0,81059.1,81099.9,136.7247090572165,81399.6650131976,inside_bar,down,False,True,0,0
2026-05-11 03:03:00+00:00,81100.0,81109.9,81083.4,81090.5,136.7247090572165,81399.6650131976,inside_bearish_weak,down,False,True,0,0
2026-05-11 03:04:00+00:00,81090.5,81123.2,81062.4,81072.9,136.7247090572165,81399.6650131976,inside_bearish_weak,down,False,True,0,0
2026-05-11 03:05:00+00:00,81073.0,81098.0,81022.4,81059.1,138.08722983884408,81391.70332976794,indecision,down,False,True,0,0
2026-05-11 03:06:00+00:00,81059.1,81107.6,81011.4,81017.5,138.08722983884408,81391.70332976794,breakout_down_weak,down,False,True,0,0
2026-05-11 03:07:00+00:00,81017.5,81032.9,80970.0,80976.0,138.08722983884408,81391.70332976794,trend_continuation_down,down,False,True,0,0
2026-05-11 03:08:00+00:00,80976.0,80999.0,80953.6,80990.9,138.08722983884408,81391.70332976794,exhaustion_down,down,False,True,1,0
2026-05-11 03:14:00+00:00,80671.3,80701.8,80560.0,80569.8,159.4809991360699,81375.42801630718,bearish_pressure,down,False,True,0,0
2026-05-11 03:15:00+00:00,80569.7,80627.1,80517.9,80596.3,159.93235634063655,81360.21161994466,exhaustion_down,down,False,True,1,0
2026-05-11 03:16:00+00:00,80596.3,80683.7,80596.2,80657.5,159.93235634063655,81360.21161994466,breakout_down_strong,down,False,True,0,0
2026-05-11 03:17:00+00:00,80657.6,80673.6,80603.6,80612.1,159.93235634063655,81360.21161994466,bearish_pressure,down,False,True,0,0
2026-05-11 03:18:00+00:00,80612.0,80662.8,80600.0,80644.3,159.93235634063655,81360.21161994466,bearish_pressure,down,False,True,0,0
2026-05-11 03:19:00+00:00,80644.3,80651.4,80596.2,80607.0,159.93235634063655,81360.21161994466,bearish_pressure,down,False,True,0,0
2026-05-11 03:20:00+00:00,80607.0,80607.0,80557.1,80600.0,158.80861660201944,81345.80742945071,exhaustion_down,down,False,True,1,0
2026-05-11 03:21:00+00:00,80600.0,80616.6,80516.3,80571.0,158.80861660201944,81345.80742945071,exhaustion_down,down,False,True,1,0
2026-05-11 03:22:00+00:00,80571.1,80571.1,80524.9,80551.5,158.80861660201944,81345.80742945071,exhaustion_down,down,False,True,1,0
2026-05-11 03:23:00+00:00,80551.6,80606.1,80530.5,80600.8,158.80861660201944,81345.80742945071,breakout_down_weak,down,False,True,0,0
2026-05-11 03:24:00+00:00,80600.8,80660.5,80600.0,80632.8,158.80861660201944,81345.80742945071,trend_continuation_down,down,False,True,0,0
2026-05-11 03:25:00+00:00,80632.8,80637.0,80600.0,80608.0,157.24371541616048,81330.16173777841,trend_continuation_down,down,False,True,0,0
2026-05-11 03:26:00+00:00,80607.9,80624.7,80500.1,80531.3,157.24371541616048,81330.16173777841,breakout_down_weak,down,False,True,0,0
2026-05-11 03:27:00+00:00,80531.4,80562.0,80523.0,80547.5,157.24371541616048,81330.16173777841,trend_continuation_down,down,False,True,0,0
2026-05-11 03:28:00+00:00,80547.4,80567.1,80540.5,80540.6,157.24371541616048,81330.16173777841,trend_continuation_down,down,False,True,0,0
2026-05-11 03:29:00+00:00,80540.5,80577.0,80540.5,80555.7,157.24371541616048,81330.16173777841,breakout_down_weak,down,False,True,0,0
2026-05-11 03:30:00+00:00,80555.6,80579.4,80529.6,80579.4,155.40487860072042,81313.93081227785,bullish_pressure,down,False,True,0,0
2026-05-11 03:31:00+00:00,80579.3,80602.3,80555.0,80584.1,155.40487860072042,81313.93081227785,indecision,down,False,True,0,0
2026-05-11 03:32:00+00:00,80584.1,80599.9,80572.1,80599.9,155.40487860072042,81313.93081227785,bullish_pressure,down,False,True,0,0
2026-05-11 03:33:00+00:00,80600.0,80633.5,80536.8,80557.2,155.40487860072042,81313.93081227785,inside_bearish_weak,down,False,True,0,0
2026-05-11 03:34:00+00:00,80557.3,80569.2,80502.0,80510.5,155.40487860072042,81313.93081227785,trend_continuation_down,down,False,True,0,0
2026-05-11 03:35:00+00:00,80510.5,80548.3,80510.5,80530.1,153.14024441495445,81299.31040015352,bullish_pressure,down,False,True,0,0
2026-05-11 03:36:00+00:00,80530.0,80533.8,80470.1,80491.4,153.14024441495445,81299.31040015352,breakout_down_weak,down,False,True,0,0
2026-05-11 03:37:00+00:00,80491.4,80538.0,80481.3,80538.0,153.14024441495445,81299.31040015352,bullish_pressure,down,False,True,0,0
2026-05-11 03:38:00+00:00,80538.0,80593.8,80525.4,80576.7,153.14024441495445,81299.31040015352,bullish_pressure,down,False,True,0,0
2026-05-11 03:39:00+00:00,80576.6,80586.2,80554.6,80575.6,153.14024441495445,81299.31040015352,inside_bar,down,False,True,0,0
2026-05-11 03:40:00+00:00,80575.9,80633.1,80570.0,80633.1,151.33022695674364,81287.17356054652,bullish_pressure,down,False,True,0,0
2026-05-11 03:41:00+00:00,80633.1,80644.6,80620.9,80630.1,151.33022695674364,81287.17356054652,indecision,down,False,True,0,0
2026-05-11 03:42:00+00:00,80630.1,80651.8,80630.0,80651.8,151.33022695674364,81287.17356054652,bullish_pressure,down,False,True,0,0
2026-05-11 03:43:00+00:00,80651.7,80673.9,80639.8,80644.3,151.33022695674364,81287.17356054652,inside_bearish_weak,down,False,True,0,0
2026-05-11 03:44:00+00:00,80644.4,80697.8,80644.3,80686.4,151.33022695674364,81287.17356054652,bullish_pressure,down,False,True,0,0
2026-05-11 03:45:00+00:00,80686.3,80694.2,80656.3,80679.7,146.05663931697623,81274.79982667431,inside_bar,down,False,True,0,0
2026-05-11 03:46:00+00:00,80679.6,80730.0,80679.6,80723.3,146.05663931697623,81274.79982667431,bullish_pressure,down,False,True,0,0
2026-05-11 03:47:00+00:00,80723.3,80723.3,80692.5,80692.6,146.05663931697623,81274.79982667431,bearish_pressure,down,False,True,0,0
2026-05-11 03:48:00+00:00,80692.6,80700.0,80685.7,80699.9,146.05663931697623,81274.79982667431,bullish_pressure,down,False,True,0,0
2026-05-11 03:49:00+00:00,80700.0,80708.0,80652.5,80662.3,146.05663931697623,81274.79982667431,bearish_pressure,down,False,True,0,0
2026-05-11 03:50:00+00:00,80662.3,80688.5,80641.5,80688.4,141.68116508004957,81263.33646376987,bullish_pressure,down,False,True,0,0
2026-05-11 03:51:00+00:00,80688.4,80688.6,80650.0,80650.1,141.68116508004957,81263.33646376987,bearish_pressure,down,False,True,0,0
2026-05-11 03:52:00+00:00,80650.1,80693.7,80650.0,80689.6,141.68116508004957,81263.33646376987,bullish_pressure,down,False,True,0,0
2026-05-11 03:53:00+00:00,80689.7,80726.3,80689.6,80708.8,141.68116508004957,81263.33646376987,bullish_pressure,down,False,True,0,0
2026-05-11 03:54:00+00:00,80708.9,80708.9,80692.5,80695.9,141.68116508004957,81263.33646376987,bearish_pressure,down,False,True,0,0
2026-05-11 03:55:00+00:00,80695.9,80701.6,80687.3,80697.2,134.5825104314748,81252.05059320017,indecision,down,False,True,0,0
2026-05-11 03:56:00+00:00,80697.2,80712.7,80697.1,80707.5,134.5825104314748,81252.05059320017,bullish_pressure,down,False,True,0,0
2026-05-11 03:57:00+00:00,80707.6,80707.6,80670.4,80680.1,134.5825104314748,81252.05059320017,bearish_pressure,down,False,True,0,0
2026-05-11 03:58:00+00:00,80680.0,80680.1,80670.5,80671.3,134.5825104314748,81252.05059320017,bearish_pressure,down,False,True,0,0
2026-05-11 03:59:00+00:00,80671.3,80703.8,80671.3,80693.4,134.5825104314748,81252.05059320017,bullish_pressure,down,False,True,0,0
2026-05-11 04:00:00+00:00,80693.4,80693.4,80662.8,80669.4,129.86947397208414,81240.39018541403,bearish_pressure,down,False,True,0,0
2026-05-11 04:01:00+00:00,80669.4,80669.5,80640.1,80640.1,129.86947397208414,81240.39018541403,bearish_pressure,down,False,True,0,0
2026-05-11 04:02:00+00:00,80640.2,80696.3,80631.4,80693.6,129.86947397208414,81240.39018541403,bullish_pressure,down,False,True,0,0
2026-05-11 04:03:00+00:00,80693.6,80693.6,80660.5,80671.3,129.86947397208414,81240.39018541403,bearish_pressure,down,False,True,0,0
2026-05-11 04:04:00+00:00,80671.2,80700.0,80663.1,80663.2,129.86947397208414,81240.39018541403,inside_bearish_weak,down,False,True,0,0
2026-05-11 04:05:00+00:00,80663.2,80700.0,80663.1,80700.0,129.55022583122056,81227.76067679196,bullish_pressure,down,False,True,0,0
2026-05-11 04:06:00+00:00,80700.0,80700.0,80685.0,80700.0,129.55022583122056,81227.76067679196,inside_bar,down,False,True,0,0
2026-05-11 04:07:00+00:00,80700.0,80727.9,80681.8,80708.1,129.55022583122056,81227.76067679196,indecision,down,False,True,0,0
2026-05-11 04:08:00+00:00,80708.0,80712.2,80651.0,80651.1,129.55022583122056,81227.76067679196,bearish_pressure,down,False,True,0,0
2026-05-11 04:09:00+00:00,80651.1,80653.9,80602.5,80602.6,129.55022583122056,81227.76067679196,bearish_pressure,down,False,True,0,0
2026-05-11 04:10:00+00:00,80602.5,80622.6,80597.8,80620.0,126.68235255756153,81215.70799012281,bullish_pressure,down,False,True,0,0
2026-05-11 04:11:00+00:00,80619.9,80663.6,80619.9,80655.1,126.68235255756153,81215.70799012281,bullish_pressure,down,False,True,0,0
2026-05-11 04:12:00+00:00,80655.1,80658.9,80635.2,80658.8,126.68235255756153,81215.70799012281,inside_bar,down,False,True,0,0
2026-05-11 04:13:00+00:00,80658.8,80687.2,80650.9,80651.2,126.68235255756153,81215.70799012281,inside_bearish_weak,down,False,True,0,0
2026-05-11 04:14:00+00:00,80651.2,80661.6,80619.1,80619.1,126.68235255756153,81215.70799012281,bearish_pressure,down,False,True,0,0
2026-05-11 04:15:00+00:00,80619.1,80682.5,80619.1,80682.5,122.626470232021,81204.56327744712,bullish_pressure,down,False,True,0,0
2026-05-11 04:16:00+00:00,80682.5,80689.0,80650.0,80650.1,122.626470232021,81204.56327744712,bearish_pressure,down,False,True,0,0
2026-05-11 04:17:00+00:00,80650.1,80652.8,80637.8,80652.7,122.626470232021,81204.56327744712,indecision,down,False,True,0,0
2026-05-11 04:18:00+00:00,80652.7,80684.1,80640.8,80684.0,122.626470232021,81204.56327744712,bullish_pressure,down,False,True,0,0
2026-05-11 04:19:00+00:00,80684.0,80684.0,80652.8,80652.9,122.626470232021,81204.56327744712,bearish_pressure,down,False,True,0,0
2026-05-11 04:20:00+00:00,80652.9,80652.9,80628.1,80637.5,122.631722358305,81195.28083630955,bearish_pressure,down,False,True,0,0
2026-05-11 04:21:00+00:00,80637.5,80656.9,80623.2,80656.9,122.631722358305,81195.28083630955,bullish_pressure,down,False,True,0,0
2026-05-11 04:22:00+00:00,80656.8,80700.0,80647.1,80700.0,122.631722358305,81195.28083630955,bullish_pressure,down,False,True,0,0
2026-05-11 04:23:00+00:00,80699.9,80720.0,80699.9,80710.7,122.631722358305,81195.28083630955,bullish_pressure,down,False,True,0,0
2026-05-11 04:24:00+00:00,80710.7,80745.9,80710.6,80735.8,122.631722358305,81195.28083630955,bullish_pressure,down,False,True,0,0
2026-05-11 13:40:00+00:00,80824.0,80864.4,80808.1,80839.8,139.16407856765633,81010.2434398532,trend_continuation_down,neutral,True,False,0,0
2026-05-11 13:41:00+00:00,80839.9,80955.6,80839.8,80955.6,139.16407856765633,81010.2434398532,bullish_pressure,neutral,True,False,0,0
2026-05-11 13:42:00+00:00,80955.6,81219.5,80955.5,81114.8,139.16407856765633,81010.2434398532,exhaustion_up,neutral,True,False,0,0
2026-05-11 13:43:00+00:00,81114.8,81165.5,81078.2,81108.1,139.16407856765633,81010.2434398532,exhaustion_up,neutral,True,False,0,0
2026-05-11 13:44:00+00:00,81108.1,81117.1,81027.0,81037.9,139.16407856765633,81010.2434398532,bearish_pressure,neutral,True,False,0,0
2026-05-11 13:45:00+00:00,81037.9,81078.4,81014.6,81021.7,141.20235866996637,81009.92178757889,inside_bearish_weak,neutral,False,True,0,0
2026-05-11 13:46:00+00:00,81021.7,81021.7,80986.2,80989.4,141.20235866996637,81009.92178757889,bearish_pressure,neutral,False,True,0,0
2026-05-11 13:47:00+00:00,80989.3,81032.6,80989.3,80999.9,141.20235866996637,81009.92178757889,inside_bullish_weak,neutral,False,True,0,0
2026-05-11 13:48:00+00:00,80999.8,80999.9,80910.7,80987.2,141.20235866996637,81009.92178757889,indecision,neutral,False,True,0,0
2026-05-11 13:49:00+00:00,80987.2,80994.0,80969.6,80994.0,141.20235866996637,81009.92178757889,inside_bar,neutral,False,True,0,0
2026-05-11 13:50:00+00:00,80994.0,81026.3,80957.7,80957.7,142.3021901935396,81008.2144254486,bearish_pressure,neutral,False,True,0,0
2026-05-11 13:51:00+00:00,80957.7,81013.1,80917.6,80964.7,142.3021901935396,81008.2144254486,indecision,neutral,False,True,0,0
2026-05-11 13:52:00+00:00,80964.6,81054.9,80961.0,81001.1,142.3021901935396,81008.2144254486,inside_bullish_weak,neutral,False,True,0,0
2026-05-11 13:53:00+00:00,81001.1,81074.2,81001.1,81033.9,142.3021901935396,81008.2144254486,inside_bullish_weak,neutral,False,True,0,0
2026-05-11 13:54:00+00:00,81034.0,81047.9,80923.7,80923.7,142.3021901935396,81008.2144254486,bearish_pressure,neutral,False,True,0,0
2026-05-11 13:55:00+00:00,80923.7,80949.8,80900.0,80943.3,143.56631946542961,81008.70324870704,inside_bullish_weak,neutral,True,False,0,0
2026-05-11 13:56:00+00:00,80943.3,81025.3,80936.6,81025.1,143.56631946542961,81008.70324870704,bullish_pressure,neutral,True,False,0,0
2026-05-11 13:57:00+00:00,81025.0,81036.3,80994.6,80999.2,143.56631946542961,81008.70324870704,bearish_pressure,neutral,True,False,0,0
2026-05-11 13:58:00+00:00,80999.2,81001.7,80989.9,80999.9,143.56631946542961,81008.70324870704,indecision,neutral,True,False,0,0
2026-05-11 13:59:00+00:00,80999.8,81060.0,80984.0,81032.9,143.56631946542961,81008.70324870704,inside_bullish_weak,neutral,True,False,0,0
2026-05-11 14:00:00+00:00,81032.8,81128.1,81031.5,81112.5,144.79729664647056,81011.55070912867,breakout_up_weak,neutral,True,False,0,0
2026-05-11 14:01:00+00:00,81112.6,81192.3,81105.2,81129.9,144.79729664647056,81011.55070912867,exhaustion_up,neutral,True,False,0,0
2026-05-11 14:02:00+00:00,81130.0,81162.8,81114.4,81128.8,144.79729664647056,81011.55070912867,exhaustion_up,neutral,True,False,0,0
2026-05-11 14:03:00+00:00,81128.8,81179.4,81128.7,81165.8,144.79729664647056,81011.55070912867,breakout_up_weak,neutral,True,False,0,0
2026-05-11 14:04:00+00:00,81165.8,81165.8,81127.2,81152.5,144.79729664647056,81011.55070912867,trend_continuation_up,neutral,True,False,0,0
2026-05-11 14:05:00+00:00,81152.6,81221.0,81135.9,81199.9,141.22606117172288,81014.79128914593,breakout_up_weak,neutral,True,False,0,0
2026-05-11 14:06:00+00:00,81199.9,81200.0,81126.2,81163.6,141.22606117172288,81014.79128914593,bearish_pressure,neutral,True,False,0,0
2026-05-11 14:07:00+00:00,81163.5,81186.0,81150.5,81167.4,141.22606117172288,81014.79128914593,inside_bar,neutral,True,False,0,0
2026-05-11 14:08:00+00:00,81167.4,81180.0,81148.0,81148.1,141.22606117172288,81014.79128914593,bearish_pressure,neutral,True,False,0,0
2026-05-11 14:09:00+00:00,81148.1,81175.2,81134.5,81175.2,141.22606117172288,81014.79128914593,bullish_pressure,neutral,True,False,0,0
2026-05-11 14:10:00+00:00,81175.2,81175.2,81134.6,81148.0,140.5313425165998,81016.41324381629,bearish_pressure,neutral,True,False,0,0
2026-05-11 14:11:00+00:00,81148.0,81184.1,81089.5,81138.2,140.5313425165998,81016.41324381629,indecision,neutral,True,False,0,0
2026-05-11 14:12:00+00:00,81138.1,81144.3,81055.5,81055.6,140.5313425165998,81016.41324381629,bearish_pressure,neutral,True,False,0,0
2026-05-11 14:13:00+00:00,81055.5,81122.5,81052.6,81122.4,140.5313425165998,81016.41324381629,bullish_pressure,neutral,True,False,0,0
2026-05-11 14:14:00+00:00,81122.5,81122.5,81073.6,81096.7,140.5313425165998,81016.41324381629,bearish_pressure,neutral,True,False,0,0
2026-05-11 14:15:00+00:00,81096.7,81110.0,81092.0,81092.1,138.5291037654141,81016.98921918626,inside_bar,neutral,True,False,0,0
2026-05-11 14:16:00+00:00,81092.0,81133.4,81092.0,81133.3,138.5291037654141,81016.98921918626,bullish_pressure,neutral,True,False,0,0
2026-05-11 14:17:00+00:00,81133.3,81133.4,81068.4,81068.5,138.5291037654141,81016.98921918626,bearish_pressure,neutral,True,False,0,0
2026-05-11 14:18:00+00:00,81068.4,81070.0,81020.9,81069.8,138.5291037654141,81016.98921918626,indecision,neutral,True,False,0,0
2026-05-11 14:19:00+00:00,81069.7,81069.7,81029.2,81045.5,138.5291037654141,81016.98921918626,bearish_pressure,neutral,True,False,0,0
2026-05-11 14:20:00+00:00,81045.5,81045.5,80962.4,80962.5,142.10559635359922,81015.2270564301,breakout_down_weak,neutral,False,True,0,0
2026-05-11 14:21:00+00:00,80962.5,80972.8,80892.9,80949.8,142.10559635359922,81015.2270564301,exhaustion_down,neutral,False,True,0,0
2026-05-11 14:22:00+00:00,80949.7,80949.7,80891.3,80919.9,142.10559635359922,81015.2270564301,exhaustion_down,neutral,False,True,0,0
2026-05-11 14:23:00+00:00,80919.9,80927.4,80856.9,80927.4,142.10559635359922,81015.2270564301,exhaustion_down,neutral,False,True,0,0
2026-05-11 14:24:00+00:00,80927.4,80943.2,80908.9,80928.0,142.10559635359922,81015.2270564301,exhaustion_down,neutral,False,True,0,0
2026-05-11 14:25:00+00:00,80928.0,80946.9,80900.0,80912.1,149.72662518548415,81009.17899590672,breakout_down_weak,neutral,False,True,0,0
2026-05-11 14:26:00+00:00,80912.0,80942.1,80905.0,80925.9,149.72662518548415,81009.17899590672,inside_bar,neutral,False,True,0,0
2026-05-11 14:27:00+00:00,80925.8,80925.9,80788.0,80788.0,149.72662518548415,81009.17899590672,breakout_down_strong,neutral,False,True,0,0
2026-05-11 14:28:00+00:00,80788.0,80818.5,80764.4,80809.1,149.72662518548415,81009.17899590672,exhaustion_down,neutral,False,True,0,0
2026-05-11 14:29:00+00:00,80809.1,80820.0,80698.1,80709.8,149.72662518548415,81009.17899590672,breakout_down_strong,neutral,False,True,0,0
2026-05-11 14:30:00+00:00,80709.7,80784.0,80676.7,80756.1,167.41043767223547,81000.46456034422,trend_continuation_down,neutral,False,True,0,0
2026-05-11 14:31:00+00:00,80756.1,80791.3,80522.7,80574.2,167.41043767223547,81000.46456034422,breakout_down_strong,neutral,False,True,0,0
2026-05-11 14:32:00+00:00,80574.2,80594.1,80394.0,80551.6,167.41043767223547,81000.46456034422,exhaustion_down,neutral,False,True,0,0
2026-05-11 14:33:00+00:00,80551.6,80568.8,80468.0,80558.9,167.41043767223547,81000.46456034422,exhaustion_down,neutral,False,True,0,0
2026-05-11 14:34:00+00:00,80558.8,80573.2,80487.6,80569.1,167.41043767223547,81000.46456034422,exhaustion_down,neutral,False,True,0,0
2026-05-11 14:35:00+00:00,80569.1,80653.9,80544.8,80631.6,178.16683498136152,80997.18407400078,breakout_down_weak,neutral,False,True,0,0
2026-05-11 14:36:00+00:00,80631.6,80668.4,80589.2,80643.6,178.16683498136152,80997.18407400078,exhaustion_down,neutral,False,True,0,0
2026-05-11 14:37:00+00:00,80643.5,80724.9,80643.5,80719.9,178.16683498136152,80997.18407400078,bullish_pressure,neutral,False,True,0,0
2026-05-11 14:38:00+00:00,80719.9,80765.9,80705.1,80705.1,178.16683498136152,80997.18407400078,inside_bearish_weak,neutral,False,True,0,0
2026-05-11 14:39:00+00:00,80705.2,80862.8,80700.0,80834.8,178.16683498136152,80997.18407400078,bullish_pressure,neutral,False,True,0,0
2026-05-11 14:40:00+00:00,80834.9,80872.1,80800.1,80814.6,173.1692039112651,80992.56656758492,inside_bearish_weak,neutral,False,True,0,0
2026-05-11 14:41:00+00:00,80814.6,80831.3,80784.2,80819.0,173.1692039112651,80992.56656758492,indecision,neutral,False,True,0,0
2026-05-11 14:42:00+00:00,80819.0,80834.3,80787.5,80787.5,173.1692039112651,80992.56656758492,bearish_pressure,neutral,False,True,0,0
2026-05-11 14:43:00+00:00,80787.6,80836.3,80787.5,80791.0,173.1692039112651,80992.56656758492,indecision,neutral,False,True,0,0
2026-05-11 14:44:00+00:00,80790.9,80813.6,80763.9,80764.0,173.1692039112651,80992.56656758492,bearish_pressure,neutral,False,True,0,0
2026-05-11 14:45:00+00:00,80764.1,80781.8,80733.6,80733.7,168.30711791760373,80987.31970486046,bearish_pressure,neutral,False,True,0,0
2026-05-11 14:46:00+00:00,80733.6,80763.1,80676.7,80752.0,168.30711791760373,80987.31970486046,inside_bullish_weak,neutral,False,True,0,0
2026-05-11 14:47:00+00:00,80751.9,80773.5,80724.9,80741.4,168.30711791760373,80987.31970486046,inside_bearish_weak,neutral,False,True,0,0
2026-05-11 14:48:00+00:00,80741.3,80763.9,80696.7,80730.2,168.30711791760373,80987.31970486046,indecision,neutral,False,True,0,0
2026-05-11 14:49:00+00:00,80730.3,80730.3,80693.1,80727.6,168.30711791760373,80987.31970486046,indecision,neutral,False,True,0,0
2026-05-11 14:50:00+00:00,80727.5,80743.5,80716.7,80728.8,170.79232378063244,80984.79654238798,indecision,neutral,False,True,0,0
2026-05-11 14:51:00+00:00,80728.8,80829.3,80728.8,80825.1,170.79232378063244,80984.79654238798,bullish_pressure,neutral,False,True,0,0
2026-05-11 14:52:00+00:00,80825.0,80843.9,80794.0,80828.0,170.79232378063244,80984.79654238798,indecision,neutral,False,True,0,0
2026-05-11 14:53:00+00:00,80828.1,80919.8,80828.0,80870.8,170.79232378063244,80984.79654238798,bullish_pressure,neutral,False,True,0,0
2026-05-11 14:54:00+00:00,80870.8,80875.9,80816.5,80859.9,170.79232378063244,80984.79654238798,indecision,neutral,False,True,0,0
2026-05-11 14:55:00+00:00,80860.0,80910.0,80850.4,80900.1,166.6500149391589,80983.46393758821,breakout_up_weak,neutral,False,True,0,0
2026-05-11 14:56:00+00:00,80900.1,80913.8,80830.9,80868.0,166.6500149391589,80983.46393758821,inside_bearish_weak,neutral,False,True,0,0
2026-05-11 14:57:00+00:00,80868.1,80885.9,80858.4,80885.9,166.6500149391589,80983.46393758821,bullish_pressure,neutral,False,True,0,0
2026-05-11 14:58:00+00:00,80886.0,80938.9,80881.3,80922.2,166.6500149391589,80983.46393758821,breakout_up_weak,neutral,False,True,0,0
2026-05-11 14:59:00+00:00,80922.2,80943.7,80876.0,80917.5,166.6500149391589,80983.46393758821,indecision,neutral,False,True,0,0
2026-05-11 15:00:00+00:00,80917.4,80930.0,80861.7,80861.7,164.28929958636223,80981.41316654686,bearish_pressure,neutral,False,True,0,0
2026-05-11 15:01:00+00:00,80861.7,80864.1,80801.5,80801.6,164.28929958636223,80981.41316654686,bearish_pressure,neutral,False,True,0,0
2026-05-11 15:02:00+00:00,80801.5,80833.5,80796.4,80833.5,164.28929958636223,80981.41316654686,bullish_pressure,neutral,False,True,0,0
2026-05-11 15:03:00+00:00,80833.5,80861.5,80805.0,80833.9,164.28929958636223,80981.41316654686,indecision,neutral,False,True,0,0
2026-05-11 15:04:00+00:00,80833.9,80880.0,80827.9,80879.9,164.28929958636223,80981.41316654686,bullish_pressure,neutral,False,True,0,0
2026-05-11 15:05:00+00:00,80879.9,80884.0,80833.8,80844.0,157.84720675876432,80979.32379691227,bearish_pressure,neutral,False,True,0,0
2026-05-11 15:06:00+00:00,80844.0,80880.0,80843.9,80853.8,157.84720675876432,80979.32379691227,inside_bar,neutral,False,True,0,0
2026-05-11 15:07:00+00:00,80853.8,80889.9,80853.8,80880.9,157.84720675876432,80979.32379691227,bullish_pressure,neutral,False,True,0,0
2026-05-11 15:08:00+00:00,80880.9,80907.9,80865.3,80877.0,157.84720675876432,80979.32379691227,indecision,neutral,False,True,0,0
2026-05-11 15:09:00+00:00,80877.0,80881.1,80865.3,80875.9,157.84720675876432,80979.32379691227,inside_bar,neutral,False,True,0,0
2026-05-11 15:10:00+00:00,80876.0,80887.5,80822.8,80837.1,163.5081205617091,80979.29362271598,bearish_pressure,neutral,False,True,0,0
2026-05-11 15:11:00+00:00,80837.0,80950.0,80837.0,80950.0,163.5081205617091,80979.29362271598,bullish_pressure,neutral,False,True,0,0
2026-05-11 15:12:00+00:00,80950.0,80974.0,80922.1,80947.2,163.5081205617091,80979.29362271598,indecision,neutral,False,True,0,0
2026-05-11 15:13:00+00:00,80947.2,81044.6,80947.2,81039.1,163.5081205617091,80979.29362271598,breakout_up_weak,neutral,False,True,0,0
2026-05-11 15:14:00+00:00,81039.1,81059.9,80948.5,80977.8,163.5081205617091,80979.29362271598,bearish_pressure,neutral,False,True,0,0
2026-05-11 15:15:00+00:00,80977.8,81038.7,80977.8,81038.6,163.45039766444395,80978.08186781072,trend_continuation_up,neutral,False,True,0,0
2026-05-11 15:16:00+00:00,81038.6,81071.5,81015.5,81015.5,163.45039766444395,80978.08186781072,exhaustion_up,neutral,False,True,0,1
2026-05-11 15:17:00+00:00,81015.1,81022.3,80980.0,80980.0,163.45039766444395,80978.08186781072,bearish_pressure,neutral,False,True,0,0
2026-05-11 15:18:00+00:00,80980.0,80980.1,80941.6,80977.8,163.45039766444395,80978.08186781072,indecision,neutral,False,True,0,0
2026-05-11 15:19:00+00:00,80977.8,80977.9,80908.8,80918.1,163.45039766444395,80978.08186781072,bearish_pressure,neutral,False,True,0,0
2026-05-11 15:20:00+00:00,80918.2,80967.5,80907.8,80967.4,161.18251211698345,80978.90796943822,bullish_pressure,neutral,True,False,0,0
2026-05-11 15:21:00+00:00,80967.5,81011.0,80950.5,81011.0,161.18251211698345,80978.90796943822,bullish_pressure,neutral,True,False,0,0
2026-05-11 15:22:00+00:00,81011.0,81011.0,80986.3,81001.1,161.18251211698345,80978.90796943822,inside_bar,neutral,True,False,0,0
2026-05-11 15:23:00+00:00,81001.0,81001.1,80950.0,80979.5,161.18251211698345,80978.90796943822,inside_bearish_weak,neutral,True,False,0,0
2026-05-11 15:24:00+00:00,80979.5,81039.5,80979.5,81019.8,161.18251211698345,80978.90796943822,bullish_pressure,neutral,True,False,0,0
2026-05-11 15:25:00+00:00,81019.9,81080.0,81004.0,81079.9,177.59090410862706,80985.30583142953,trend_continuation_up,neutral,True,False,0,0
2026-05-11 15:26:00+00:00,81080.0,81214.9,81079.9,81190.6,177.59090410862706,80985.30583142953,breakout_up_strong,neutral,True,False,0,0
2026-05-11 15:27:00+00:00,81190.6,81394.9,81190.5,81345.0,177.59090410862706,80985.30583142953,bullish_pressure,neutral,True,False,0,0
2026-05-11 15:28:00+00:00,81344.9,81375.7,81283.2,81351.4,177.59090410862706,80985.30583142953,bullish_pressure,neutral,True,False,0,0
2026-05-11 15:29:00+00:00,81351.4,81353.7,81289.6,81302.0,177.59090410862706,80985.30583142953,breakout_up_strong,neutral,True,False,0,0
2026-05-11 15:30:00+00:00,81302.0,81350.0,81291.0,81332.9,180.85583952943963,80989.07601298537,bullish_pressure,neutral,True,False,0,0
2026-05-11 15:31:00+00:00,81332.8,81399.0,81332.8,81355.8,180.85583952943963,80989.07601298537,exhaustion_up,neutral,True,False,0,0
2026-05-11 15:32:00+00:00,81355.7,81355.8,81191.5,81216.3,180.85583952943963,80989.07601298537,bearish_pressure,neutral,True,False,0,0
2026-05-11 15:33:00+00:00,81216.2,81265.0,81212.0,81265.0,180.85583952943963,80989.07601298537,trend_continuation_up,neutral,True,False,0,0
2026-05-11 15:34:00+00:00,81265.0,81275.2,81175.7,81175.7,180.85583952943963,80989.07601298537,bearish_pressure,neutral,True,False,0,0
2026-05-11 15:35:00+00:00,81175.7,81200.0,81175.7,81185.6,173.25185099162314,80994.0903493619,inside_bar,neutral,True,False,0,0
2026-05-11 15:36:00+00:00,81185.6,81230.0,81175.8,81229.8,173.25185099162314,80994.0903493619,bullish_pressure,neutral,True,False,0,0
2026-05-11 15:37:00+00:00,81229.8,81250.1,81229.8,81241.9,173.25185099162314,80994.0903493619,bullish_pressure,neutral,True,False,0,0
2026-05-11 15:38:00+00:00,81241.9,81250.0,81191.2,81213.3,173.25185099162314,80994.0903493619,bearish_pressure,neutral,True,False,0,0
2026-05-11 15:39:00+00:00,81213.3,81242.4,81201.6,81242.3,173.25185099162314,80994.0903493619,bullish_pressure,neutral,True,False,0,0
2026-05-11 15:40:00+00:00,81242.4,81255.1,81215.3,81221.8,166.5624330636505,80997.92024343394,bearish_pressure,neutral,True,False,0,0
2026-05-11 15:41:00+00:00,81221.7,81235.9,81199.2,81199.3,166.5624330636505,80997.92024343394,bearish_pressure,neutral,True,False,0,0
2026-05-11 15:42:00+00:00,81199.3,81205.9,81178.0,81187.7,166.5624330636505,80997.92024343394,inside_bearish_weak,neutral,True,False,0,0
2026-05-11 15:43:00+00:00,81187.7,81232.6,81187.7,81200.1,166.5624330636505,80997.92024343394,inside_bullish_weak,neutral,True,False,0,0
2026-05-11 15:44:00+00:00,81200.0,81249.9,81175.5,81187.5,166.5624330636505,80997.92024343394,indecision,neutral,True,False,0,0
2026-05-11 15:45:00+00:00,81187.1,81225.9,81160.8,81216.8,159.58654498767507,81001.79112970257,bullish_pressure,neutral,True,False,0,0
2026-05-11 15:46:00+00:00,81216.8,81223.2,81181.7,81189.9,159.58654498767507,81001.79112970257,bearish_pressure,neutral,True,False,0,0
2026-05-11 15:47:00+00:00,81189.8,81220.2,81189.8,81205.7,159.58654498767507,81001.79112970257,bullish_pressure,neutral,True,False,0,0
2026-05-11 15:48:00+00:00,81205.8,81229.7,81205.7,81229.6,159.58654498767507,81001.79112970257,bullish_pressure,neutral,True,False,0,0
2026-05-11 15:49:00+00:00,81229.6,81229.6,81193.4,81193.4,159.58654498767507,81001.79112970257,bearish_pressure,neutral,True,False,0,0
2026-05-11 15:50:00+00:00,81193.4,81225.9,81191.2,81225.8,159.53036320284133,81007.93387960945,bullish_pressure,neutral,True,False,0,0
2026-05-11 15:51:00+00:00,81225.8,81329.8,81225.8,81296.9,159.53036320284133,81007.93387960945,bullish_pressure,neutral,True,False,0,0
2026-05-11 15:52:00+00:00,81297.0,81346.0,81296.9,81307.1,159.53036320284133,81007.93387960945,inside_bullish_weak,neutral,True,False,0,0
2026-05-11 15:53:00+00:00,81307.0,81350.0,81302.9,81345.1,159.53036320284133,81007.93387960945,breakout_up_weak,neutral,True,False,0,0
2026-05-11 15:54:00+00:00,81345.1,81345.1,81304.8,81312.0,159.53036320284133,81007.93387960945,bearish_pressure,neutral,True,False,0,0
2026-05-11 15:55:00+00:00,81312.1,81380.0,81312.0,81334.6,156.90676583121004,81015.7648918944,inside_bullish_weak,neutral,True,False,0,0
2026-05-11 15:56:00+00:00,81334.6,81348.0,81322.0,81348.0,156.90676583121004,81015.7648918944,bullish_pressure,neutral,True,False,0,0
2026-05-11 15:57:00+00:00,81347.9,81367.7,81330.0,81330.0,156.90676583121004,81015.7648918944,bearish_pressure,neutral,True,False,0,0
2026-05-11 15:58:00+00:00,81330.0,81434.8,81330.0,81382.2,156.90676583121004,81015.7648918944,exhaustion_up,neutral,True,False,0,0
2026-05-11 15:59:00+00:00,81382.3,81412.3,81366.5,81403.4,156.90676583121004,81015.7648918944,trend_continuation_up,neutral,True,False,0,0
2026-05-11 16:00:00+00:00,81403.4,81415.6,81361.7,81365.6,154.134853986124,81021.70222076778,bearish_pressure,up,True,False,0,0
2026-05-11 16:01:00+00:00,81365.6,81374.5,81352.0,81360.0,154.134853986124,81021.70222076778,inside_bearish_weak,up,True,False,0,0
2026-05-11 16:02:00+00:00,81359.9,81369.9,81323.5,81325.2,154.134853986124,81021.70222076778,bearish_pressure,up,True,False,0,0
2026-05-11 16:03:00+00:00,81325.3,81331.4,81306.0,81306.0,154.134853986124,81021.70222076778,bearish_pressure,up,True,False,0,0
2026-05-11 16:04:00+00:00,81306.1,81327.4,81297.5,81315.6,154.134853986124,81021.70222076778,inside_bullish_weak,up,True,False,0,0
2026-05-11 16:05:00+00:00,81315.6,81367.5,81307.8,81367.5,161.70379298711455,81031.82692926742,bullish_pressure,up,True,False,0,0
2026-05-11 16:06:00+00:00,81367.4,81471.8,81367.4,81455.0,161.70379298711455,81031.82692926742,trend_continuation_up,up,True,False,0,0
2026-05-11 16:07:00+00:00,81455.0,81500.0,81454.9,81462.8,161.70379298711455,81031.82692926742,exhaustion_up,up,True,False,0,1
2026-05-11 16:08:00+00:00,81462.9,81496.8,81447.1,81473.4,161.70379298711455,81031.82692926742,exhaustion_up,up,True,False,0,1
2026-05-11 16:09:00+00:00,81473.5,81567.9,81473.5,81533.0,161.70379298711455,81031.82692926742,exhaustion_up,up,True,False,0,1
2026-05-11 16:10:00+00:00,81533.0,81688.0,81526.5,81687.9,166.6892363451778,81046.07986136113,breakout_up_strong,up,True,False,0,0
2026-05-11 16:11:00+00:00,81687.9,81720.0,81630.6,81676.0,166.6892363451778,81046.07986136113,exhaustion_up,up,True,False,0,1
2026-05-11 16:12:00+00:00,81676.0,81707.4,81616.6,81684.6,166.6892363451778,81046.07986136113,bullish_pressure,up,True,False,0,0
2026-05-11 16:13:00+00:00,81684.5,81695.7,81656.8,81688.4,166.6892363451778,81046.07986136113,bullish_pressure,up,True,False,0,0
2026-05-11 16:14:00+00:00,81688.5,81758.0,81655.6,81751.6,166.6892363451778,81046.07986136113,breakout_up_strong,up,True,False,0,0
2026-05-11 16:15:00+00:00,81751.6,81777.0,81702.7,81705.6,166.4400051776649,81060.75550767081,bullish_pressure,up,True,False,0,0
2026-05-11 16:16:00+00:00,81705.7,81712.0,81629.3,81681.0,166.4400051776649,81060.75550767081,trend_continuation_up,up,True,False,0,0
2026-05-11 16:17:00+00:00,81681.0,81749.0,81681.0,81748.9,166.4400051776649,81060.75550767081,breakout_up_strong,up,True,False,0,0
2026-05-11 16:18:00+00:00,81748.9,81792.5,81688.7,81688.8,166.4400051776649,81060.75550767081,exhaustion_up,up,True,False,0,1
2026-05-11 16:19:00+00:00,81688.9,81787.3,81676.6,81787.2,166.4400051776649,81060.75550767081,bullish_pressure,up,True,False,0,0
2026-05-11 16:20:00+00:00,81787.3,81824.3,81760.6,81764.7,161.2585762364027,81075.58807187533,exhaustion_up,up,True,False,0,1
2026-05-11 16:21:00+00:00,81764.7,81781.7,81748.8,81748.9,161.2585762364027,81075.58807187533,exhaustion_up,up,True,False,0,1
2026-05-11 16:22:00+00:00,81748.9,81770.0,81736.6,81759.6,161.2585762364027,81075.58807187533,trend_continuation_up,up,True,False,0,0
2026-05-11 16:23:00+00:00,81759.6,81806.2,81750.0,81803.9,161.2585762364027,81075.58807187533,breakout_up_weak,up,True,False,0,0
2026-05-11 16:24:00+00:00,81803.9,81830.5,81777.0,81809.8,161.2585762364027,81075.58807187533,exhaustion_up,up,True,False,0,1
2026-05-11 16:25:00+00:00,81809.9,81816.4,81786.7,81805.6,160.72582079094556,81088.606129858,trend_continuation_up,up,True,False,0,0
2026-05-11 16:26:00+00:00,81805.6,81828.7,81766.1,81766.1,160.72582079094556,81088.606129858,bearish_pressure,up,True,False,0,0
2026-05-11 16:27:00+00:00,81766.2,81777.6,81750.2,81772.0,160.72582079094556,81088.606129858,inside_bullish_weak,up,True,False,0,0
2026-05-11 16:28:00+00:00,81772.0,81772.1,81688.0,81695.0,160.72582079094556,81088.606129858,bearish_pressure,up,True,False,0,0
2026-05-11 16:29:00+00:00,81695.1,81733.0,81674.9,81733.0,160.72582079094556,81088.606129858,bullish_pressure,up,True,False,0,0
2026-05-11 16:30:00+00:00,81732.9,81814.4,81732.9,81812.3,159.75254787730702,81103.9782857024,breakout_up_weak,up,True,False,0,0
2026-05-11 16:31:00+00:00,81812.2,81844.0,81776.9,81813.8,159.75254787730702,81103.9782857024,indecision,up,True,False,0,0
2026-05-11 16:32:00+00:00,81813.7,81860.3,81792.0,81803.7,159.75254787730702,81103.9782857024,indecision,up,True,False,0,0
2026-05-11 16:33:00+00:00,81803.6,81851.6,81803.6,81828.2,159.75254787730702,81103.9782857024,bullish_pressure,up,True,False,0,0
2026-05-11 16:34:00+00:00,81828.1,81880.0,81828.1,81864.9,159.75254787730702,81103.9782857024,trend_continuation_up,up,True,False,0,0
2026-05-11 16:35:00+00:00,81865.0,81865.0,81801.2,81859.2,155.3845087432141,81117.7589137083,trend_continuation_up,up,True,False,0,0
2026-05-11 16:36:00+00:00,81859.6,81865.0,81842.0,81846.8,155.3845087432141,81117.7589137083,bearish_pressure,up,True,False,0,0
2026-05-11 16:37:00+00:00,81846.7,81846.7,81766.4,81775.0,155.3845087432141,81117.7589137083,bearish_pressure,up,True,False,0,0
2026-05-11 16:38:00+00:00,81775.0,81830.0,81775.0,81799.9,155.3845087432141,81117.7589137083,bullish_pressure,up,True,False,0,0
2026-05-11 16:39:00+00:00,81799.9,81830.0,81788.1,81799.9,155.3845087432141,81117.7589137083,inside_bar,up,True,False,0,0
2026-05-11 16:40:00+00:00,81800.0,81800.0,81733.7,81735.4,165.14275811869882,81126.01121244674,bearish_pressure,up,True,False,0,0
2026-05-11 16:41:00+00:00,81735.4,81759.1,81651.4,81697.2,165.14275811869882,81126.01121244674,inside_bearish_weak,up,True,False,0,0
2026-05-11 16:42:00+00:00,81697.2,81697.2,81537.4,81554.3,165.14275811869882,81126.01121244674,breakout_down_strong,up,True,False,0,0
2026-05-11 16:43:00+00:00,81554.2,81608.0,81508.0,81600.0,165.14275811869882,81126.01121244674,exhaustion_down,up,True,False,1,0
2026-05-11 16:44:00+00:00,81600.0,81600.1,81519.5,81534.5,165.14275811869882,81126.01121244674,trend_continuation_down,up,True,False,0,0
2026-05-11 16:45:00+00:00,81534.4,81630.0,81521.9,81599.4,167.9539896816489,81136.39910922997,trend_continuation_down,up,True,False,0,0
2026-05-11 16:46:00+00:00,81599.4,81608.6,81578.9,81583.5,167.9539896816489,81136.39910922997,trend_continuation_down,up,True,False,0,0
2026-05-11 16:47:00+00:00,81583.4,81671.8,81583.4,81671.8,167.9539896816489,81136.39910922997,bullish_pressure,up,True,False,0,0
2026-05-11 16:48:00+00:00,81671.7,81726.4,81671.1,81684.4,167.9539896816489,81136.39910922997,inside_bullish_weak,up,True,False,0,0
2026-05-11 16:49:00+00:00,81684.3,81696.0,81650.6,81650.6,167.9539896816489,81136.39910922997,bearish_pressure,up,True,False,0,0
2026-05-11 16:50:00+00:00,81650.6,81675.7,81612.9,81637.9,165.09299041867354,81145.80308726501,inside_bearish_weak,up,True,False,0,0
2026-05-11 16:51:00+00:00,81638.0,81663.8,81600.0,81606.3,165.09299041867354,81145.80308726501,bearish_pressure,up,True,False,0,0
2026-05-11 16:52:00+00:00,81606.3,81614.0,81569.6,81572.5,165.09299041867354,81145.80308726501,bearish_pressure,up,True,False,0,0
2026-05-11 16:53:00+00:00,81572.6,81596.7,81547.8,81591.2,165.09299041867354,81145.80308726501,inside_bullish_weak,up,True,False,0,0
2026-05-11 16:54:00+00:00,81591.3,81617.9,81581.3,81611.3,165.09299041867354,81145.80308726501,bullish_pressure,up,True,False,0,0
2026-05-11 16:55:00+00:00,81611.2,81635.9,81584.8,81588.0,161.09349110305337,81153.34758058649,bearish_pressure,up,True,False,0,0
2026-05-11 16:56:00+00:00,81588.0,81594.4,81560.3,81594.3,161.09349110305337,81153.34758058649,indecision,up,True,False,0,0
2026-05-11 16:57:00+00:00,81594.3,81595.4,81553.2,81559.9,161.09349110305337,81153.34758058649,bearish_pressure,up,True,False,0,0
2026-05-11 16:58:00+00:00,81559.9,81591.5,81550.0,81572.0,161.09349110305337,81153.34758058649,inside_bullish_weak,up,True,False,0,0
2026-05-11 16:59:00+00:00,81572.0,81572.1,81526.8,81526.8,161.09349110305337,81153.34758058649,bearish_pressure,up,True,False,0,0
2026-05-11 17:00:00+00:00,81526.9,81598.9,81470.6,81470.6,163.93681316712056,81159.90703443626,trend_continuation_down,up,True,False,0,0
2026-05-11 17:01:00+00:00,81470.6,81470.9,81402.0,81431.9,163.93681316712056,81159.90703443626,exhaustion_down,up,True,False,1,0
2026-05-11 17:02:00+00:00,81431.8,81431.9,81398.0,81415.0,163.93681316712056,81159.90703443626,exhaustion_down,up,True,False,1,0
2026-05-11 17:03:00+00:00,81415.0,81462.2,81415.0,81445.1,163.93681316712056,81159.90703443626,trend_continuation_down,up,True,False,0,0
2026-05-11 17:04:00+00:00,81445.0,81490.0,81430.0,81484.6,163.93681316712056,81159.90703443626,bullish_pressure,up,True,False,0,0
2026-05-11 17:05:00+00:00,81484.7,81508.0,81461.9,81472.8,165.49132651232603,81164.44550900187,inside_bearish_weak,up,True,False,0,0
2026-05-11 17:06:00+00:00,81472.9,81472.9,81369.5,81406.7,165.49132651232603,81164.44550900187,exhaustion_down,up,True,False,1,0
2026-05-11 17:07:00+00:00,81406.8,81406.8,81362.4,81386.3,165.49132651232603,81164.44550900187,exhaustion_down,up,True,False,1,0
2026-05-11 17:08:00+00:00,81386.2,81386.4,81358.4,81368.8,165.49132651232603,81164.44550900187,exhaustion_down,up,True,False,1,0
2026-05-11 17:09:00+00:00,81368.8,81405.0,81322.3,81389.1,165.49132651232603,81164.44550900187,exhaustion_down,up,True,False,1,0
2026-05-11 17:10:00+00:00,81389.1,81429.7,81370.0,81418.1,162.72766033287436,81170.65450882362,bullish_pressure,up,True,False,0,0
2026-05-11 17:11:00+00:00,81418.1,81469.7,81418.0,81466.3,162.72766033287436,81170.65450882362,bullish_pressure,up,True,False,0,0
2026-05-11 17:12:00+00:00,81466.3,81468.2,81396.0,81412.7,162.72766033287436,81170.65450882362,bearish_pressure,up,True,False,0,0
2026-05-11 17:13:00+00:00,81412.8,81484.9,81412.7,81484.9,162.72766033287436,81170.65450882362,bullish_pressure,up,True,False,0,0
2026-05-11 17:14:00+00:00,81484.8,81496.8,81470.0,81478.0,162.72766033287436,81170.65450882362,inside_bearish_weak,up,True,False,0,0
2026-05-11 17:15:00+00:00,81478.1,81495.7,81473.0,81494.7,162.6828274519552,81178.457389837,bullish_pressure,up,True,False,0,0
2026-05-11 17:16:00+00:00,81494.7,81586.8,81494.7,81586.7,162.6828274519552,81178.457389837,bullish_pressure,up,True,False,0,0
2026-05-11 17:17:00+00:00,81586.7,81635.1,81586.7,81630.0,162.6828274519552,81178.457389837,trend_continuation_up,up,True,False,0,0
2026-05-11 17:18:00+00:00,81630.0,81630.0,81549.6,81564.5,162.6828274519552,81178.457389837,bearish_pressure,up,True,False,0,0
2026-05-11 17:19:00+00:00,81564.6,81573.7,81525.0,81564.7,162.6828274519552,81178.457389837,indecision,up,True,False,0,0
2026-05-11 17:20:00+00:00,81564.6,81600.0,81564.6,81589.5,155.12691120538656,81186.20278805804,bullish_pressure,up,True,False,0,0
2026-05-11 17:21:00+00:00,81589.6,81617.9,81579.6,81599.6,155.12691120538656,81186.20278805804,inside_bullish_weak,up,True,False,0,0
2026-05-11 17:22:00+00:00,81599.7,81608.8,81561.0,81579.4,155.12691120538656,81186.20278805804,inside_bearish_weak,up,True,False,0,0
2026-05-11 17:23:00+00:00,81579.5,81582.0,81563.5,81570.4,155.12691120538656,81186.20278805804,bearish_pressure,up,True,False,0,0
2026-05-11 17:24:00+00:00,81570.4,81600.0,81562.0,81569.6,155.12691120538656,81186.20278805804,indecision,up,True,False,0,0
2026-05-11 17:25:00+00:00,81569.6,81600.0,81552.4,81559.0,148.4392746907161,81194.4443170074,inside_bearish_weak,up,True,False,0,0
2026-05-11 17:26:00+00:00,81559.0,81602.4,81558.9,81577.8,148.4392746907161,81194.4443170074,inside_bullish_weak,up,True,False,0,0
2026-05-11 17:27:00+00:00,81577.8,81577.9,81541.0,81549.0,148.4392746907161,81194.4443170074,bearish_pressure,up,True,False,0,0
2026-05-11 17:28:00+00:00,81548.9,81577.5,81548.9,81574.3,148.4392746907161,81194.4443170074,bullish_pressure,up,True,False,0,0
2026-05-11 17:29:00+00:00,81574.4,81602.5,81574.3,81602.4,148.4392746907161,81194.4443170074,bullish_pressure,up,True,False,0,0
2026-05-11 17:30:00+00:00,81602.4,81605.0,81557.4,81557.4,145.56504078423617,81203.63749884884,bearish_pressure,up,True,False,0,0
2026-05-11 17:31:00+00:00,81557.5,81575.0,81550.5,81561.9,145.56504078423617,81203.63749884884,indecision,up,True,False,0,0
2026-05-11 17:32:00+00:00,81561.8,81609.2,81554.0,81606.4,145.56504078423617,81203.63749884884,bullish_pressure,up,True,False,0,0
2026-05-11 17:33:00+00:00,81606.4,81628.8,81598.5,81606.4,145.56504078423617,81203.63749884884,indecision,up,True,False,0,0
2026-05-11 17:34:00+00:00,81606.3,81658.7,81606.3,81658.7,145.56504078423617,81203.63749884884,bullish_pressure,up,True,False,0,0
2026-05-11 17:35:00+00:00,81658.6,81680.0,81648.2,81668.3,149.18896644250523,81215.87438005976,inside_bullish_weak,up,True,False,0,0
2026-05-11 17:36:00+00:00,81668.3,81695.5,81647.3,81692.5,149.18896644250523,81215.87438005976,breakout_up_weak,up,True,False,0,0
2026-05-11 17:37:00+00:00,81692.5,81745.0,81675.3,81723.0,149.18896644250523,81215.87438005976,trend_continuation_up,up,True,False,0,0
2026-05-11 17:38:00+00:00,81723.0,81795.1,81718.4,81795.0,149.18896644250523,81215.87438005976,breakout_up_weak,up,True,False,0,0
2026-05-11 17:39:00+00:00,81795.0,81843.6,81782.2,81821.6,149.18896644250523,81215.87438005976,exhaustion_up,up,True,False,0,1
2026-05-11 17:40:00+00:00,81821.5,81849.7,81808.5,81845.8,150.94689741089792,81230.14221411798,bullish_pressure,up,True,False,0,0
2026-05-11 17:41:00+00:00,81845.7,81917.2,81845.7,81888.1,150.94689741089792,81230.14221411798,exhaustion_up,up,True,False,0,1
2026-05-11 17:42:00+00:00,81888.2,81943.2,81888.1,81915.1,150.94689741089792,81230.14221411798,exhaustion_up,up,True,False,0,1
2026-05-11 17:43:00+00:00,81915.2,81963.4,81912.0,81950.0,150.94689741089792,81230.14221411798,bullish_pressure,up,True,False,0,0
2026-05-11 17:44:00+00:00,81950.1,81982.3,81936.4,81936.4,150.94689741089792,81230.14221411798,exhaustion_up,up,True,False,0,1
2026-05-11 17:45:00+00:00,81936.4,82033.8,81936.4,81959.0,151.572119024405,81243.60276433347,exhaustion_up,up,True,False,0,1
2026-05-11 17:46:00+00:00,81959.0,81987.0,81946.4,81986.8,151.572119024405,81243.60276433347,bullish_pressure,up,True,False,0,0
2026-05-11 17:47:00+00:00,81986.9,81986.9,81891.7,81892.4,151.572119024405,81243.60276433347,bearish_pressure,up,True,False,0,0
2026-05-11 17:48:00+00:00,81892.4,81898.3,81874.1,81881.4,151.572119024405,81243.60276433347,bearish_pressure,up,True,False,0,0
2026-05-11 17:49:00+00:00,81881.4,81910.0,81878.2,81909.9,151.572119024405,81243.60276433347,bullish_pressure,up,True,False,0,0
2026-05-11 17:50:00+00:00,81909.9,81963.6,81909.9,81958.3,148.0241105226624,81256.30171949518,trend_continuation_up,up,True,False,0,0
2026-05-11 17:51:00+00:00,81958.2,81986.8,81943.2,81959.0,148.0241105226624,81256.30171949518,exhaustion_up,up,True,False,0,1
2026-05-11 17:52:00+00:00,81958.9,81961.4,81916.4,81937.9,148.0241105226624,81256.30171949518,bearish_pressure,up,True,False,0,0
2026-05-11 17:53:00+00:00,81937.8,81960.0,81937.8,81951.9,148.0241105226624,81256.30171949518,bullish_pressure,up,True,False,0,0
2026-05-11 17:54:00+00:00,81951.9,81964.3,81884.9,81884.9,148.0241105226624,81256.30171949518,bearish_pressure,up,True,False,0,0
2026-05-11 17:55:00+00:00,81884.9,81900.0,81862.2,81899.9,143.06524548532977,81268.92940821806,inside_bullish_weak,up,True,False,0,0
2026-05-11 17:56:00+00:00,81900.0,81930.0,81900.0,81912.5,143.06524548532977,81268.92940821806,inside_bullish_weak,up,True,False,0,0
2026-05-11 17:57:00+00:00,81912.4,81912.4,81868.7,81872.9,143.06524548532977,81268.92940821806,bearish_pressure,up,True,False,0,0
2026-05-11 17:58:00+00:00,81872.8,81879.2,81865.9,81876.3,143.06524548532977,81268.92940821806,inside_bullish_weak,up,True,False,0,0
2026-05-11 17:59:00+00:00,81876.4,81895.6,81851.4,81894.0,143.06524548532977,81268.92940821806,inside_bullish_weak,up,True,False,0,0
2026-05-11 18:00:00+00:00,81894.1,81895.6,81859.8,81878.4,140.00344223637742,81282.45555855037,inside_bar,up,True,False,0,0
2026-05-11 18:01:00+00:00,81878.3,81885.6,81869.0,81882.5,140.00344223637742,81282.45555855037,inside_bar,up,True,False,0,0
2026-05-11 18:02:00+00:00,81882.5,81920.0,81882.5,81890.1,140.00344223637742,81282.45555855037,inside_bullish_weak,up,True,False,0,0
2026-05-11 18:03:00+00:00,81890.1,81929.4,81890.1,81929.3,140.00344223637742,81282.45555855037,bullish_pressure,up,True,False,0,0
2026-05-11 18:04:00+00:00,81929.4,81960.0,81929.3,81952.0,140.00344223637742,81282.45555855037,bullish_pressure,up,True,False,0,0
2026-05-11 18:05:00+00:00,81952.0,81956.7,81936.1,81948.7,140.12462493377885,81296.76336927214,inside_bar,up,True,False,0,0
2026-05-11 18:06:00+00:00,81948.7,82015.2,81946.6,82010.6,140.12462493377885,81296.76336927214,breakout_up_weak,up,True,False,0,0
2026-05-11 18:07:00+00:00,82010.6,82077.8,82004.8,82034.1,140.12462493377885,81296.76336927214,exhaustion_up,up,True,False,0,1
2026-05-11 18:08:00+00:00,82034.0,82051.5,82023.8,82030.0,140.12462493377885,81296.76336927214,exhaustion_up,up,True,False,0,1
2026-05-11 18:09:00+00:00,82030.0,82030.1,81984.4,82005.0,140.12462493377885,81296.76336927214,bearish_pressure,up,True,False,0,0
2026-05-11 18:10:00+00:00,82005.0,82009.0,81974.0,81982.8,136.9942945813663,81309.1937976034,bearish_pressure,up,True,False,0,0
2026-05-11 18:11:00+00:00,81982.8,82000.2,81958.3,81958.4,136.9942945813663,81309.1937976034,bearish_pressure,up,True,False,0,0
2026-05-11 18:12:00+00:00,81958.3,81970.2,81931.9,81968.9,136.9942945813663,81309.1937976034,inside_bullish_weak,up,True,False,0,0
2026-05-11 18:13:00+00:00,81969.0,81991.9,81968.9,81977.9,136.9942945813663,81309.1937976034,inside_bullish_weak,up,True,False,0,0
2026-05-11 18:14:00+00:00,81977.9,81978.0,81912.7,81924.5,136.9942945813663,81309.1937976034,bearish_pressure,up,True,False,0,0
2026-05-11 18:15:00+00:00,81924.5,81944.0,81892.8,81892.8,136.9804163969832,81319.72065309639,bearish_pressure,up,True,False,0,0
2026-05-11 18:16:00+00:00,81892.8,81903.2,81868.7,81879.9,136.9804163969832,81319.72065309639,inside_bearish_weak,up,True,False,0,0
2026-05-11 18:17:00+00:00,81879.9,81898.6,81860.1,81860.8,136.9804163969832,81319.72065309639,bearish_pressure,up,True,False,0,0
2026-05-11 18:18:00+00:00,81860.9,81873.6,81807.2,81849.9,136.9804163969832,81319.72065309639,indecision,up,True,False,0,0
2026-05-11 18:19:00+00:00,81850.0,81856.0,81832.4,81840.8,136.9804163969832,81319.72065309639,inside_bar,up,True,False,0,0
2026-05-11 18:20:00+00:00,81840.9,81880.0,81838.2,81876.0,133.93181522577032,81330.9519272925,bullish_pressure,up,True,False,0,0
2026-05-11 18:21:00+00:00,81876.0,81915.0,81857.5,81915.0,133.93181522577032,81330.9519272925,bullish_pressure,up,True,False,0,0
2026-05-11 18:22:00+00:00,81915.0,81932.5,81896.4,81905.5,133.93181522577032,81330.9519272925,inside_bearish_weak,up,True,False,0,0
2026-05-11 18:23:00+00:00,81905.5,81905.6,81902.8,81905.5,133.93181522577032,81330.9519272925,inside_bar,up,True,False,0,0
2026-05-11 18:24:00+00:00,81905.5,81928.3,81886.8,81886.9,133.93181522577032,81330.9519272925,inside_bearish_weak,up,True,False,0,0
2026-05-11 18:25:00+00:00,81886.9,81909.0,81873.8,81873.8,140.8223998525006,81344.10535447481,inside_bearish_weak,up,True,False,0,0
2026-05-11 18:26:00+00:00,81873.8,81885.3,81788.0,81872.2,140.8223998525006,81344.10535447481,indecision,up,True,False,0,0
2026-05-11 18:27:00+00:00,81872.3,81955.3,81872.2,81955.3,140.8223998525006,81344.10535447481,bullish_pressure,up,True,False,0,0
2026-05-11 18:28:00+00:00,81955.4,82018.4,81953.7,82005.1,140.8223998525006,81344.10535447481,bullish_pressure,up,True,False,0,0
2026-05-11 18:29:00+00:00,82005.0,82005.7,81972.6,81995.2,140.8223998525006,81344.10535447481,inside_bar,up,True,False,0,0
2026-05-11 18:30:00+00:00,81995.2,82031.6,81984.0,82016.2,140.42079986303608,81356.57059498025,inside_bullish_weak,up,True,False,0,0
2026-05-11 18:31:00+00:00,82016.3,82098.9,82015.3,82059.4,140.42079986303608,81356.57059498025,exhaustion_up,up,True,False,0,1
2026-05-11 18:32:00+00:00,82059.3,82094.0,82045.6,82080.9,140.42079986303608,81356.57059498025,trend_continuation_up,up,True,False,0,0
2026-05-11 18:33:00+00:00,82080.9,82081.0,82032.3,82032.4,140.42079986303608,81356.57059498025,bearish_pressure,up,True,False,0,0
2026-05-11 18:34:00+00:00,82032.3,82032.4,81963.7,81973.6,140.42079986303608,81356.57059498025,bearish_pressure,up,True,False,0,0
2026-05-11 18:35:00+00:00,81973.7,82000.0,81938.9,82000.0,136.2407427299627,81368.20088022816,inside_bullish_weak,up,True,False,0,0
2026-05-11 18:36:00+00:00,82000.0,82014.6,81952.9,81967.6,136.2407427299627,81368.20088022816,bearish_pressure,up,True,False,0,0
2026-05-11 18:37:00+00:00,81967.6,81973.3,81950.0,81970.0,136.2407427299627,81368.20088022816,indecision,up,True,False,0,0
2026-05-11 18:38:00+00:00,81969.9,81980.0,81950.0,81970.4,136.2407427299627,81368.20088022816,indecision,up,True,False,0,0
2026-05-11 18:39:00+00:00,81970.3,81975.4,81932.7,81943.9,136.2407427299627,81368.20088022816,bearish_pressure,up,True,False,0,0
2026-05-11 18:40:00+00:00,81944.0,81945.8,81907.1,81925.1,129.78068967782272,81378.93749646127,bearish_pressure,up,True,False,0,0
2026-05-11 18:41:00+00:00,81925.2,81925.2,81904.0,81908.1,129.78068967782272,81378.93749646127,bearish_pressure,up,True,False,0,0
2026-05-11 18:42:00+00:00,81908.1,81917.0,81906.0,81915.1,129.78068967782272,81378.93749646127,bullish_pressure,up,True,False,0,0
2026-05-11 18:43:00+00:00,81915.1,81944.1,81903.1,81931.7,129.78068967782272,81378.93749646127,inside_bullish_weak,up,True,False,0,0
2026-05-11 18:44:00+00:00,81931.7,81940.3,81900.0,81910.4,129.78068967782272,81378.93749646127,bearish_pressure,up,True,False,0,0
2026-05-11 18:45:00+00:00,81910.4,81910.4,81856.5,81877.6,134.7463547008356,81390.82388266995,bearish_pressure,up,True,False,0,0
2026-05-11 18:46:00+00:00,81877.5,81985.7,81877.5,81973.1,134.7463547008356,81390.82388266995,bullish_pressure,up,True,False,0,0
2026-05-11 18:47:00+00:00,81973.0,82022.1,81971.3,82022.1,134.7463547008356,81390.82388266995,bullish_pressure,up,True,False,0,0
2026-05-11 18:48:00+00:00,82022.1,82055.8,82000.4,82009.0,134.7463547008356,81390.82388266995,inside_bearish_weak,up,True,False,0,0
2026-05-11 18:49:00+00:00,82009.0,82017.0,81979.2,81979.2,134.7463547008356,81390.82388266995,bearish_pressure,up,True,False,0,0
2026-05-11 18:50:00+00:00,81979.3,82019.0,81979.2,82010.0,138.2644722222045,81400.14618202302,bullish_pressure,up,True,False,0,0
2026-05-11 18:51:00+00:00,82009.9,82010.0,81973.3,82000.0,138.2644722222045,81400.14618202302,inside_bearish_weak,up,True,False,0,0
2026-05-11 18:52:00+00:00,81999.9,82000.0,81976.0,81983.8,138.2644722222045,81400.14618202302,bearish_pressure,up,True,False,0,0
2026-05-11 18:53:00+00:00,81983.8,81988.3,81931.1,81931.2,138.2644722222045,81400.14618202302,bearish_pressure,up,True,False,0,0
2026-05-11 18:54:00+00:00,81931.2,81931.2,81835.0,81861.6,138.2644722222045,81400.14618202302,bearish_pressure,up,True,False,0,0
2026-05-11 18:55:00+00:00,81861.5,81922.9,81845.8,81922.9,140.40272420633252,81408.4442774285,bullish_pressure,up,True,False,0,0
2026-05-11 18:56:00+00:00,81922.8,81952.5,81922.8,81952.5,140.40272420633252,81408.4442774285,bullish_pressure,up,True,False,0,0
2026-05-11 18:57:00+00:00,81952.5,81952.5,81902.0,81913.6,140.40272420633252,81408.4442774285,bearish_pressure,up,True,False,0,0
2026-05-11 18:58:00+00:00,81913.6,81913.7,81846.7,81846.7,140.40272420633252,81408.4442774285,bearish_pressure,up,True,False,0,0
2026-05-11 18:59:00+00:00,81846.7,81862.7,81784.3,81819.2,140.40272420633252,81408.4442774285,exhaustion_down,up,True,False,1,0
2026-05-11 19:00:00+00:00,81819.3,81849.0,81817.1,81817.2,142.43824390588082,81415.05330163783,trend_continuation_down,up,True,False,0,0
2026-05-11 19:01:00+00:00,81817.1,81860.6,81817.1,81829.9,142.43824390588082,81415.05330163783,inside_bullish_weak,up,True,False,0,0
2026-05-11 19:02:00+00:00,81829.9,81829.9,81691.7,81744.6,142.43824390588082,81415.05330163783,exhaustion_down,up,True,False,1,0
2026-05-11 19:03:00+00:00,81744.7,81770.0,81744.6,81750.1,142.43824390588082,81415.05330163783,trend_continuation_down,up,True,False,0,0
2026-05-11 19:04:00+00:00,81750.0,81766.0,81735.2,81742.2,142.43824390588082,81415.05330163783,trend_continuation_down,up,True,False,0,0
2026-05-11 19:05:00+00:00,81742.1,81795.0,81729.3,81794.9,147.0855121983179,81424.65422635787,bullish_pressure,up,True,False,0,0
2026-05-11 19:06:00+00:00,81795.0,81860.0,81795.0,81858.9,147.0855121983179,81424.65422635787,bullish_pressure,up,True,False,0,0
2026-05-11 19:07:00+00:00,81858.9,81925.9,81855.0,81925.4,147.0855121983179,81424.65422635787,bullish_pressure,up,True,False,0,0
2026-05-11 19:08:00+00:00,81925.4,81936.8,81857.9,81885.3,147.0855121983179,81424.65422635787,bearish_pressure,up,True,False,0,0
2026-05-11 19:09:00+00:00,81885.2,81899.9,81881.6,81899.9,147.0855121983179,81424.65422635787,bullish_pressure,up,True,False,0,0
2026-05-11 19:10:00+00:00,81899.8,81908.3,81860.6,81879.8,140.1722613270097,81433.63137039039,inside_bearish_weak,up,True,False,0,0
2026-05-11 19:11:00+00:00,81879.9,81901.0,81879.8,81889.0,140.1722613270097,81433.63137039039,inside_bar,up,True,False,0,0
2026-05-11 19:12:00+00:00,81889.1,81910.0,81885.7,81885.7,140.1722613270097,81433.63137039039,indecision,up,True,False,0,0
2026-05-11 19:13:00+00:00,81885.7,81904.3,81878.5,81878.5,140.1722613270097,81433.63137039039,inside_bearish_weak,up,True,False,0,0
2026-05-11 19:14:00+00:00,81878.6,81882.3,81859.7,81878.0,140.1722613270097,81433.63137039039,indecision,up,True,False,0,0
2026-05-11 19:15:00+00:00,81878.0,81890.4,81830.3,81847.2,138.41709980365124,81441.48025414503,bearish_pressure,up,True,False,0,0
2026-05-11 19:16:00+00:00,81847.1,81850.0,81813.7,81823.3,138.41709980365124,81441.48025414503,bearish_pressure,up,True,False,0,0
2026-05-11 19:17:00+00:00,81823.3,81842.8,81774.8,81782.9,138.41709980365124,81441.48025414503,bearish_pressure,up,True,False,0,0
2026-05-11 19:18:00+00:00,81782.8,81853.3,81782.8,81853.3,138.41709980365124,81441.48025414503,bullish_pressure,up,True,False,0,0
2026-05-11 19:19:00+00:00,81853.3,81875.7,81829.9,81830.0,138.41709980365124,81441.48025414503,bearish_pressure,up,True,False,0,0
2026-05-11 19:20:00+00:00,81830.0,81884.5,81829.9,81834.4,147.78016410339043,81452.5935164392,indecision,up,True,False,0,0
2026-05-11 19:21:00+00:00,81834.3,81834.4,81813.3,81822.4,147.78016410339043,81452.5935164392,bearish_pressure,up,True,False,0,0
2026-05-11 19:22:00+00:00,81822.3,81822.4,81780.4,81809.3,147.78016410339043,81452.5935164392,inside_bearish_weak,up,True,False,0,0
2026-05-11 19:23:00+00:00,81809.3,82049.9,81809.3,82028.0,147.78016410339043,81452.5935164392,breakout_up_weak,up,True,False,0,0
2026-05-11 19:24:00+00:00,82027.9,82035.7,82002.7,82002.7,147.78016410339043,81452.5935164392,trend_continuation_up,up,True,False,0,0
2026-05-11 19:25:00+00:00,82002.7,82005.4,82000.0,82000.0,150.7387238102909,81460.73819928199,exhaustion_up,up,True,False,0,1
2026-05-11 19:26:00+00:00,82000.0,82000.1,81936.8,81936.8,150.7387238102909,81460.73819928199,bearish_pressure,up,True,False,0,0
2026-05-11 19:27:00+00:00,81936.8,81936.8,81846.6,81847.2,150.7387238102909,81460.73819928199,bearish_pressure,up,True,False,0,0
2026-05-11 19:28:00+00:00,81847.2,81861.6,81828.5,81828.7,150.7387238102909,81460.73819928199,bearish_pressure,up,True,False,0,0
2026-05-11 19:29:00+00:00,81828.7,81863.9,81816.2,81863.9,150.7387238102909,81460.73819928199,bullish_pressure,up,True,False,0,0
2026-05-11 19:30:00+00:00,81863.9,81868.8,81838.3,81839.7,145.35024353812747,81467.54932404868,bearish_pressure,up,True,False,0,0
2026-05-11 19:31:00+00:00,81839.8,81880.0,81839.7,81874.2,145.35024353812747,81467.54932404868,bullish_pressure,up,True,False,0,0
2026-05-11 19:32:00+00:00,81874.1,81874.2,81866.5,81866.6,145.35024353812747,81467.54932404868,bearish_pressure,up,True,False,0,0
2026-05-11 19:33:00+00:00,81866.5,81866.6,81830.1,81830.1,145.35024353812747,81467.54932404868,bearish_pressure,up,True,False,0,0
2026-05-11 19:34:00+00:00,81830.1,81830.2,81804.7,81804.7,145.35024353812747,81467.54932404868,bearish_pressure,up,True,False,0,0
2026-05-11 19:35:00+00:00,81804.8,81835.4,81799.7,81835.3,141.9037975711188,81475.90676317643,bullish_pressure,up,True,False,0,0
2026-05-11 19:36:00+00:00,81835.4,81866.5,81829.3,81866.5,141.9037975711188,81475.90676317643,bullish_pressure,up,True,False,0,0
2026-05-11 19:37:00+00:00,81866.4,81879.8,81861.9,81867.5,141.9037975711188,81475.90676317643,indecision,up,True,False,0,0
2026-05-11 19:38:00+00:00,81867.5,81873.0,81855.7,81867.6,141.9037975711188,81475.90676317643,indecision,up,True,False,0,0
2026-05-11 19:39:00+00:00,81867.6,81896.8,81846.1,81889.6,141.9037975711188,81475.90676317643,inside_bullish_weak,up,True,False,0,0
2026-05-11 19:40:00+00:00,81889.7,81940.0,81889.6,81923.3,143.58924060175315,81485.44326291552,bullish_pressure,up,True,False,0,0
2026-05-11 19:41:00+00:00,81923.2,81923.3,81889.5,81889.5,143.58924060175315,81485.44326291552,bearish_pressure,up,True,False,0,0
2026-05-11 19:42:00+00:00,81889.6,82055.0,81889.5,82024.2,143.58924060175315,81485.44326291552,breakout_up_weak,up,True,False,0,0
2026-05-11 19:43:00+00:00,82024.3,82024.3,81995.6,81998.7,143.58924060175315,81485.44326291552,trend_continuation_up,up,True,False,0,0
2026-05-11 19:44:00+00:00,81998.6,81998.6,81957.5,81957.5,143.58924060175315,81485.44326291552,bearish_pressure,up,True,False,0,0
2026-05-11 19:45:00+00:00,81957.5,81971.8,81944.2,81944.2,138.73286627305586,81494.38696067956,bearish_pressure,up,True,False,0,0
2026-05-11 19:46:00+00:00,81944.2,81957.6,81944.2,81952.2,138.73286627305586,81494.38696067956,bullish_pressure,up,True,False,0,0
2026-05-11 19:47:00+00:00,81952.1,81998.4,81952.1,81971.0,138.73286627305586,81494.38696067956,inside_bullish_weak,up,True,False,0,0
2026-05-11 19:48:00+00:00,81971.0,81995.8,81922.8,81948.8,138.73286627305586,81494.38696067956,inside_bearish_weak,up,True,False,0,0
2026-05-11 19:49:00+00:00,81948.8,81964.8,81930.2,81937.1,138.73286627305586,81494.38696067956,inside_bar,up,True,False,0,0
2026-05-11 19:50:00+00:00,81937.0,81946.2,81916.6,81929.7,133.21623296783758,81502.34563472551,inside_bearish_weak,up,True,False,0,0
2026-05-11 19:51:00+00:00,81929.6,81929.7,81885.4,81885.7,133.21623296783758,81502.34563472551,bearish_pressure,up,True,False,0,0
2026-05-11 19:52:00+00:00,81885.7,81903.3,81885.7,81903.3,133.21623296783758,81502.34563472551,bullish_pressure,up,True,False,0,0
2026-05-11 19:53:00+00:00,81903.2,81927.2,81903.2,81925.3,133.21623296783758,81502.34563472551,bullish_pressure,up,True,False,0,0
2026-05-11 19:54:00+00:00,81925.2,81946.9,81896.3,81896.3,133.21623296783758,81502.34563472551,bearish_pressure,up,True,False,0,0
2026-05-11 19:55:00+00:00,81896.4,81960.0,81896.4,81953.7,128.70793061299247,81510.55859245372,bullish_pressure,up,True,False,0,0
2026-05-11 19:56:00+00:00,81953.6,81953.7,81922.5,81933.5,128.70793061299247,81510.55859245372,bearish_pressure,up,True,False,0,0
2026-05-11 19:57:00+00:00,81933.5,81936.8,81921.3,81925.3,128.70793061299247,81510.55859245372,bearish_pressure,up,True,False,0,0
2026-05-11 19:58:00+00:00,81925.3,81944.4,81902.0,81920.3,128.70793061299247,81510.55859245372,indecision,up,True,False,0,0
2026-05-11 19:59:00+00:00,81920.3,81926.0,81889.9,81917.1,128.70793061299247,81510.55859245372,indecision,up,True,False,0,0
2026-05-11 20:00:00+00:00,81917.8,81979.1,81917.7,81979.1,130.29307842634972,81520.11386785067,bullish_pressure,up,True,False,0,0
2026-05-11 20:01:00+00:00,81979.1,81998.5,81957.5,81957.6,130.29307842634972,81520.11386785067,bearish_pressure,up,True,False,0,0
2026-05-11 20:02:00+00:00,81957.6,81957.6,81870.0,81880.0,130.29307842634972,81520.11386785067,bearish_pressure,up,True,False,0,0
2026-05-11 20:03:00+00:00,81880.0,82020.9,81880.0,81940.7,130.29307842634972,81520.11386785067,inside_bullish_weak,up,True,False,0,0
2026-05-11 20:04:00+00:00,81940.6,82004.0,81940.6,81993.1,130.29307842634972,81520.11386785067,bullish_pressure,up,True,False,0,0
2026-05-11 20:05:00+00:00,81993.2,81993.2,81974.9,81993.0,126.42928711018271,81529.6779496754,inside_bar,up,True,False,0,0
2026-05-11 20:06:00+00:00,81992.9,82051.1,81988.9,82015.8,126.42928711018271,81529.6779496754,inside_bullish_weak,up,True,False,0,0
2026-05-11 20:07:00+00:00,82015.7,82025.1,81981.4,82004.8,126.42928711018271,81529.6779496754,inside_bearish_weak,up,True,False,0,0
2026-05-11 20:08:00+00:00,82004.7,82011.6,82004.7,82004.7,126.42928711018271,81529.6779496754,inside_bar,up,True,False,0,0
2026-05-11 20:09:00+00:00,82004.7,82011.5,81983.2,82003.1,126.42928711018271,81529.6779496754,indecision,up,True,False,0,0
2026-05-11 20:10:00+00:00,82003.1,82010.3,81987.7,81993.1,132.19148088802723,81536.42294077094,inside_bar,up,True,False,0,0
2026-05-11 20:11:00+00:00,81993.1,82010.2,81808.5,81808.6,132.19148088802723,81536.42294077094,breakout_down_weak,up,True,False,0,0
2026-05-11 20:12:00+00:00,81808.6,81902.5,81803.2,81881.0,132.19148088802723,81536.42294077094,bullish_pressure,up,True,False,0,0
2026-05-11 20:13:00+00:00,81881.1,81908.2,81832.2,81881.4,132.19148088802723,81536.42294077094,indecision,up,True,False,0,0
2026-05-11 20:14:00+00:00,81881.4,81882.2,81846.1,81870.3,132.19148088802723,81536.42294077094,inside_bar,up,True,False,0,0
2026-05-11 20:15:00+00:00,81870.4,81881.1,81838.3,81881.1,128.74208939602485,81543.9195162012,inside_bullish_weak,up,True,False,0,0
2026-05-11 20:16:00+00:00,81881.1,81920.0,81866.2,81899.3,128.74208939602485,81543.9195162012,inside_bullish_weak,up,True,False,0,0
2026-05-11 20:17:00+00:00,81899.3,81899.3,81877.1,81877.1,128.74208939602485,81543.9195162012,bearish_pressure,up,True,False,0,0
2026-05-11 20:18:00+00:00,81877.1,81894.9,81874.4,81874.5,128.74208939602485,81543.9195162012,indecision,up,True,False,0,0
2026-05-11 20:19:00+00:00,81874.4,81922.2,81874.4,81915.0,128.74208939602485,81543.9195162012,bullish_pressure,up,True,False,0,0
2026-05-11 20:20:00+00:00,81915.0,81929.8,81854.9,81860.9,127.84622586773716,81550.57853568238,bearish_pressure,up,True,False,0,0
2026-05-11 20:21:00+00:00,81860.8,81860.8,81820.1,81820.2,127.84622586773716,81550.57853568238,bearish_pressure,up,True,False,0,0
2026-05-11 20:22:00+00:00,81820.2,81856.8,81813.6,81844.0,127.84622586773716,81550.57853568238,bullish_pressure,up,True,False,0,0
2026-05-11 20:23:00+00:00,81844.1,81850.8,81834.0,81850.7,127.84622586773716,81550.57853568238,inside_bar,up,True,False,0,0
2026-05-11 20:24:00+00:00,81850.7,81892.0,81850.7,81880.2,127.84622586773716,81550.57853568238,bullish_pressure,up,True,False,0,0
2026-05-11 20:25:00+00:00,81880.2,81880.2,81856.9,81862.3,122.57863830575532,81556.7532181441,bearish_pressure,up,True,False,0,0
2026-05-11 20:26:00+00:00,81862.4,81862.4,81826.1,81826.2,122.57863830575532,81556.7532181441,bearish_pressure,up,True,False,0,0
2026-05-11 20:27:00+00:00,81826.2,81872.9,81826.1,81864.0,122.57863830575532,81556.7532181441,bullish_pressure,up,True,False,0,0
2026-05-11 20:28:00+00:00,81864.0,81869.2,81857.0,81857.1,122.57863830575532,81556.7532181441,bearish_pressure,up,True,False,0,0
2026-05-11 20:29:00+00:00,81857.1,81862.4,81857.0,81862.4,122.57863830575532,81556.7532181441,bullish_pressure,up,True,False,0,0
2026-05-12 01:35:00+00:00,81107.9,81139.8,80978.4,81002.3,128.1166539774271,81577.28362803248,bearish_pressure,down,False,True,0,0
2026-05-12 01:36:00+00:00,81002.3,81008.1,80888.9,80942.4,128.1166539774271,81577.28362803248,exhaustion_down,down,False,True,1,0
2026-05-12 01:42:00+00:00,80732.0,80871.6,80701.4,80859.6,146.17260726475436,81566.44632846749,breakout_down_strong,down,False,True,0,0
2026-05-12 01:43:00+00:00,80859.3,80920.0,80802.1,80920.0,146.17260726475436,81566.44632846749,exhaustion_down,down,False,True,1,0
2026-05-12 01:49:00+00:00,81096.0,81121.7,81088.0,81118.4,146.31742103155742,81557.57412394337,bullish_pressure,down,False,True,0,0
2026-05-12 01:50:00+00:00,81118.4,81195.3,81118.3,81152.1,147.8733195293027,81549.51919079598,inside_bullish_weak,down,False,True,0,0
2026-05-12 01:51:00+00:00,81152.0,81286.4,81152.0,81257.6,147.8733195293027,81549.51919079598,breakout_up_weak,down,False,True,0,0
2026-05-12 01:52:00+00:00,81257.6,81264.5,81209.1,81209.1,147.8733195293027,81549.51919079598,trend_continuation_up,down,False,True,0,0
2026-05-12 01:53:00+00:00,81209.0,81213.0,81170.6,81183.2,147.8733195293027,81549.51919079598,bearish_pressure,down,False,True,0,0
2026-05-12 01:54:00+00:00,81183.2,81204.3,81150.8,81150.8,147.8733195293027,81549.51919079598,bearish_pressure,down,False,True,0,0
2026-05-12 01:55:00+00:00,81150.8,81160.4,81139.9,81149.9,142.646653848638,81541.5762365228,indecision,down,False,True,0,0
2026-05-12 01:56:00+00:00,81150.0,81189.7,81149.9,81189.6,142.646653848638,81541.5762365228,bullish_pressure,down,False,True,0,0
2026-05-12 01:57:00+00:00,81189.7,81197.3,81134.2,81143.5,142.646653848638,81541.5762365228,bearish_pressure,down,False,True,0,0
2026-05-12 01:58:00+00:00,81143.4,81163.6,81136.2,81147.7,142.646653848638,81541.5762365228,inside_bar,down,False,True,0,0
2026-05-12 01:59:00+00:00,81147.7,81159.2,81122.6,81148.4,142.646653848638,81541.5762365228,indecision,down,False,True,0,0
2026-05-12 02:00:00+00:00,81148.4,81200.0,81109.5,81200.0,141.97903571659265,81535.65987540354,bullish_pressure,down,False,True,0,0
2026-05-12 02:01:00+00:00,81200.0,81219.2,81184.0,81199.1,141.97903571659265,81535.65987540354,indecision,down,False,True,0,0
2026-05-12 02:02:00+00:00,81199.1,81240.0,81199.1,81235.9,141.97903571659265,81535.65987540354,bullish_pressure,down,False,True,0,0
2026-05-12 02:03:00+00:00,81235.9,81240.0,81189.9,81195.1,141.97903571659265,81535.65987540354,bearish_pressure,down,False,True,0,0
2026-05-12 02:04:00+00:00,81195.1,81242.8,81195.1,81242.8,141.97903571659265,81535.65987540354,bullish_pressure,down,False,True,0,0
2026-05-12 02:05:00+00:00,81242.8,81268.9,81235.0,81243.9,136.17339030826437,81529.59730361337,indecision,down,False,True,0,0
2026-05-12 02:06:00+00:00,81243.9,81257.4,81215.0,81249.9,136.17339030826437,81529.59730361337,indecision,down,False,True,0,0
2026-05-12 02:07:00+00:00,81249.9,81271.1,81236.4,81265.0,136.17339030826437,81529.59730361337,inside_bullish_weak,down,False,True,0,0
2026-05-12 02:08:00+00:00,81265.1,81275.7,81260.2,81266.4,136.17339030826437,81529.59730361337,indecision,down,False,True,0,0
2026-05-12 02:09:00+00:00,81266.5,81266.5,81218.3,81229.5,136.17339030826437,81529.59730361337,bearish_pressure,down,False,True,0,0
2026-05-12 02:10:00+00:00,81229.6,81282.3,81229.6,81275.7,131.40386242910222,81524.5419114626,bullish_pressure,down,False,True,0,0
2026-05-12 02:11:00+00:00,81275.6,81275.7,81256.0,81260.6,131.40386242910222,81524.5419114626,bearish_pressure,down,False,True,0,0
2026-05-12 02:12:00+00:00,81260.6,81298.9,81257.0,81291.1,131.40386242910222,81524.5419114626,bullish_pressure,down,False,True,0,0
2026-05-12 02:13:00+00:00,81291.1,81291.1,81270.2,81275.0,131.40386242910222,81524.5419114626,bearish_pressure,down,False,True,0,0
2026-05-12 02:14:00+00:00,81275.0,81293.7,81266.5,81274.3,131.40386242910222,81524.5419114626,indecision,down,False,True,0,0
2026-05-12 02:15:00+00:00,81274.3,81274.4,81215.1,81215.2,137.72501511273737,81515.73712113661,bearish_pressure,down,False,True,0,0
2026-05-12 02:16:00+00:00,81215.1,81215.2,81183.3,81183.3,137.72501511273737,81515.73712113661,bearish_pressure,down,False,True,0,0
2026-05-12 02:17:00+00:00,81183.3,81202.8,81167.0,81200.0,137.72501511273737,81515.73712113661,bullish_pressure,down,False,True,0,0
2026-05-12 02:18:00+00:00,81200.0,81203.5,81155.3,81157.4,137.72501511273737,81515.73712113661,bearish_pressure,down,False,True,0,0
2026-05-12 02:19:00+00:00,81157.4,81167.6,81054.5,81079.9,137.72501511273737,81515.73712113661,breakout_down_weak,down,False,True,0,0
2026-05-12 02:20:00+00:00,81079.9,81085.0,81030.1,81079.6,139.87322831896958,81508.87499992597,exhaustion_down,down,False,True,1,0
2026-05-12 02:21:00+00:00,81079.7,81156.2,81079.6,81156.2,139.87322831896958,81508.87499992597,bullish_pressure,down,False,True,0,0
2026-05-12 02:22:00+00:00,81156.2,81178.7,81150.0,81150.0,139.87322831896958,81508.87499992597,inside_bearish_weak,down,False,True,0,0
2026-05-12 02:23:00+00:00,81150.1,81181.8,81150.0,81179.6,139.87322831896958,81508.87499992597,bullish_pressure,down,False,True,0,0
2026-05-12 02:24:00+00:00,81179.6,81197.9,81169.2,81169.2,139.87322831896958,81508.87499992597,inside_bearish_weak,down,False,True,0,0
2026-05-12 02:25:00+00:00,81169.3,81218.9,81167.0,81200.1,134.97514058190055,81503.23391081853,bullish_pressure,down,False,True,0,0
2026-05-12 02:26:00+00:00,81200.0,81200.1,81182.4,81196.1,134.97514058190055,81503.23391081853,inside_bar,down,False,True,0,0
2026-05-12 02:27:00+00:00,81196.1,81211.7,81184.6,81194.3,134.97514058190055,81503.23391081853,indecision,down,False,True,0,0
2026-05-12 02:28:00+00:00,81194.2,81238.3,81191.3,81236.3,134.97514058190055,81503.23391081853,bullish_pressure,down,False,True,0,0
2026-05-12 02:29:00+00:00,81236.3,81236.3,81224.0,81224.0,134.97514058190055,81503.23391081853,bearish_pressure,down,False,True,0,0
2026-05-12 02:30:00+00:00,81224.1,81239.0,81182.4,81186.7,131.57691625462152,81496.27284327756,bearish_pressure,down,False,True,0,0
2026-05-12 02:31:00+00:00,81186.6,81186.7,81154.4,81166.4,131.57691625462152,81496.27284327756,bearish_pressure,down,False,True,0,0
2026-05-12 02:32:00+00:00,81166.4,81220.9,81166.3,81220.8,131.57691625462152,81496.27284327756,bullish_pressure,down,False,True,0,0
2026-05-12 02:33:00+00:00,81220.8,81220.9,81180.2,81186.4,131.57691625462152,81496.27284327756,bearish_pressure,down,False,True,0,0
2026-05-12 02:34:00+00:00,81186.3,81186.3,81151.6,81151.7,131.57691625462152,81496.27284327756,bearish_pressure,down,False,True,0,0
2026-05-12 02:35:00+00:00,81151.6,81151.6,81054.7,81120.6,129.87856509357735,81488.3585295493,inside_bearish_weak,down,False,True,0,0
2026-05-12 02:36:00+00:00,81120.5,81152.9,81120.5,81152.9,129.87856509357735,81488.3585295493,bullish_pressure,down,False,True,0,0
2026-05-12 02:37:00+00:00,81152.9,81162.5,81131.0,81131.1,129.87856509357735,81488.3585295493,bearish_pressure,down,False,True,0,0
2026-05-12 02:38:00+00:00,81131.0,81131.1,81078.9,81092.3,129.87856509357735,81488.3585295493,bearish_pressure,down,False,True,0,0
2026-05-12 02:39:00+00:00,81092.2,81111.0,81092.2,81096.6,129.87856509357735,81488.3585295493,inside_bar,down,False,True,0,0
2026-05-12 02:40:00+00:00,81096.6,81106.5,81094.3,81106.5,123.59438187260712,81480.55539035029,bullish_pressure,down,False,True,0,0
2026-05-12 02:41:00+00:00,81106.4,81121.0,81099.8,81099.8,123.59438187260712,81480.55539035029,inside_bearish_weak,down,False,True,0,0
2026-05-12 02:42:00+00:00,81099.8,81125.0,81099.8,81115.0,123.59438187260712,81480.55539035029,bullish_pressure,down,False,True,0,0
2026-05-12 02:43:00+00:00,81115.0,81129.6,81109.7,81129.6,123.59438187260712,81480.55539035029,bullish_pressure,down,False,True,0,0
2026-05-12 02:44:00+00:00,81129.5,81136.2,81094.3,81094.3,123.59438187260712,81480.55539035029,bearish_pressure,down,False,True,0,0
2026-05-12 13:55:00+00:00,80630.0,80644.7,80555.1,80644.6,124.76803650026639,80844.91721604437,indecision,neutral,False,True,0,0
2026-05-12 13:56:00+00:00,80644.6,80655.5,80512.0,80519.2,124.76803650026639,80844.91721604437,breakout_down_weak,neutral,False,True,0,0
2026-05-12 13:57:00+00:00,80519.3,80549.1,80487.3,80503.7,124.76803650026639,80844.91721604437,trend_continuation_down,neutral,False,True,0,0
2026-05-12 13:58:00+00:00,80503.7,80509.9,80432.0,80474.1,124.76803650026639,80844.91721604437,exhaustion_down,neutral,False,True,0,0
2026-05-12 13:59:00+00:00,80474.2,80482.8,80360.9,80433.6,124.76803650026639,80844.91721604437,exhaustion_down,neutral,False,True,0,0
2026-05-12 14:00:00+00:00,80433.6,80451.2,80360.0,80420.8,131.42746246453308,80838.53865731083,exhaustion_down,neutral,False,True,0,0
2026-05-12 14:01:00+00:00,80420.9,80565.0,80420.8,80554.3,131.42746246453308,80838.53865731083,bullish_pressure,neutral,False,True,0,0
2026-05-12 14:02:00+00:00,80554.2,80578.0,80479.8,80487.1,131.42746246453308,80838.53865731083,bearish_pressure,neutral,False,True,0,0
2026-05-12 14:03:00+00:00,80487.2,80500.0,80456.2,80473.8,131.42746246453308,80838.53865731083,exhaustion_down,neutral,False,True,0,0
2026-05-12 14:04:00+00:00,80473.8,80522.9,80412.2,80522.8,131.42746246453308,80838.53865731083,inside_bullish_weak,neutral,False,True,0,0
2026-05-12 14:05:00+00:00,80522.9,80645.7,80522.8,80631.7,135.46835800278072,80833.56759478983,bullish_pressure,neutral,False,True,0,0
2026-05-12 14:06:00+00:00,80631.6,80655.9,80610.1,80639.3,135.46835800278072,80833.56759478983,indecision,neutral,False,True,0,0
2026-05-12 14:07:00+00:00,80639.3,80688.0,80621.4,80653.7,135.46835800278072,80833.56759478983,inside_bullish_weak,neutral,False,True,0,0
2026-05-12 14:08:00+00:00,80653.7,80653.8,80500.0,80527.7,135.46835800278072,80833.56759478983,bearish_pressure,neutral,False,True,0,0
2026-05-12 14:09:00+00:00,80527.7,80594.6,80527.7,80587.5,135.46835800278072,80833.56759478983,bullish_pressure,neutral,False,True,0,0
2026-05-12 14:10:00+00:00,80587.5,80600.0,80557.3,80557.4,135.12776100258188,80830.41378103162,bearish_pressure,neutral,False,True,0,0
2026-05-12 14:11:00+00:00,80557.3,80599.9,80557.3,80579.9,135.12776100258188,80830.41378103162,bullish_pressure,neutral,False,True,0,0
2026-05-12 14:12:00+00:00,80579.9,80635.0,80567.4,80592.6,135.12776100258188,80830.41378103162,indecision,neutral,False,True,0,0
2026-05-12 14:13:00+00:00,80592.7,80678.0,80592.7,80650.3,135.12776100258188,80830.41378103162,bullish_pressure,neutral,False,True,0,0
2026-05-12 14:14:00+00:00,80650.3,80688.0,80650.3,80674.3,135.12776100258188,80830.41378103162,bullish_pressure,neutral,False,True,0,0
2026-05-12 14:15:00+00:00,80674.2,80703.2,80651.0,80703.2,137.63292093096973,80829.11845863496,trend_continuation_up,neutral,False,True,0,0
2026-05-12 14:16:00+00:00,80703.1,80724.7,80644.9,80658.8,137.63292093096973,80829.11845863496,bearish_pressure,neutral,False,True,0,0
2026-05-12 14:17:00+00:00,80658.8,80662.9,80594.9,80620.0,137.63292093096973,80829.11845863496,bearish_pressure,neutral,False,True,0,0
2026-05-12 14:18:00+00:00,80620.1,80666.6,80620.0,80665.2,137.63292093096973,80829.11845863496,bullish_pressure,neutral,False,True,0,0
2026-05-12 14:19:00+00:00,80665.1,80765.1,80660.8,80765.0,137.63292093096973,80829.11845863496,breakout_up_weak,neutral,False,True,0,0
2026-05-12 14:20:00+00:00,80765.1,80775.0,80730.9,80734.5,133.67342657875741,80827.75175648376,bearish_pressure,neutral,False,True,0,0
2026-05-12 14:21:00+00:00,80734.6,80789.6,80727.8,80787.6,133.67342657875741,80827.75175648376,trend_continuation_up,neutral,False,True,0,0
2026-05-12 14:22:00+00:00,80787.7,80810.0,80759.3,80781.1,133.67342657875741,80827.75175648376,exhaustion_up,neutral,False,True,0,1
2026-05-12 14:30:00+00:00,80607.3,80644.0,80560.2,80573.5,153.62759740719412,80816.46387268869,inside_bearish_weak,neutral,False,True,0,0
2026-05-12 14:31:00+00:00,80573.6,80573.6,80428.1,80516.7,153.62759740719412,80816.46387268869,exhaustion_down,neutral,False,True,0,0
2026-05-12 14:32:00+00:00,80516.6,80532.3,80447.4,80459.4,153.62759740719412,80816.46387268869,trend_continuation_down,neutral,False,True,0,0
2026-05-12 14:33:00+00:00,80459.5,80476.0,80380.6,80424.6,153.62759740719412,80816.46387268869,exhaustion_down,neutral,False,True,0,0
2026-05-12 14:34:00+00:00,80424.5,80476.2,80368.7,80473.8,153.62759740719412,80816.46387268869,exhaustion_down,neutral,False,True,0,0
2026-05-12 14:35:00+00:00,80473.8,80521.6,80415.0,80463.3,168.7256261638231,80815.31805342753,exhaustion_down,neutral,False,True,0,0
2026-05-12 14:36:00+00:00,80463.3,80518.6,80456.0,80518.6,168.7256261638231,80815.31805342753,bullish_pressure,neutral,False,True,0,0
2026-05-12 14:37:00+00:00,80518.6,80620.0,80512.6,80610.4,168.7256261638231,80815.31805342753,bullish_pressure,neutral,False,True,0,0
2026-05-12 14:38:00+00:00,80610.4,80655.6,80600.0,80638.3,168.7256261638231,80815.31805342753,bullish_pressure,neutral,False,True,0,0
2026-05-12 14:39:00+00:00,80638.4,80780.0,80638.3,80758.6,168.7256261638231,80815.31805342753,breakout_up_weak,neutral,False,True,0,0
2026-05-12 14:40:00+00:00,80758.7,80779.7,80700.3,80779.7,168.0737957235494,80814.14343850817,trend_continuation_up,neutral,False,True,0,0
2026-05-12 14:41:00+00:00,80779.7,80810.0,80759.0,80793.5,168.0737957235494,80814.14343850817,trend_continuation_up,neutral,False,True,0,0
2026-05-12 14:42:00+00:00,80793.5,80830.0,80793.4,80800.1,168.0737957235494,80814.14343850817,exhaustion_up,neutral,False,True,0,1
2026-05-12 14:51:00+00:00,80503.0,80509.4,80430.0,80466.9,169.50342590448983,80804.09038729718,exhaustion_down,neutral,False,True,0,0
2026-05-12 14:52:00+00:00,80466.9,80566.0,80450.3,80560.1,169.50342590448983,80804.09038729718,bullish_pressure,neutral,False,True,0,0
2026-05-12 14:53:00+00:00,80560.0,80565.2,80536.4,80536.4,169.50342590448983,80804.09038729718,bearish_pressure,neutral,False,True,0,0
2026-05-12 14:54:00+00:00,80536.5,80539.5,80501.4,80539.5,169.50342590448983,80804.09038729718,indecision,neutral,False,True,0,0
2026-05-12 14:55:00+00:00,80539.4,80576.4,80474.5,80480.0,165.71032405416872,80798.2866172517,breakout_down_weak,neutral,False,True,0,0
2026-05-12 14:56:00+00:00,80480.0,80516.3,80460.4,80493.6,165.71032405416872,80798.2866172517,inside_bullish_weak,neutral,False,True,0,0
2026-05-12 14:57:00+00:00,80493.6,80516.0,80464.1,80515.0,165.71032405416872,80798.2866172517,inside_bar,neutral,False,True,0,0
2026-05-12 14:58:00+00:00,80515.2,80535.2,80486.0,80491.0,165.71032405416872,80798.2866172517,bearish_pressure,neutral,False,True,0,0
2026-05-12 14:59:00+00:00,80491.0,80515.9,80460.0,80511.0,165.71032405416872,80798.2866172517,inside_bullish_weak,neutral,False,True,0,0
2026-05-12 15:00:00+00:00,80511.0,80511.0,80416.8,80429.1,163.23101519315668,80791.64925849423,breakout_down_weak,neutral,False,True,0,0
2026-05-12 15:01:00+00:00,80429.0,80446.9,80380.0,80430.2,163.23101519315668,80791.64925849423,exhaustion_down,neutral,False,True,0,0
2026-05-12 15:02:00+00:00,80430.1,80430.1,80388.8,80411.1,163.23101519315668,80791.64925849423,exhaustion_down,neutral,False,True,0,0
2026-05-12 15:03:00+00:00,80411.0,80473.6,80407.1,80470.3,163.23101519315668,80791.64925849423,bullish_pressure,neutral,False,True,0,0
2026-05-12 15:04:00+00:00,80470.3,80501.8,80454.6,80463.1,163.23101519315668,80791.64925849423,indecision,neutral,False,True,0,0
2026-05-12 15:05:00+00:00,80463.1,80494.6,80433.4,80474.8,164.92165696507467,80788.13937218742,indecision,neutral,False,True,0,0
2026-05-12 15:06:00+00:00,80474.7,80538.6,80471.6,80503.3,164.92165696507467,80788.13937218742,inside_bullish_weak,neutral,False,True,0,0
2026-05-12 15:07:00+00:00,80503.3,80596.6,80499.9,80579.5,164.92165696507467,80788.13937218742,bullish_pressure,neutral,False,True,0,0
2026-05-12 15:08:00+00:00,80579.5,80596.6,80543.9,80572.3,164.92165696507467,80788.13937218742,inside_bar,neutral,False,True,0,0
2026-05-12 15:09:00+00:00,80572.3,80620.3,80572.2,80614.4,164.92165696507467,80788.13937218742,bullish_pressure,neutral,False,True,0,0
2026-05-12 15:10:00+00:00,80614.5,80635.9,80604.2,80635.8,158.34868146756997,80783.93265194609,bullish_pressure,neutral,False,True,0,0
2026-05-12 15:11:00+00:00,80635.9,80639.8,80580.1,80590.3,158.34868146756997,80783.93265194609,bearish_pressure,neutral,False,True,0,0
2026-05-12 15:12:00+00:00,80590.4,80596.9,80581.4,80596.8,158.34868146756997,80783.93265194609,inside_bar,neutral,False,True,0,0
2026-05-12 15:13:00+00:00,80596.8,80627.5,80594.7,80627.5,158.34868146756997,80783.93265194609,bullish_pressure,neutral,False,True,0,0
2026-05-12 15:14:00+00:00,80627.4,80627.5,80566.9,80575.7,158.34868146756997,80783.93265194609,bearish_pressure,neutral,False,True,0,0
2026-05-12 15:15:00+00:00,80575.7,80575.7,80490.3,80527.3,154.495204219886,80778.96962913527,bearish_pressure,neutral,False,True,0,0
2026-05-12 15:16:00+00:00,80527.3,80538.2,80491.3,80523.7,154.495204219886,80778.96962913527,inside_bar,neutral,False,True,0,0
2026-05-12 15:17:00+00:00,80523.7,80555.1,80505.1,80553.8,154.495204219886,80778.96962913527,bullish_pressure,neutral,False,True,0,0
2026-05-12 15:18:00+00:00,80553.8,80559.9,80471.3,80472.5,154.495204219886,80778.96962913527,bearish_pressure,neutral,False,True,0,0
2026-05-12 15:19:00+00:00,80472.6,80537.8,80472.5,80533.3,154.495204219886,80778.96962913527,bullish_pressure,neutral,False,True,0,0
2026-05-12 15:20:00+00:00,80533.2,80536.0,80465.2,80509.9,167.45983248989413,80767.62765628111,inside_bearish_weak,down,False,True,0,0
2026-05-12 15:21:00+00:00,80510.0,80529.4,80445.0,80449.3,167.45983248989413,80767.62765628111,bearish_pressure,down,False,True,0,0
2026-05-12 15:22:00+00:00,80449.3,80452.0,80377.0,80391.0,167.45983248989413,80767.62765628111,trend_continuation_down,down,False,True,0,0
2026-05-12 15:23:00+00:00,80391.0,80396.4,80288.1,80315.4,167.45983248989413,80767.62765628111,bearish_pressure,down,False,True,0,0
2026-05-12 15:24:00+00:00,80315.1,80316.8,80200.0,80206.2,167.45983248989413,80767.62765628111,bearish_pressure,down,False,True,0,0
2026-05-12 15:25:00+00:00,80206.1,80266.3,80160.0,80169.4,164.30555874061616,80756.11621754288,bearish_pressure,down,False,True,0,0
2026-05-12 15:26:00+00:00,80169.5,80235.5,80166.0,80211.0,164.30555874061616,80756.11621754288,bearish_pressure,down,False,True,0,0
2026-05-12 15:27:00+00:00,80211.1,80243.5,80187.7,80232.2,164.30555874061616,80756.11621754288,exhaustion_down,down,False,True,1,0
2026-05-12 15:28:00+00:00,80232.2,80265.6,80153.0,80154.1,164.30555874061616,80756.11621754288,breakout_down_strong,down,False,True,0,0
2026-05-12 15:29:00+00:00,80154.0,80227.5,80143.0,80186.3,164.30555874061616,80756.11621754288,trend_continuation_down,down,False,True,0,0
2026-05-12 15:30:00+00:00,80186.3,80274.3,80186.3,80230.9,171.35516168771503,80749.22876769054,trend_continuation_down,down,False,True,0,0
2026-05-12 15:31:00+00:00,80230.8,80317.5,80224.6,80317.4,171.35516168771503,80749.22876769054,bullish_pressure,down,False,True,0,0
2026-05-12 15:32:00+00:00,80317.5,80345.7,80317.4,80320.6,171.35516168771503,80749.22876769054,indecision,down,False,True,0,0
2026-05-12 15:33:00+00:00,80320.7,80393.3,80300.0,80388.2,171.35516168771503,80749.22876769054,bullish_pressure,down,False,True,0,0
2026-05-12 15:34:00+00:00,80388.2,80449.3,80378.8,80408.3,171.35516168771503,80749.22876769054,inside_bullish_weak,down,False,True,0,0
2026-05-12 15:35:00+00:00,80408.3,80415.2,80339.5,80351.9,164.96550728144925,80741.43017823133,bearish_pressure,down,False,True,0,0
2026-05-12 15:36:00+00:00,80351.8,80375.5,80333.3,80359.7,164.96550728144925,80741.43017823133,indecision,down,False,True,0,0
2026-05-12 15:37:00+00:00,80359.7,80376.8,80351.8,80351.9,164.96550728144925,80741.43017823133,inside_bearish_weak,down,False,True,0,0
2026-05-12 15:38:00+00:00,80351.8,80388.0,80348.5,80388.0,164.96550728144925,80741.43017823133,bullish_pressure,down,False,True,0,0
2026-05-12 15:39:00+00:00,80387.9,80390.5,80348.0,80355.4,164.96550728144925,80741.43017823133,bearish_pressure,down,False,True,0,0
2026-05-12 15:40:00+00:00,80355.4,80365.5,80320.0,80330.8,161.94654247563125,80733.34245192973,bearish_pressure,down,False,True,0,0
2026-05-12 15:41:00+00:00,80330.9,80336.6,80242.8,80273.1,161.94654247563125,80733.34245192973,bearish_pressure,down,False,True,0,0
2026-05-12 15:42:00+00:00,80273.1,80306.4,80250.6,80294.3,161.94654247563125,80733.34245192973,inside_bar,down,False,True,0,0
2026-05-12 15:43:00+00:00,80294.3,80347.4,80289.5,80347.4,161.94654247563125,80733.34245192973,bullish_pressure,down,False,True,0,0
2026-05-12 15:44:00+00:00,80347.4,80360.0,80319.3,80333.0,161.94654247563125,80733.34245192973,inside_bearish_weak,down,False,True,0,0
2026-05-12 15:45:00+00:00,80333.0,80383.3,80294.2,80301.2,160.18607515594348,80724.06834397072,inside_bearish_weak,down,False,True,0,0
2026-05-12 15:46:00+00:00,80301.1,80315.9,80254.0,80279.3,160.18607515594348,80724.06834397072,inside_bearish_weak,down,False,True,0,0
2026-05-12 15:47:00+00:00,80279.2,80284.7,80246.0,80266.8,160.18607515594348,80724.06834397072,inside_bearish_weak,down,False,True,0,0
2026-05-12 15:48:00+00:00,80266.8,80280.0,80251.0,80277.3,160.18607515594348,80724.06834397072,inside_bar,down,False,True,0,0
2026-05-12 15:49:00+00:00,80277.4,80279.0,80255.0,80265.0,160.18607515594348,80724.06834397072,bearish_pressure,down,False,True,0,0
2026-05-12 15:50:00+00:00,80265.0,80314.0,80264.9,80310.3,158.39421264480507,80717.07887181288,bullish_pressure,down,False,True,0,0
2026-05-12 15:51:00+00:00,80310.4,80387.9,80310.3,80385.6,158.39421264480507,80717.07887181288,bullish_pressure,down,False,True,0,0
2026-05-12 15:52:00+00:00,80385.6,80400.0,80358.4,80362.9,158.39421264480507,80717.07887181288,bearish_pressure,down,False,True,0,0
2026-05-12 15:53:00+00:00,80362.9,80387.8,80345.7,80347.5,158.39421264480507,80717.07887181288,inside_bearish_weak,down,False,True,0,0
2026-05-12 15:54:00+00:00,80347.4,80388.5,80347.4,80371.1,158.39421264480507,80717.07887181288,bullish_pressure,down,False,True,0,0
2026-05-12 15:55:00+00:00,80371.0,80400.7,80329.6,80400.6,155.59462602731878,80708.85156742054,inside_bullish_weak,down,False,True,0,0
2026-05-12 15:56:00+00:00,80400.7,80420.0,80391.9,80394.0,155.59462602731878,80708.85156742054,inside_bearish_weak,down,False,True,0,0
2026-05-12 15:57:00+00:00,80394.0,80412.5,80321.3,80331.8,155.59462602731878,80708.85156742054,bearish_pressure,down,False,True,0,0
2026-05-12 15:58:00+00:00,80331.8,80345.2,80321.2,80328.0,155.59462602731878,80708.85156742054,indecision,down,False,True,0,0
2026-05-12 15:59:00+00:00,80328.0,80339.2,80300.8,80301.6,155.59462602731878,80708.85156742054,bearish_pressure,down,False,True,0,0
2026-05-12 16:00:00+00:00,80301.6,80310.7,80132.3,80268.3,163.60215273965292,80700.75351658053,indecision,down,False,True,0,0
2026-05-12 16:01:00+00:00,80268.3,80314.8,80226.0,80306.5,163.60215273965292,80700.75351658053,inside_bullish_weak,down,False,True,0,0
2026-05-12 16:02:00+00:00,80306.6,80366.7,80306.5,80346.6,163.60215273965292,80700.75351658053,bullish_pressure,down,False,True,0,0
2026-05-12 16:03:00+00:00,80346.6,80400.0,80346.6,80358.8,163.60215273965292,80700.75351658053,inside_bullish_weak,down,False,True,0,0
2026-05-12 16:04:00+00:00,80358.8,80371.0,80299.9,80299.9,163.60215273965292,80700.75351658053,bearish_pressure,down,False,True,0,0
2026-05-12 16:05:00+00:00,80299.9,80310.0,80267.9,80275.0,157.27342754396344,80693.41186278686,bearish_pressure,down,False,True,0,0
2026-05-12 16:06:00+00:00,80275.1,80289.6,80256.5,80289.5,157.27342754396344,80693.41186278686,inside_bullish_weak,down,False,True,0,0
2026-05-12 16:07:00+00:00,80289.5,80319.5,80272.8,80290.7,157.27342754396344,80693.41186278686,indecision,down,False,True,0,0
2026-05-12 16:08:00+00:00,80290.7,80308.7,80255.0,80272.5,157.27342754396344,80693.41186278686,inside_bearish_weak,down,False,True,0,0
2026-05-12 16:09:00+00:00,80272.5,80330.0,80267.8,80330.0,157.27342754396344,80693.41186278686,bullish_pressure,down,False,True,0,0
2026-05-12 16:10:00+00:00,80329.9,80353.2,80289.7,80293.1,153.55389700510975,80686.60964768217,bearish_pressure,down,False,True,0,0
2026-05-12 16:11:00+00:00,80293.2,80323.3,80293.1,80315.4,153.55389700510975,80686.60964768217,bullish_pressure,down,False,True,0,0
2026-05-12 16:12:00+00:00,80315.5,80321.9,80287.4,80317.2,153.55389700510975,80686.60964768217,indecision,down,False,True,0,0
2026-05-12 16:13:00+00:00,80317.4,80392.6,80317.3,80386.3,153.55389700510975,80686.60964768217,bullish_pressure,down,False,True,0,0
2026-05-12 16:14:00+00:00,80386.3,80389.6,80349.9,80349.9,153.55389700510975,80686.60964768217,bearish_pressure,down,False,True,0,0
2026-05-12 16:15:00+00:00,80349.9,80350.0,80239.7,80253.6,156.42147579045988,80679.4530209954,bearish_pressure,down,False,True,0,0
2026-05-12 16:16:00+00:00,80253.7,80253.7,80165.9,80209.5,156.42147579045988,80679.4530209954,exhaustion_down,down,False,True,1,0
2026-05-12 16:17:00+00:00,80209.5,80291.4,80209.4,80271.3,156.42147579045988,80679.4530209954,bullish_pressure,down,False,True,0,0
2026-05-12 16:18:00+00:00,80271.2,80305.6,80271.2,80289.2,156.42147579045988,80679.4530209954,bullish_pressure,down,False,True,0,0
2026-05-12 16:19:00+00:00,80289.1,80359.6,80289.1,80325.2,156.42147579045988,80679.4530209954,bullish_pressure,down,False,True,0,0
2026-05-12 16:20:00+00:00,80325.2,80368.0,80314.3,80368.0,155.14851323399782,80671.41038691628,bullish_pressure,down,False,True,0,0
2026-05-12 16:21:00+00:00,80368.0,80381.4,80267.5,80267.6,155.14851323399782,80671.41038691628,bearish_pressure,down,False,True,0,0
2026-05-12 16:22:00+00:00,80267.6,80312.8,80263.7,80312.8,155.14851323399782,80671.41038691628,bullish_pressure,down,False,True,0,0
2026-05-12 16:23:00+00:00,80312.8,80312.8,80282.1,80282.5,155.14851323399782,80671.41038691628,bearish_pressure,down,False,True,0,0
2026-05-12 16:24:00+00:00,80282.5,80282.6,80242.8,80273.3,155.14851323399782,80671.41038691628,inside_bearish_weak,down,False,True,0,0
2026-05-12 16:25:00+00:00,80273.3,80274.9,80214.9,80218.4,149.78076228871228,80663.06562677931,bearish_pressure,down,False,True,0,0
2026-05-12 16:26:00+00:00,80218.4,80252.4,80211.1,80249.9,149.78076228871228,80663.06562677931,bullish_pressure,down,False,True,0,0
2026-05-12 16:27:00+00:00,80250.0,80250.0,80230.4,80239.8,149.78076228871228,80663.06562677931,bearish_pressure,down,False,True,0,0
2026-05-12 16:28:00+00:00,80239.8,80291.1,80239.8,80291.1,149.78076228871228,80663.06562677931,bullish_pressure,down,False,True,0,0
2026-05-12 16:29:00+00:00,80291.1,80291.1,80250.0,80250.0,149.78076228871228,80663.06562677931,bearish_pressure,down,False,True,0,0
2026-05-12 16:30:00+00:00,80250.1,80268.4,80250.0,80252.9,144.73213641094753,80654.68808961536,inside_bar,down,False,True,0,0
2026-05-12 16:31:00+00:00,80252.4,80287.3,80227.1,80287.1,144.73213641094753,80654.68808961536,bullish_pressure,down,False,True,0,0
2026-05-12 16:32:00+00:00,80287.0,80287.0,80243.9,80253.7,144.73213641094753,80654.68808961536,bearish_pressure,down,False,True,0,0
2026-05-12 16:33:00+00:00,80253.6,80253.6,80208.2,80212.9,144.73213641094753,80654.68808961536,bearish_pressure,down,False,True,0,0
2026-05-12 16:34:00+00:00,80212.8,80240.0,80212.8,80240.0,144.73213641094753,80654.68808961536,bullish_pressure,down,False,True,0,0
2026-05-12 16:35:00+00:00,80240.0,80268.9,80235.6,80252.9,139.53698381016557,80646.69030566259,inside_bullish_weak,down,False,True,0,0
2026-05-12 16:36:00+00:00,80253.0,80307.6,80253.0,80307.6,139.53698381016557,80646.69030566259,bullish_pressure,down,False,True,0,0
2026-05-12 16:37:00+00:00,80307.6,80307.6,80262.7,80274.8,139.53698381016557,80646.69030566259,bearish_pressure,down,False,True,0,0
2026-05-12 16:38:00+00:00,80274.7,80283.2,80240.0,80251.9,139.53698381016557,80646.69030566259,bearish_pressure,down,False,True,0,0
2026-05-12 16:39:00+00:00,80252.0,80263.2,80240.4,80250.8,139.53698381016557,80646.69030566259,inside_bar,down,False,True,0,0
2026-05-12 16:40:00+00:00,80250.8,80287.0,80250.8,80269.0,137.82719925229702,80638.22713129304,bullish_pressure,down,False,True,0,0
2026-05-12 16:41:00+00:00,80268.8,80268.8,80221.0,80227.7,137.82719925229702,80638.22713129304,bearish_pressure,down,False,True,0,0
2026-05-12 16:42:00+00:00,80227.7,80227.7,80171.4,80200.9,137.82719925229702,80638.22713129304,bearish_pressure,down,False,True,0,0
2026-05-12 16:43:00+00:00,80200.9,80228.0,80200.9,80212.0,137.82719925229702,80638.22713129304,inside_bullish_weak,down,False,True,0,0
2026-05-12 16:44:00+00:00,80212.0,80222.4,80210.4,80219.3,137.82719925229702,80638.22713129304,bullish_pressure,down,False,True,0,0
2026-05-12 16:45:00+00:00,80219.2,80243.6,80050.1,80084.8,157.18954216284786,80624.4859999803,breakout_down_weak,down,False,True,0,0
2026-05-12 16:46:00+00:00,80084.8,80084.8,79873.3,79908.5,157.18954216284786,80624.4859999803,bearish_pressure,down,False,True,0,0
2026-05-12 16:47:00+00:00,79908.5,79945.1,79834.7,79881.8,157.18954216284786,80624.4859999803,exhaustion_down,down,False,True,1,0
2026-05-12 16:48:00+00:00,79881.7,79941.6,79842.7,79900.3,157.18954216284786,80624.4859999803,exhaustion_down,down,False,True,1,0
2026-05-12 16:49:00+00:00,79900.2,79960.1,79895.0,79944.3,157.18954216284786,80624.4859999803,breakout_down_strong,down,False,True,0,0
2026-05-12 16:50:00+00:00,79944.3,79950.6,79824.9,79831.3,156.64743200835915,80610.96746532722,breakout_down_strong,down,False,True,0,0
2026-05-12 16:51:00+00:00,79831.3,79900.0,79801.0,79892.6,156.64743200835915,80610.96746532722,bearish_pressure,down,False,True,0,0
2026-05-12 16:52:00+00:00,79892.6,79913.1,79858.3,79862.5,156.64743200835915,80610.96746532722,bearish_pressure,down,False,True,0,0
2026-05-12 16:53:00+00:00,79862.5,79914.6,79862.5,79902.1,156.64743200835915,80610.96746532722,trend_continuation_down,down,False,True,0,0
2026-05-12 16:54:00+00:00,79902.0,79941.9,79862.6,79941.8,156.64743200835915,80610.96746532722,bullish_pressure,down,False,True,0,0
2026-05-12 16:55:00+00:00,79941.9,79959.9,79874.4,79953.9,157.8726154363337,80598.21761452866,indecision,down,False,True,0,0
2026-05-12 16:56:00+00:00,79953.9,80012.4,79951.4,79999.8,157.8726154363337,80598.21761452866,bullish_pressure,down,False,True,0,0
2026-05-12 16:57:00+00:00,79999.9,80048.2,79987.5,80006.0,157.8726154363337,80598.21761452866,indecision,down,False,True,0,0
2026-05-12 16:58:00+00:00,80006.0,80015.8,79950.0,79951.8,157.8726154363337,80598.21761452866,bearish_pressure,down,False,True,0,0
2026-05-12 16:59:00+00:00,79951.8,79973.9,79951.7,79967.1,157.8726154363337,80598.21761452866,bullish_pressure,down,False,True,0,0
2026-05-12 17:00:00+00:00,79967.1,80008.2,79907.6,79992.9,160.33885719088087,80587.9558795875,inside_bullish_weak,down,False,True,0,0
2026-05-12 17:01:00+00:00,79992.9,80027.6,79992.8,80000.0,160.33885719088087,80587.9558795875,inside_bullish_weak,down,False,True,0,0
2026-05-12 17:02:00+00:00,80000.0,80048.2,80000.0,80044.7,160.33885719088087,80587.9558795875,bullish_pressure,down,False,True,0,0
2026-05-12 17:03:00+00:00,80044.7,80080.0,80004.2,80080.0,160.33885719088087,80587.9558795875,bullish_pressure,down,False,True,0,0
2026-05-12 17:04:00+00:00,80079.9,80100.0,80057.9,80080.0,160.33885719088087,80587.9558795875,indecision,down,False,True,0,0
2026-05-12 17:05:00+00:00,80080.0,80094.4,80065.5,80094.4,155.76465310581816,80576.99833741745,bullish_pressure,down,False,True,0,0
2026-05-12 17:06:00+00:00,80094.3,80111.6,80084.9,80089.3,155.76465310581816,80576.99833741745,indecision,down,False,True,0,0
2026-05-12 17:07:00+00:00,80089.2,80107.9,80077.0,80100.1,155.76465310581816,80576.99833741745,inside_bullish_weak,down,False,True,0,0
2026-05-12 17:08:00+00:00,80100.1,80100.1,80031.6,80049.1,155.76465310581816,80576.99833741745,bearish_pressure,down,False,True,0,0
2026-05-12 17:09:00+00:00,80049.1,80054.4,80015.3,80034.6,155.76465310581816,80576.99833741745,inside_bearish_weak,down,False,True,0,0
2026-05-12 17:10:00+00:00,80034.6,80103.8,80024.1,80100.0,155.77432074111644,80569.11520202304,bullish_pressure,down,False,True,0,0
2026-05-12 17:11:00+00:00,80100.1,80111.0,80095.8,80098.4,155.77432074111644,80569.11520202304,indecision,down,False,True,0,0
2026-05-12 17:12:00+00:00,80098.4,80141.8,80090.0,80141.8,155.77432074111644,80569.11520202304,bullish_pressure,down,False,True,0,0
2026-05-12 17:13:00+00:00,80141.9,80169.0,80136.9,80168.9,155.77432074111644,80569.11520202304,trend_continuation_up,down,False,True,0,0
2026-05-12 17:14:00+00:00,80169.0,80180.0,80168.9,80178.9,155.77432074111644,80569.11520202304,trend_continuation_up,down,False,True,0,0
2026-05-12 17:15:00+00:00,80178.8,80248.0,80178.8,80248.0,157.94044068817894,80563.96242574535,breakout_up_weak,down,False,True,0,0
2026-05-12 17:16:00+00:00,80248.0,80364.9,80231.4,80292.0,157.94044068817894,80563.96242574535,exhaustion_up,down,False,True,0,1
2026-05-12 17:17:00+00:00,80292.3,80317.9,80251.9,80254.8,157.94044068817894,80563.96242574535,exhaustion_up,down,False,True,0,1
2026-05-12 17:18:00+00:00,80254.8,80272.3,80216.6,80251.6,157.94044068817894,80563.96242574535,trend_continuation_up,down,False,True,0,0
2026-05-12 17:19:00+00:00,80251.5,80334.7,80226.0,80308.9,157.94044068817894,80563.96242574535,breakout_up_weak,down,False,True,0,0
2026-05-12 17:20:00+00:00,80308.9,80443.7,80305.4,80340.5,156.53755206759496,80560.31762523555,exhaustion_up,down,False,True,0,1
2026-05-12 17:21:00+00:00,80340.4,80358.5,80331.9,80334.1,156.53755206759496,80560.31762523555,exhaustion_up,down,False,True,0,1
2026-05-12 17:22:00+00:00,80334.2,80357.8,80329.7,80344.6,156.53755206759496,80560.31762523555,exhaustion_up,down,False,True,0,1
2026-05-12 17:23:00+00:00,80344.6,80384.0,80344.6,80373.9,156.53755206759496,80560.31762523555,breakout_up_weak,down,False,True,0,0
2026-05-12 17:24:00+00:00,80374.0,80408.0,80373.9,80379.9,156.53755206759496,80560.31762523555,exhaustion_up,down,False,True,0,1
2026-05-12 17:25:00+00:00,80379.9,80388.1,80355.7,80355.8,150.92772691990962,80557.00044453781,breakout_up_weak,down,False,True,0,0
2026-05-12 17:26:00+00:00,80355.8,80372.0,80338.9,80369.5,150.92772691990962,80557.00044453781,trend_continuation_up,down,False,True,0,0
2026-05-12 17:27:00+00:00,80369.5,80390.0,80357.6,80390.0,150.92772691990962,80557.00044453781,trend_continuation_up,down,False,True,0,0
2026-05-12 17:28:00+00:00,80389.9,80411.0,80383.8,80388.6,150.92772691990962,80557.00044453781,exhaustion_up,down,False,True,0,1
2026-05-12 17:29:00+00:00,80388.7,80416.9,80388.6,80392.8,150.92772691990962,80557.00044453781,exhaustion_up,down,False,True,0,1
2026-05-12 17:30:00+00:00,80392.8,80435.4,80392.8,80435.4,146.10431785420138,80555.13508920043,breakout_up_weak,down,False,True,0,0
2026-05-12 17:31:00+00:00,80435.6,80440.5,80381.1,80390.1,146.10431785420138,80555.13508920043,bearish_pressure,down,False,True,0,0
2026-05-12 17:32:00+00:00,80390.1,80464.5,80390.1,80435.3,146.10431785420138,80555.13508920043,exhaustion_up,down,False,True,0,1
2026-05-12 17:33:00+00:00,80435.3,80439.0,80416.7,80416.8,146.10431785420138,80555.13508920043,bearish_pressure,down,False,True,0,0
2026-05-12 17:34:00+00:00,80416.7,80462.9,80416.7,80462.8,146.10431785420138,80555.13508920043,breakout_up_weak,down,False,True,0,0
2026-05-12 17:35:00+00:00,80462.9,80470.8,80400.0,80400.1,140.72543800747292,80552.81162208754,bearish_pressure,down,False,True,0,0
2026-05-12 17:36:00+00:00,80400.1,80441.0,80400.1,80441.0,140.72543800747292,80552.81162208754,bullish_pressure,down,False,True,0,0
2026-05-12 17:37:00+00:00,80440.9,80450.0,80427.3,80427.5,140.72543800747292,80552.81162208754,bearish_pressure,down,False,True,0,0
2026-05-12 17:38:00+00:00,80427.4,80435.0,80400.0,80413.9,140.72543800747292,80552.81162208754,inside_bearish_weak,down,False,True,0,0
2026-05-12 17:39:00+00:00,80414.0,80459.5,80413.9,80437.8,140.72543800747292,80552.81162208754,bullish_pressure,down,False,True,0,0
2026-05-12 17:40:00+00:00,80437.9,80450.6,80422.1,80426.9,136.48790672122547,80551.37574838284,inside_bar,down,False,True,0,0
2026-05-12 17:41:00+00:00,80426.9,80438.9,80426.9,80433.2,136.48790672122547,80551.37574838284,bullish_pressure,down,False,True,0,0
2026-05-12 17:42:00+00:00,80433.3,80457.0,80406.2,80407.2,136.48790672122547,80551.37574838284,bearish_pressure,down,False,True,0,0
2026-05-12 17:43:00+00:00,80407.3,80437.1,80407.3,80437.1,136.48790672122547,80551.37574838284,bullish_pressure,down,False,True,0,0
2026-05-12 17:44:00+00:00,80437.2,80487.6,80437.2,80480.3,136.48790672122547,80551.37574838284,bullish_pressure,down,False,True,0,0
2026-05-12 17:45:00+00:00,80480.2,80499.0,80467.8,80467.8,131.81734195542407,80549.42177316734,inside_bearish_weak,down,False,True,0,0
2026-05-12 17:46:00+00:00,80467.9,80467.9,80427.9,80462.7,131.81734195542407,80549.42177316734,indecision,down,False,True,0,0
2026-05-12 17:47:00+00:00,80462.7,80491.0,80462.7,80491.0,131.81734195542407,80549.42177316734,bullish_pressure,down,False,True,0,0
2026-05-12 17:48:00+00:00,80490.9,80496.0,80447.0,80451.4,131.81734195542407,80549.42177316734,bearish_pressure,down,False,True,0,0
2026-05-12 17:49:00+00:00,80451.5,80463.8,80451.4,80452.7,131.81734195542407,80549.42177316734,inside_bar,down,False,True,0,0
2026-05-12 17:50:00+00:00,80452.8,80473.6,80441.1,80460.3,132.91610324432216,80549.1302529066,inside_bullish_weak,down,False,True,0,0
2026-05-12 17:51:00+00:00,80460.3,80483.9,80452.7,80483.8,132.91610324432216,80549.1302529066,bullish_pressure,down,False,True,0,0
2026-05-12 17:52:00+00:00,80483.9,80519.8,80466.2,80511.6,132.91610324432216,80549.1302529066,bullish_pressure,down,False,True,0,0
2026-05-12 17:53:00+00:00,80511.6,80522.1,80506.1,80510.4,132.91610324432216,80549.1302529066,indecision,down,False,True,0,0
2026-05-12 17:54:00+00:00,80510.3,80588.3,80510.3,80534.7,132.91610324432216,80549.1302529066,inside_bullish_weak,down,False,True,0,0
2026-05-12 17:55:00+00:00,80534.7,80554.6,80497.5,80498.3,129.6435244411567,80548.01678255202,bearish_pressure,neutral,False,True,0,0
2026-05-12 17:56:00+00:00,80498.4,80519.0,80488.7,80499.3,129.6435244411567,80548.01678255202,indecision,neutral,False,True,0,0
2026-05-12 17:57:00+00:00,80499.3,80512.0,80486.8,80494.9,129.6435244411567,80548.01678255202,indecision,neutral,False,True,0,0
2026-05-12 17:58:00+00:00,80494.9,80495.0,80469.6,80469.6,129.6435244411567,80548.01678255202,bearish_pressure,neutral,False,True,0,0
2026-05-12 17:59:00+00:00,80469.6,80495.5,80467.5,80492.9,129.6435244411567,80548.01678255202,bullish_pressure,neutral,False,True,0,0
2026-05-12 18:00:00+00:00,80493.0,80520.0,80478.1,80479.1,129.96184412393163,80546.60852943217,inside_bearish_weak,neutral,False,True,0,0
2026-05-12 18:01:00+00:00,80479.1,80500.0,80478.1,80497.2,129.96184412393163,80546.60852943217,bullish_pressure,neutral,False,True,0,0
2026-05-12 18:02:00+00:00,80497.1,80500.0,80385.9,80446.9,129.96184412393163,80546.60852943217,inside_bearish_weak,neutral,False,True,0,0
2026-05-12 18:03:00+00:00,80446.9,80489.5,80446.9,80473.9,129.96184412393163,80546.60852943217,bullish_pressure,neutral,False,True,0,0
2026-05-12 18:04:00+00:00,80474.0,80477.0,80461.1,80476.9,129.96184412393163,80546.60852943217,inside_bar,neutral,False,True,0,0
2026-05-12 18:05:00+00:00,80476.9,80500.0,80476.9,80489.1,125.40028382936445,80545.63014271072,bullish_pressure,neutral,False,True,0,0
2026-05-12 18:06:00+00:00,80489.1,80509.2,80489.1,80495.2,125.40028382936445,80545.63014271072,inside_bullish_weak,neutral,False,True,0,0
2026-05-12 18:07:00+00:00,80495.1,80495.2,80443.1,80471.2,125.40028382936445,80545.63014271072,bearish_pressure,neutral,False,True,0,0
2026-05-12 18:08:00+00:00,80471.3,80490.4,80471.2,80490.1,125.40028382936445,80545.63014271072,bullish_pressure,neutral,False,True,0,0
2026-05-12 18:09:00+00:00,80490.1,80508.0,80490.0,80497.2,125.40028382936445,80545.63014271072,inside_bullish_weak,neutral,False,True,0,0
2026-05-12 18:10:00+00:00,80497.1,80510.0,80497.1,80510.0,120.67883498441006,80544.9226151323,bullish_pressure,neutral,False,True,0,0
2026-05-12 18:11:00+00:00,80509.9,80514.1,80454.8,80459.1,120.67883498441006,80544.9226151323,bearish_pressure,neutral,False,True,0,0
2026-05-12 18:12:00+00:00,80459.0,80472.9,80459.0,80472.8,120.67883498441006,80544.9226151323,bullish_pressure,neutral,False,True,0,0
2026-05-12 18:13:00+00:00,80472.8,80475.1,80467.5,80472.9,120.67883498441006,80544.9226151323,indecision,neutral,False,True,0,0
2026-05-12 18:14:00+00:00,80472.8,80510.0,80471.7,80509.9,120.67883498441006,80544.9226151323,bullish_pressure,neutral,False,True,0,0
2026-05-13 12:30:00+00:00,80315.9,80324.1,80165.7,80180.0,122.33869969774244,80841.35804217457,breakout_down_weak,down,False,True,0,0
2026-05-13 12:31:00+00:00,80180.1,80180.1,80030.0,80140.4,122.33869969774244,80841.35804217457,exhaustion_down,down,False,True,1,0
2026-05-13 12:38:00+00:00,79879.6,79914.1,79816.3,79868.1,135.53593543361737,80822.74699183447,exhaustion_down,down,False,True,1,0
2026-05-13 12:45:00+00:00,80130.3,80208.8,80103.7,80186.4,154.23659738919073,80796.95324644345,bullish_pressure,down,False,True,0,0
2026-05-13 12:46:00+00:00,80186.5,80206.7,80141.8,80153.0,154.23659738919073,80796.95324644345,bearish_pressure,down,False,True,0,0
2026-05-13 12:47:00+00:00,80153.1,80206.6,80153.0,80199.5,154.23659738919073,80796.95324644345,bullish_pressure,down,False,True,0,0
2026-05-13 12:48:00+00:00,80199.6,80236.1,80175.9,80206.0,154.23659738919073,80796.95324644345,indecision,down,False,True,0,0
2026-05-13 12:49:00+00:00,80206.0,80248.6,80190.8,80198.8,154.23659738919073,80796.95324644345,indecision,down,False,True,0,0
2026-05-13 12:50:00+00:00,80198.8,80232.7,80198.7,80209.1,152.22684043281933,80783.57595443467,inside_bar,down,False,True,0,0
2026-05-13 12:51:00+00:00,80209.2,80209.2,80190.9,80193.9,152.22684043281933,80783.57595443467,bearish_pressure,down,False,True,0,0
2026-05-13 12:52:00+00:00,80193.9,80247.4,80193.9,80234.1,152.22684043281933,80783.57595443467,bullish_pressure,down,False,True,0,0
2026-05-13 12:53:00+00:00,80234.1,80234.1,80144.3,80150.1,152.22684043281933,80783.57595443467,bearish_pressure,down,False,True,0,0
2026-05-13 12:54:00+00:00,80150.0,80150.1,80121.3,80121.4,152.22684043281933,80783.57595443467,bearish_pressure,down,False,True,0,0
2026-05-13 12:55:00+00:00,80121.4,80149.8,80115.6,80143.7,147.77492325904717,80771.229895931,bullish_pressure,down,False,True,0,0
2026-05-13 12:56:00+00:00,80143.7,80160.5,80110.3,80110.3,147.77492325904717,80771.229895931,bearish_pressure,down,False,True,0,0
2026-05-13 12:57:00+00:00,80110.3,80160.0,80090.4,80160.0,147.77492325904717,80771.229895931,bullish_pressure,down,False,True,0,0
2026-05-13 12:58:00+00:00,80160.0,80172.9,80150.2,80172.8,147.77492325904717,80771.229895931,bullish_pressure,down,False,True,0,0
2026-05-13 12:59:00+00:00,80172.8,80180.3,80160.0,80160.1,147.77492325904717,80771.229895931,bearish_pressure,down,False,True,0,0
2026-05-13 13:00:00+00:00,80160.0,80191.8,80153.0,80191.8,144.14814302625808,80760.68474947692,bullish_pressure,down,False,True,0,0
2026-05-13 13:01:00+00:00,80191.8,80250.0,80191.7,80239.7,144.14814302625808,80760.68474947692,bullish_pressure,down,False,True,0,0
2026-05-13 13:02:00+00:00,80239.6,80245.0,80216.8,80244.9,144.14814302625808,80760.68474947692,inside_bar,down,False,True,0,0
2026-05-13 13:03:00+00:00,80245.0,80245.0,80226.6,80226.6,144.14814302625808,80760.68474947692,bearish_pressure,down,False,True,0,0
2026-05-13 13:04:00+00:00,80226.6,80238.7,80205.2,80238.7,144.14814302625808,80760.68474947692,inside_bullish_weak,down,False,True,0,0
2026-05-13 13:05:00+00:00,80239.1,80244.1,80214.0,80220.2,140.90898995295416,80751.12069503182,bearish_pressure,down,False,True,0,0
2026-05-13 13:06:00+00:00,80220.2,80243.0,80210.9,80239.3,140.90898995295416,80751.12069503182,bullish_pressure,down,False,True,0,0
2026-05-13 13:07:00+00:00,80239.3,80264.7,80235.0,80264.6,140.90898995295416,80751.12069503182,bullish_pressure,down,False,True,0,0
2026-05-13 13:08:00+00:00,80264.7,80281.9,80255.2,80259.1,140.90898995295416,80751.12069503182,inside_bearish_weak,down,False,True,0,0
2026-05-13 13:09:00+00:00,80259.1,80309.7,80259.1,80277.7,140.90898995295416,80751.12069503182,inside_bullish_weak,down,False,True,0,0
2026-05-13 13:10:00+00:00,80277.7,80284.3,80262.4,80274.3,135.37263352774377,80741.44305750643,inside_bar,down,False,True,0,0
2026-05-13 13:11:00+00:00,80274.4,80316.6,80274.3,80302.5,135.37263352774377,80741.44305750643,bullish_pressure,down,False,True,0,0
2026-05-13 13:12:00+00:00,80302.6,80302.6,80288.1,80297.2,135.37263352774377,80741.44305750643,inside_bar,down,False,True,0,0
2026-05-13 13:13:00+00:00,80297.1,80297.2,80253.2,80263.9,135.37263352774377,80741.44305750643,bearish_pressure,down,False,True,0,0
2026-05-13 13:14:00+00:00,80264.0,80267.1,80262.3,80262.4,135.37263352774377,80741.44305750643,inside_bar,down,False,True,0,0
2026-05-13 13:15:00+00:00,80262.4,80262.4,80240.0,80245.3,129.98887399004778,80731.9293335954,bearish_pressure,down,False,True,0,0
2026-05-13 13:16:00+00:00,80245.4,80270.0,80245.3,80250.1,129.98887399004778,80731.9293335954,indecision,down,False,True,0,0
2026-05-13 13:17:00+00:00,80250.1,80286.7,80250.0,80284.2,129.98887399004778,80731.9293335954,bullish_pressure,down,False,True,0,0
2026-05-13 13:18:00+00:00,80284.1,80300.0,80284.1,80300.0,129.98887399004778,80731.9293335954,bullish_pressure,down,False,True,0,0
2026-05-13 13:19:00+00:00,80300.0,80300.0,80260.0,80261.0,129.98887399004778,80731.9293335954,bearish_pressure,down,False,True,0,0
2026-05-13 13:20:00+00:00,80260.9,80261.0,80235.0,80235.0,126.26824013361538,80721.06340619747,bearish_pressure,down,False,True,0,0
2026-05-13 13:21:00+00:00,80235.0,80248.5,80190.0,80248.4,126.26824013361538,80721.06340619747,inside_bullish_weak,down,False,True,0,0
2026-05-13 13:22:00+00:00,80248.4,80261.0,80226.7,80226.7,126.26824013361538,80721.06340619747,bearish_pressure,down,False,True,0,0
2026-05-13 13:23:00+00:00,80226.7,80233.7,80210.4,80210.4,126.26824013361538,80721.06340619747,bearish_pressure,down,False,True,0,0
2026-05-13 13:24:00+00:00,80210.4,80210.5,80183.1,80183.2,126.26824013361538,80721.06340619747,bearish_pressure,down,False,True,0,0
2026-05-13 13:25:00+00:00,80183.2,80193.6,80169.7,80183.5,123.92765155264284,80708.87007142129,indecision,down,False,True,0,0
2026-05-13 13:26:00+00:00,80183.4,80183.4,80178.2,80183.1,123.92765155264284,80708.87007142129,inside_bar,down,False,True,0,0
2026-05-13 13:27:00+00:00,80183.2,80183.2,80135.5,80141.3,123.92765155264284,80708.87007142129,bearish_pressure,down,False,True,0,0
2026-05-13 13:28:00+00:00,80141.2,80141.2,80111.0,80126.4,123.92765155264284,80708.87007142129,bearish_pressure,down,False,True,0,0
2026-05-13 13:29:00+00:00,80126.4,80126.5,80100.1,80105.3,123.92765155264284,80708.87007142129,bearish_pressure,down,False,True,0,0
2026-05-13 13:30:00+00:00,80105.3,80178.9,80034.9,80127.4,125.37567644173957,80696.8191789179,indecision,down,False,True,0,0
2026-05-13 13:31:00+00:00,80127.4,80131.9,80036.8,80045.5,125.37567644173957,80696.8191789179,breakout_down_weak,down,False,True,0,0
2026-05-13 13:32:00+00:00,80045.5,80146.0,80034.7,80118.1,125.37567644173957,80696.8191789179,bullish_pressure,down,False,True,0,0
2026-05-13 13:33:00+00:00,80118.1,80176.3,80097.5,80135.0,125.37567644173957,80696.8191789179,inside_bullish_weak,down,False,True,0,0
2026-05-13 13:34:00+00:00,80134.9,80150.0,80084.5,80100.3,125.37567644173957,80696.8191789179,bearish_pressure,down,False,True,0,0
2026-05-13 13:35:00+00:00,80100.7,80101.8,79980.0,79986.0,134.6916995530441,80680.36533379082,breakout_down_weak,down,False,True,0,0
2026-05-13 13:36:00+00:00,79986.0,80007.7,79931.4,80002.0,134.6916995530441,80680.36533379082,exhaustion_down,down,False,True,1,0
2026-05-13 13:46:00+00:00,79674.4,79687.0,79570.6,79626.5,148.0617205329825,80642.43394142571,exhaustion_down,down,False,True,1,0
2026-05-13 13:47:00+00:00,79626.5,79641.6,79568.2,79582.4,148.0617205329825,80642.43394142571,bearish_pressure,down,False,True,0,0
2026-05-13 13:48:00+00:00,79582.3,79669.9,79541.0,79602.6,148.0617205329825,80642.43394142571,bearish_pressure,down,False,True,0,0
2026-05-13 13:49:00+00:00,79602.6,79666.0,79540.0,79616.0,148.0617205329825,80642.43394142571,exhaustion_down,down,False,True,1,0
2026-05-13 13:50:00+00:00,79616.1,79629.7,79554.7,79578.3,148.78588335205495,80624.0273287242,breakout_down_strong,down,False,True,0,0
2026-05-13 13:51:00+00:00,79578.3,79681.8,79578.3,79654.4,148.78588335205495,80624.0273287242,breakout_down_weak,down,False,True,0,0
2026-05-13 13:52:00+00:00,79654.4,79688.8,79584.1,79688.7,148.78588335205495,80624.0273287242,exhaustion_down,down,False,True,1,0
2026-05-13 13:53:00+00:00,79688.8,79689.4,79644.7,79685.2,148.78588335205495,80624.0273287242,indecision,down,False,True,0,0
2026-05-13 13:54:00+00:00,79685.2,79712.9,79649.0,79712.9,148.78588335205495,80624.0273287242,inside_bullish_weak,down,False,True,0,0
2026-05-13 13:55:00+00:00,79712.9,79740.0,79673.0,79673.0,150.6440345411941,80604.10401528412,bearish_pressure,down,False,True,0,0
2026-05-13 13:56:00+00:00,79673.0,79673.1,79565.2,79586.2,150.6440345411941,80604.10401528412,breakout_down_weak,down,False,True,0,0
2026-05-13 13:57:00+00:00,79586.3,79635.7,79580.2,79591.2,150.6440345411941,80604.10401528412,trend_continuation_down,down,False,True,0,0
2026-05-13 13:58:00+00:00,79591.2,79625.4,79567.5,79616.1,150.6440345411941,80604.10401528412,exhaustion_down,down,False,True,1,0
2026-05-13 13:59:00+00:00,79616.0,79664.0,79603.2,79617.9,150.6440345411941,80604.10401528412,indecision,down,False,True,0,0
2026-05-13 14:00:00+00:00,79617.8,79617.9,79500.1,79507.1,156.39803207396577,80584.51779715969,breakout_down_strong,down,False,True,0,0
2026-05-13 14:01:00+00:00,79507.2,79560.3,79431.7,79560.3,156.39803207396577,80584.51779715969,exhaustion_down,down,False,True,1,0
2026-05-13 14:02:00+00:00,79560.2,79626.0,79555.4,79577.8,156.39803207396577,80584.51779715969,inside_bullish_weak,down,False,True,0,0
2026-05-13 14:03:00+00:00,79577.8,79660.0,79567.2,79614.4,156.39803207396577,80584.51779715969,inside_bullish_weak,down,False,True,0,0
2026-05-13 14:04:00+00:00,79614.3,79662.9,79575.3,79615.0,156.39803207396577,80584.51779715969,indecision,down,False,True,0,0
2026-05-13 14:05:00+00:00,79615.0,79696.1,79576.5,79680.9,155.6910297829682,80566.08774177037,bullish_pressure,down,False,True,0,0
2026-05-13 14:06:00+00:00,79680.9,79723.0,79654.4,79700.0,155.6910297829682,80566.08774177037,inside_bullish_weak,down,False,True,0,0
2026-05-13 14:07:00+00:00,79700.0,79705.1,79650.0,79679.1,155.6910297829682,80566.08774177037,inside_bearish_weak,down,False,True,0,0
2026-05-13 14:08:00+00:00,79679.0,79679.1,79594.8,79641.5,155.6910297829682,80566.08774177037,inside_bearish_weak,down,False,True,0,0
2026-05-13 14:09:00+00:00,79641.6,79677.8,79627.0,79653.8,155.6910297829682,80566.08774177037,inside_bar,down,False,True,0,0
2026-05-13 14:10:00+00:00,79653.7,79746.6,79643.1,79697.0,151.96309908418476,80548.60085579472,inside_bullish_weak,down,False,True,0,0
2026-05-13 14:11:00+00:00,79697.0,79725.2,79661.0,79674.9,151.96309908418476,80548.60085579472,inside_bar,down,False,True,0,0
2026-05-13 14:12:00+00:00,79674.9,79697.8,79652.7,79697.7,151.96309908418476,80548.60085579472,bullish_pressure,down,False,True,0,0
2026-05-13 14:13:00+00:00,79697.8,79739.2,79675.0,79675.0,151.96309908418476,80548.60085579472,inside_bearish_weak,down,False,True,0,0
2026-05-13 14:14:00+00:00,79675.0,79688.6,79669.7,79683.0,151.96309908418476,80548.60085579472,inside_bullish_weak,down,False,True,0,0
2026-05-13 14:15:00+00:00,79683.0,79717.4,79639.2,79710.6,149.32287772102868,80531.42460122453,inside_bullish_weak,down,False,True,0,0
2026-05-13 14:16:00+00:00,79710.6,79726.3,79655.1,79679.8,149.32287772102868,80531.42460122453,inside_bearish_weak,down,False,True,0,0
2026-05-13 14:17:00+00:00,79679.8,79748.0,79676.1,79683.7,149.32287772102868,80531.42460122453,indecision,down,False,True,0,0
2026-05-13 14:18:00+00:00,79683.6,79683.7,79638.6,79639.1,149.32287772102868,80531.42460122453,bearish_pressure,down,False,True,0,0
2026-05-13 14:19:00+00:00,79639.0,79681.2,79633.0,79681.2,149.32287772102868,80531.42460122453,bullish_pressure,down,False,True,0,0
2026-05-13 14:20:00+00:00,79681.1,79684.0,79650.0,79676.3,148.50695788381194,80515.87559922009,indecision,down,False,True,0,0
2026-05-13 14:21:00+00:00,79676.3,79748.6,79676.2,79711.3,148.50695788381194,80515.87559922009,bullish_pressure,down,False,True,0,0
2026-05-13 14:22:00+00:00,79711.3,79731.5,79697.6,79725.9,148.50695788381194,80515.87559922009,inside_bar,down,False,True,0,0
2026-05-13 14:23:00+00:00,79725.9,79764.7,79725.9,79759.9,148.50695788381194,80515.87559922009,bullish_pressure,down,False,True,0,0
2026-05-13 14:24:00+00:00,79759.8,79787.9,79717.2,79746.2,148.50695788381194,80515.87559922009,indecision,down,False,True,0,0
2026-05-13 14:25:00+00:00,79746.2,79784.7,79738.8,79767.1,147.12788946353945,80502.08202299791,bullish_pressure,down,False,True,0,0
2026-05-13 14:26:00+00:00,79767.1,79814.3,79755.6,79814.2,147.12788946353945,80502.08202299791,breakout_up_weak,down,False,True,0,0
2026-05-13 14:27:00+00:00,79814.2,79868.0,79814.2,79814.3,147.12788946353945,80502.08202299791,indecision,down,False,True,0,0
2026-05-13 14:28:00+00:00,79814.2,79850.0,79800.0,79827.1,147.12788946353945,80502.08202299791,inside_bullish_weak,down,False,True,0,0
2026-05-13 14:29:00+00:00,79827.1,79831.4,79800.0,79819.3,147.12788946353945,80502.08202299791,inside_bar,down,False,True,0,0
2026-05-13 14:30:00+00:00,79819.3,79829.0,79800.0,79812.5,143.94018307328662,80487.13188392864,inside_bar,down,False,True,0,0
2026-05-13 14:31:00+00:00,79812.4,79812.4,79773.9,79777.4,143.94018307328662,80487.13188392864,bearish_pressure,down,False,True,0,0
2026-05-13 14:32:00+00:00,79777.4,79780.0,79726.5,79743.0,143.94018307328662,80487.13188392864,bearish_pressure,down,False,True,0,0
2026-05-13 14:33:00+00:00,79742.9,79791.7,79742.0,79786.6,143.94018307328662,80487.13188392864,bullish_pressure,down,False,True,0,0
2026-05-13 14:34:00+00:00,79786.6,79815.6,79734.5,79747.1,143.94018307328662,80487.13188392864,bearish_pressure,down,False,True,0,0
2026-05-13 14:35:00+00:00,79747.1,79752.4,79723.8,79733.3,138.97302713948105,80472.7807575142,bearish_pressure,down,False,True,0,0
2026-05-13 14:36:00+00:00,79733.3,79774.2,79713.7,79774.1,138.97302713948105,80472.7807575142,bullish_pressure,down,False,True,0,0
2026-05-13 14:37:00+00:00,79774.1,79788.1,79735.2,79739.2,138.97302713948105,80472.7807575142,bearish_pressure,down,False,True,0,0
2026-05-13 14:38:00+00:00,79739.3,79758.0,79727.1,79748.4,138.97302713948105,80472.7807575142,inside_bullish_weak,down,False,True,0,0
2026-05-13 14:39:00+00:00,79748.4,79764.3,79743.9,79762.4,138.97302713948105,80472.7807575142,bullish_pressure,down,False,True,0,0
2026-05-13 14:40:00+00:00,79762.4,79762.4,79737.0,79740.9,136.00352520094629,80456.80490092975,bearish_pressure,down,False,True,0,0
2026-05-13 14:41:00+00:00,79740.9,79752.7,79723.9,79736.0,136.00352520094629,80456.80490092975,indecision,down,False,True,0,0
2026-05-13 14:42:00+00:00,79736.0,79763.4,79706.0,79706.0,136.00352520094629,80456.80490092975,bearish_pressure,down,False,True,0,0
2026-05-13 14:43:00+00:00,79706.1,79760.3,79696.8,79737.7,136.00352520094629,80456.80490092975,bullish_pressure,down,False,True,0,0
2026-05-13 14:44:00+00:00,79737.7,79742.2,79666.0,79666.0,136.00352520094629,80456.80490092975,bearish_pressure,down,False,True,0,0
2026-05-13 14:45:00+00:00,79666.1,79694.7,79666.0,79691.3,132.13184482945033,80440.42658605987,bullish_pressure,down,False,True,0,0
2026-05-13 14:46:00+00:00,79691.4,79697.8,79667.0,79669.3,132.13184482945033,80440.42658605987,bearish_pressure,down,False,True,0,0
2026-05-13 14:47:00+00:00,79669.2,79669.3,79618.6,79630.7,132.13184482945033,80440.42658605987,bearish_pressure,down,False,True,0,0
2026-05-13 14:48:00+00:00,79630.7,79640.0,79616.0,79618.0,132.13184482945033,80440.42658605987,bearish_pressure,down,False,True,0,0
2026-05-13 14:49:00+00:00,79618.0,79644.9,79618.0,79629.7,132.13184482945033,80440.42658605987,inside_bullish_weak,down,False,True,0,0
2026-05-13 14:50:00+00:00,79629.6,79670.5,79615.1,79670.4,134.90099877020347,80425.9626932666,bullish_pressure,down,False,True,0,0
2026-05-13 14:51:00+00:00,79670.4,79680.0,79631.6,79662.9,134.90099877020347,80425.9626932666,indecision,down,False,True,0,0
2026-05-13 14:52:00+00:00,79662.9,79726.5,79662.9,79722.5,134.90099877020347,80425.9626932666,bullish_pressure,down,False,True,0,0
2026-05-13 14:53:00+00:00,79722.5,79761.0,79722.4,79761.0,134.90099877020347,80425.9626932666,bullish_pressure,down,False,True,0,0
2026-05-13 14:54:00+00:00,79761.0,79786.0,79702.5,79710.0,134.90099877020347,80425.9626932666,bearish_pressure,down,False,True,0,0
2026-05-13 14:55:00+00:00,79709.9,79727.8,79703.6,79727.6,129.55092742947465,80412.12778844943,bullish_pressure,down,False,True,0,0
2026-05-13 14:56:00+00:00,79727.6,79727.6,79675.9,79675.9,129.55092742947465,80412.12778844943,bearish_pressure,down,False,True,0,0
2026-05-13 14:57:00+00:00,79675.9,79707.0,79675.9,79707.0,129.55092742947465,80412.12778844943,bullish_pressure,down,False,True,0,0
2026-05-13 14:58:00+00:00,79707.0,79722.3,79688.1,79722.3,129.55092742947465,80412.12778844943,inside_bullish_weak,down,False,True,0,0
2026-05-13 14:59:00+00:00,79722.3,79735.9,79716.1,79727.3,129.55092742947465,80412.12778844943,inside_bullish_weak,down,False,True,0,0
2026-05-13 15:00:00+00:00,79727.3,79800.0,79700.0,79771.2,129.7544326130832,80398.31337679696,inside_bullish_weak,down,False,True,0,0
2026-05-13 15:01:00+00:00,79771.2,79832.4,79765.2,79775.2,129.7544326130832,80398.31337679696,indecision,down,False,True,0,0
2026-05-13 15:02:00+00:00,79775.2,79807.6,79762.4,79782.7,129.7544326130832,80398.31337679696,indecision,down,False,True,0,0
2026-05-13 15:03:00+00:00,79782.7,79800.0,79769.9,79770.0,129.7544326130832,80398.31337679696,inside_bar,down,False,True,0,0
2026-05-13 15:04:00+00:00,79769.9,79776.6,79714.5,79714.5,129.7544326130832,80398.31337679696,bearish_pressure,down,False,True,0,0
2026-05-13 15:05:00+00:00,79714.5,79714.6,79635.0,79645.0,135.09340171214868,80382.10915151385,bearish_pressure,down,False,True,0,0
2026-05-13 15:06:00+00:00,79645.0,79661.0,79626.6,79642.6,135.09340171214868,80382.10915151385,indecision,down,False,True,0,0
2026-05-13 15:07:00+00:00,79642.7,79653.6,79636.0,79638.5,135.09340171214868,80382.10915151385,inside_bar,down,False,True,0,0
2026-05-13 15:08:00+00:00,79638.6,79638.6,79510.1,79535.9,135.09340171214868,80382.10915151385,breakout_down_weak,down,False,True,0,0
2026-05-13 15:09:00+00:00,79535.9,79586.4,79535.8,79580.0,135.09340171214868,80382.10915151385,trend_continuation_down,down,False,True,0,0
2026-05-13 15:10:00+00:00,79580.1,79580.1,79560.8,79560.8,140.59387301842418,80362.6634257413,trend_continuation_down,down,False,True,0,0
2026-05-13 15:11:00+00:00,79560.9,79560.9,79500.0,79503.9,140.59387301842418,80362.6634257413,breakout_down_weak,down,False,True,0,0
2026-05-13 15:12:00+00:00,79503.8,79513.8,79472.0,79497.0,140.59387301842418,80362.6634257413,exhaustion_down,down,False,True,1,0
2026-05-13 15:13:00+00:00,79497.0,79497.0,79416.0,79459.0,140.59387301842418,80362.6634257413,exhaustion_down,down,False,True,1,0
2026-05-13 15:14:00+00:00,79459.0,79459.7,79368.0,79400.1,140.59387301842418,80362.6634257413,exhaustion_down,down,False,True,1,0
2026-05-13 15:15:00+00:00,79400.1,79452.1,79370.9,79442.3,140.70145351710858,80341.8186054296,exhaustion_down,down,False,True,1,0
2026-05-13 15:16:00+00:00,79442.2,79442.3,79388.0,79413.5,140.70145351710858,80341.8186054296,exhaustion_down,down,False,True,1,0
2026-05-13 15:17:00+00:00,79413.6,79431.9,79401.4,79428.7,140.70145351710858,80341.8186054296,exhaustion_down,down,False,True,1,0
2026-05-13 15:18:00+00:00,79428.8,79429.1,79360.0,79380.7,140.70145351710858,80341.8186054296,breakout_down_weak,down,False,True,0,0
2026-05-13 15:19:00+00:00,79380.6,79380.7,79310.0,79310.0,140.70145351710858,80341.8186054296,bearish_pressure,down,False,True,0,0
2026-05-13 15:20:00+00:00,79310.1,79348.3,79255.0,79348.2,139.3799211230292,80321.65190037158,exhaustion_down,down,False,True,1,0
2026-05-13 15:21:00+00:00,79348.3,79377.2,79330.0,79360.1,139.3799211230292,80321.65190037158,exhaustion_down,down,False,True,1,0
2026-05-13 15:22:00+00:00,79360.1,79366.0,79334.0,79346.4,139.3799211230292,80321.65190037158,exhaustion_down,down,False,True,1,0
2026-05-13 15:23:00+00:00,79346.3,79365.0,79332.8,79341.0,139.3799211230292,80321.65190037158,trend_continuation_down,down,False,True,0,0
2026-05-13 15:24:00+00:00,79341.0,79370.5,79288.4,79323.4,139.3799211230292,80321.65190037158,exhaustion_down,down,False,True,1,0
2026-05-13 15:25:00+00:00,79323.5,79336.9,79255.0,79273.4,139.00278389995506,80300.37958551272,breakout_down_weak,down,False,True,0,0
2026-05-13 15:26:00+00:00,79273.4,79273.5,79240.0,79250.1,139.00278389995506,80300.37958551272,trend_continuation_down,down,False,True,0,0
2026-05-13 15:27:00+00:00,79250.0,79288.0,79202.8,79288.0,139.00278389995506,80300.37958551272,exhaustion_down,down,False,True,1,0
2026-05-13 15:28:00+00:00,79287.9,79314.8,79250.0,79260.4,139.00278389995506,80300.37958551272,trend_continuation_down,down,False,True,0,0
2026-05-13 15:29:00+00:00,79260.4,79297.8,79247.4,79247.4,139.00278389995506,80300.37958551272,trend_continuation_down,down,False,True,0,0
2026-05-13 15:30:00+00:00,79247.4,79247.5,79200.0,79209.3,135.40258504995867,80280.06909867088,breakout_down_weak,down,False,True,0,0
2026-05-13 15:31:00+00:00,79209.2,79241.1,79201.0,79209.6,135.40258504995867,80280.06909867088,trend_continuation_down,down,False,True,0,0
2026-05-13 15:32:00+00:00,79209.6,79250.0,79209.6,79220.1,135.40258504995867,80280.06909867088,breakout_down_weak,down,False,True,0,0
2026-05-13 15:33:00+00:00,79220.1,79269.8,79216.0,79249.8,135.40258504995867,80280.06909867088,bullish_pressure,down,False,True,0,0
2026-05-13 15:34:00+00:00,79249.7,79288.6,79237.7,79274.7,135.40258504995867,80280.06909867088,bullish_pressure,down,False,True,0,0
2026-05-13 15:35:00+00:00,79274.7,79281.7,79236.6,79245.3,131.96668611781897,80259.12713632095,bearish_pressure,down,False,True,0,0
2026-05-13 15:36:00+00:00,79245.2,79280.0,79245.2,79248.1,131.96668611781897,80259.12713632095,inside_bar,down,False,True,0,0
2026-05-13 15:37:00+00:00,79248.1,79280.5,79248.1,79264.2,131.96668611781897,80259.12713632095,bullish_pressure,down,False,True,0,0
2026-05-13 15:38:00+00:00,79264.1,79264.2,79218.3,79224.3,131.96668611781897,80259.12713632095,bearish_pressure,down,False,True,0,0
2026-05-13 15:39:00+00:00,79224.4,79244.3,79194.4,79222.5,131.96668611781897,80259.12713632095,indecision,down,False,True,0,0
2026-05-13 15:40:00+00:00,79222.5,79235.3,79202.2,79206.2,130.69763710940313,80238.51867817598,bearish_pressure,down,False,True,0,0
2026-05-13 15:41:00+00:00,79206.1,79249.6,79206.1,79226.4,130.69763710940313,80238.51867817598,bullish_pressure,down,False,True,0,0
2026-05-13 15:42:00+00:00,79226.3,79274.0,79226.3,79269.7,130.69763710940313,80238.51867817598,bullish_pressure,down,False,True,0,0
2026-05-13 15:43:00+00:00,79269.6,79316.4,79269.6,79290.0,130.69763710940313,80238.51867817598,inside_bullish_weak,down,False,True,0,0
2026-05-13 15:44:00+00:00,79290.0,79296.5,79218.4,79218.4,130.69763710940313,80238.51867817598,bearish_pressure,down,False,True,0,0
2026-05-13 15:45:00+00:00,79218.4,79218.5,79153.5,79179.1,133.1192344587319,80216.76583306359,bearish_pressure,down,False,True,0,0
2026-05-13 15:46:00+00:00,79179.0,79240.6,79156.7,79179.3,133.1192344587319,80216.76583306359,indecision,down,False,True,0,0
2026-05-13 15:47:00+00:00,79179.2,79210.3,79179.2,79200.1,133.1192344587319,80216.76583306359,bullish_pressure,down,False,True,0,0
2026-05-13 15:48:00+00:00,79200.1,79206.4,79151.0,79151.7,133.1192344587319,80216.76583306359,bearish_pressure,down,False,True,0,0
2026-05-13 15:49:00+00:00,79151.6,79179.0,79076.0,79140.0,133.1192344587319,80216.76583306359,indecision,down,False,True,0,0
2026-05-13 15:50:00+00:00,79140.0,79140.0,79076.0,79113.1,131.982146283108,80194.05957894352,exhaustion_down,down,False,True,1,0
2026-05-13 15:58:00+00:00,78898.8,78898.8,78753.1,78792.4,145.20485012002823,80166.34948827137,bearish_pressure,down,False,True,0,0
2026-05-13 15:59:00+00:00,78792.4,78849.0,78782.0,78794.7,145.20485012002823,80166.34948827137,bearish_pressure,down,False,True,0,0
2026-05-13 16:00:00+00:00,78794.7,78995.9,78768.8,78991.5,151.05450368288274,80140.82177563233,bullish_pressure,down,False,True,0,0
2026-05-13 16:01:00+00:00,78991.5,78991.5,78912.6,78914.8,151.05450368288274,80140.82177563233,trend_continuation_down,down,False,True,0,0
2026-05-13 16:02:00+00:00,78914.8,78950.0,78849.7,78896.8,151.05450368288274,80140.82177563233,exhaustion_down,down,False,True,1,0
2026-05-13 16:03:00+00:00,78896.7,78950.0,78868.0,78924.9,151.05450368288274,80140.82177563233,inside_bar,down,False,True,0,0
2026-05-13 16:04:00+00:00,78924.8,78956.8,78871.3,78877.2,151.05450368288274,80140.82177563233,trend_continuation_down,down,False,True,0,0
2026-05-13 16:05:00+00:00,78877.2,78879.2,78836.3,78836.3,151.27918199124807,80113.09461175842,trend_continuation_down,down,False,True,0,0
2026-05-13 16:06:00+00:00,78836.3,78864.1,78780.5,78827.6,151.27918199124807,80113.09461175842,exhaustion_down,down,False,True,1,0
2026-05-13 16:07:00+00:00,78827.6,78845.6,78780.0,78815.8,151.27918199124807,80113.09461175842,exhaustion_down,down,False,True,1,0
2026-05-13 16:08:00+00:00,78815.8,78826.0,78754.6,78766.6,151.27918199124807,80113.09461175842,breakout_down_weak,down,False,True,0,0
2026-05-13 16:09:00+00:00,78766.5,78791.8,78725.0,78740.6,151.27918199124807,80113.09461175842,bearish_pressure,down,False,True,0,0
2026-05-13 16:10:00+00:00,78740.6,78777.3,78713.8,78740.4,153.20209756330158,80088.91452043648,exhaustion_down,down,False,True,1,0
2026-05-13 16:11:00+00:00,78740.4,78845.0,78738.6,78804.3,153.20209756330158,80088.91452043648,bullish_pressure,down,False,True,0,0
2026-05-13 16:12:00+00:00,78804.3,78866.6,78804.3,78865.6,153.20209756330158,80088.91452043648,bullish_pressure,down,False,True,0,0
2026-05-13 16:13:00+00:00,78865.6,78869.4,78830.3,78837.7,153.20209756330158,80088.91452043648,bearish_pressure,down,False,True,0,0
2026-05-13 16:14:00+00:00,78837.7,78892.0,78830.5,78892.0,153.20209756330158,80088.91452043648,bullish_pressure,down,False,True,0,0
2026-05-13 16:15:00+00:00,78892.0,78896.9,78860.0,78860.0,148.48051916592334,80064.87858933871,bearish_pressure,down,False,True,0,0
2026-05-13 16:16:00+00:00,78860.1,78866.4,78820.9,78866.3,148.48051916592334,80064.87858933871,indecision,down,False,True,0,0
2026-05-13 16:17:00+00:00,78866.3,78883.2,78852.2,78852.4,148.48051916592334,80064.87858933871,inside_bearish_weak,down,False,True,0,0
2026-05-13 16:18:00+00:00,78852.4,78873.6,78852.2,78867.8,148.48051916592334,80064.87858933871,bullish_pressure,down,False,True,0,0
2026-05-13 16:19:00+00:00,78867.7,78908.0,78867.7,78875.1,148.48051916592334,80064.87858933871,indecision,down,False,True,0,0
2026-05-13 16:20:00+00:00,78875.0,78875.1,78867.7,78871.3,150.0104820826437,80042.8790133122,bearish_pressure,down,False,True,0,0
2026-05-13 16:21:00+00:00,78871.4,78924.6,78871.3,78919.3,150.0104820826437,80042.8790133122,bullish_pressure,down,False,True,0,0
2026-05-13 16:22:00+00:00,78919.3,78954.8,78919.2,78942.5,150.0104820826437,80042.8790133122,bullish_pressure,down,False,True,0,0
2026-05-13 16:23:00+00:00,78942.6,78966.0,78920.0,78966.0,150.0104820826437,80042.8790133122,bullish_pressure,down,False,True,0,0
2026-05-13 16:24:00+00:00,78966.0,79037.6,78938.7,78953.9,150.0104820826437,80042.8790133122,indecision,down,False,True,0,0
2026-05-13 16:25:00+00:00,78953.9,78978.8,78928.0,78938.9,146.81687621959796,80022.62398334562,inside_bearish_weak,down,False,True,0,0
2026-05-13 16:26:00+00:00,78938.9,78988.5,78938.8,78963.6,146.81687621959796,80022.62398334562,bullish_pressure,down,False,True,0,0
2026-05-13 16:27:00+00:00,78963.5,78984.4,78940.0,78984.4,146.81687621959796,80022.62398334562,bullish_pressure,down,False,True,0,0
2026-05-13 16:28:00+00:00,78984.4,79014.3,78984.3,78997.7,146.81687621959796,80022.62398334562,inside_bullish_weak,down,False,True,0,0
2026-05-13 16:29:00+00:00,78997.6,79033.3,78993.3,79020.0,146.81687621959796,80022.62398334562,bullish_pressure,down,False,True,0,0
2026-05-13 16:30:00+00:00,79020.0,79035.3,79004.3,79018.4,143.47281363248382,80004.22944902195,indecision,down,False,True,0,0
2026-05-13 16:31:00+00:00,79018.5,79048.0,79000.0,79034.1,143.47281363248382,80004.22944902195,inside_bullish_weak,down,False,True,0,0
2026-05-13 16:32:00+00:00,79034.0,79075.5,79029.0,79075.4,143.47281363248382,80004.22944902195,breakout_up_weak,down,False,True,0,0
2026-05-13 16:33:00+00:00,79075.5,79100.0,79068.3,79081.3,143.47281363248382,80004.22944902195,exhaustion_up,down,False,True,0,1
2026-05-13 16:34:00+00:00,79081.3,79095.8,79061.2,79093.7,143.47281363248382,80004.22944902195,breakout_up_weak,down,False,True,0,0
2026-05-13 16:35:00+00:00,79093.8,79105.1,79081.6,79104.0,136.08904123016396,79986.15163815023,trend_continuation_up,down,False,True,0,0
2026-05-13 16:36:00+00:00,79104.0,79104.0,79065.5,79069.1,136.08904123016396,79986.15163815023,bearish_pressure,down,False,True,0,0
2026-05-13 16:37:00+00:00,79069.1,79089.0,79069.1,79073.7,136.08904123016396,79986.15163815023,inside_bar,down,False,True,0,0
2026-05-13 16:38:00+00:00,79073.8,79099.7,79065.0,79091.4,136.08904123016396,79986.15163815023,bullish_pressure,down,False,True,0,0
2026-05-13 16:39:00+00:00,79091.4,79105.0,79091.2,79091.3,136.08904123016396,79986.15163815023,indecision,down,False,True,0,0
2026-05-13 16:40:00+00:00,79091.3,79116.8,79091.2,79116.8,131.46839542800896,79968.68724927597,bullish_pressure,down,False,True,0,0
2026-05-13 16:41:00+00:00,79116.8,79126.2,79105.6,79117.0,131.46839542800896,79968.68724927597,indecision,down,False,True,0,0
2026-05-13 16:42:00+00:00,79117.0,79136.3,79109.0,79132.1,131.46839542800896,79968.68724927597,bullish_pressure,down,False,True,0,0
2026-05-13 16:43:00+00:00,79132.1,79140.0,79104.6,79104.7,131.46839542800896,79968.68724927597,bearish_pressure,down,False,True,0,0
2026-05-13 16:44:00+00:00,79104.6,79107.2,79068.6,79104.2,131.46839542800896,79968.68724927597,indecision,down,False,True,0,0
2026-05-13 16:45:00+00:00,79104.2,79104.2,79080.0,79091.8,130.584938611723,79952.78651166655,bearish_pressure,down,False,True,0,0
2026-05-13 16:46:00+00:00,79091.9,79109.9,79084.9,79109.8,130.584938611723,79952.78651166655,bullish_pressure,down,False,True,0,0
2026-05-13 16:47:00+00:00,79109.9,79173.5,79103.9,79168.0,130.584938611723,79952.78651166655,bullish_pressure,down,False,True,0,0
2026-05-13 16:48:00+00:00,79167.9,79190.0,79163.8,79171.6,130.584938611723,79952.78651166655,indecision,down,False,True,0,0
2026-05-13 16:49:00+00:00,79171.7,79199.1,79147.1,79165.7,130.584938611723,79952.78651166655,indecision,down,False,True,0,0
2026-05-13 16:50:00+00:00,79165.7,79165.7,79133.3,79145.2,130.75744299659993,79934.92737282166,bearish_pressure,down,False,True,0,0
2026-05-13 16:51:00+00:00,79145.2,79170.0,79099.0,79115.9,130.75744299659993,79934.92737282166,inside_bearish_weak,down,False,True,0,0
2026-05-13 16:52:00+00:00,79115.9,79116.0,79090.1,79090.1,130.75744299659993,79934.92737282166,bearish_pressure,down,False,True,0,0
2026-05-13 16:53:00+00:00,79090.1,79114.1,79063.7,79063.7,130.75744299659993,79934.92737282166,bearish_pressure,down,False,True,0,0
2026-05-13 16:54:00+00:00,79063.7,79063.8,79037.0,79050.9,130.75744299659993,79934.92737282166,bearish_pressure,down,False,True,0,0
2026-05-13 16:55:00+00:00,79050.8,79078.2,79040.9,79078.2,126.38191135398564,79917.79019712222,bullish_pressure,down,False,True,0,0
2026-05-13 16:56:00+00:00,79078.2,79107.4,79072.4,79088.4,126.38191135398564,79917.79019712222,inside_bullish_weak,down,False,True,0,0
2026-05-13 16:57:00+00:00,79088.5,79094.4,79077.0,79094.4,126.38191135398564,79917.79019712222,inside_bar,down,False,True,0,0
2026-05-13 16:58:00+00:00,79094.4,79094.4,79050.0,79050.1,126.38191135398564,79917.79019712222,bearish_pressure,down,False,True,0,0
2026-05-13 16:59:00+00:00,79050.0,79069.5,79037.9,79069.5,126.38191135398564,79917.79019712222,bullish_pressure,down,False,True,0,0
2026-05-13 17:00:00+00:00,79069.5,79198.9,79069.5,79196.9,126.6332034001291,79903.41613381288,breakout_up_weak,down,False,True,0,0
2026-05-13 17:01:00+00:00,79196.9,79196.9,79163.2,79170.7,126.6332034001291,79903.41613381288,bearish_pressure,down,False,True,0,0
2026-05-13 17:02:00+00:00,79170.6,79170.7,79124.0,79167.2,126.6332034001291,79903.41613381288,indecision,down,False,True,0,0
2026-05-13 17:03:00+00:00,79167.1,79188.8,79154.3,79188.7,126.6332034001291,79903.41613381288,bullish_pressure,down,False,True,0,0
2026-05-13 17:04:00+00:00,79188.8,79199.4,79176.7,79191.9,126.6332034001291,79903.41613381288,indecision,down,False,True,0,0
2026-05-13 17:05:00+00:00,79192.0,79192.0,79161.1,79174.8,122.01654601440559,79888.36828957895,bearish_pressure,down,False,True,0,0
2026-05-13 17:06:00+00:00,79174.8,79178.8,79167.1,79178.8,122.01654601440559,79888.36828957895,inside_bar,down,False,True,0,0
2026-05-13 17:07:00+00:00,79178.7,79178.8,79144.5,79152.1,122.01654601440559,79888.36828957895,bearish_pressure,down,False,True,0,0
2026-05-13 17:08:00+00:00,79152.1,79158.5,79147.7,79157.4,122.01654601440559,79888.36828957895,bullish_pressure,down,False,True,0,0
2026-05-13 17:09:00+00:00,79157.4,79157.4,79130.0,79143.5,122.01654601440559,79888.36828957895,bearish_pressure,down,False,True,0,0
2026-05-13 17:15:00+00:00,79195.0,79226.8,79188.2,79191.1,125.55610345119707,79862.5978635588,indecision,down,False,True,0,0
2026-05-13 17:16:00+00:00,79191.1,79194.1,79043.2,79084.0,125.55610345119707,79862.5978635588,bearish_pressure,down,False,True,0,0
2026-05-13 17:17:00+00:00,79083.9,79101.1,79083.9,79101.1,125.55610345119707,79862.5978635588,bullish_pressure,down,False,True,0,0
2026-05-13 17:18:00+00:00,79101.0,79213.8,79101.0,79212.9,125.55610345119707,79862.5978635588,bullish_pressure,down,False,True,0,0
2026-05-13 17:19:00+00:00,79212.9,79266.6,79212.9,79266.6,125.55610345119707,79862.5978635588,trend_continuation_up,down,False,True,0,0
2026-05-13 17:20:00+00:00,79266.5,79275.3,79231.7,79240.2,121.35209606182563,79850.57018309228,bearish_pressure,down,False,True,0,0
2026-05-13 17:21:00+00:00,79240.3,79271.8,79240.2,79256.8,121.35209606182563,79850.57018309228,bullish_pressure,down,False,True,0,0
2026-05-13 17:22:00+00:00,79256.9,79279.0,79248.1,79272.2,121.35209606182563,79850.57018309228,bullish_pressure,down,False,True,0,0
2026-05-13 17:23:00+00:00,79272.2,79298.4,79272.1,79296.7,121.35209606182563,79850.57018309228,trend_continuation_up,down,False,True,0,0
2026-05-13 17:24:00+00:00,79296.6,79296.7,79251.0,79255.2,121.35209606182563,79850.57018309228,bearish_pressure,down,False,True,0,0
2026-05-14 03:25:00+00:00,79032.6,79174.7,79032.6,79136.5,129.55908610750802,79482.59251338422,bullish_pressure,neutral,False,True,0,0
2026-05-14 03:26:00+00:00,79136.5,79209.2,79136.4,79187.3,129.55908610750802,79482.59251338422,bullish_pressure,neutral,False,True,0,0
2026-05-14 03:27:00+00:00,79187.4,79240.0,79187.4,79236.5,129.55908610750802,79482.59251338422,bullish_pressure,neutral,False,True,0,0
2026-05-14 03:28:00+00:00,79236.5,79329.3,79236.4,79302.2,129.55908610750802,79482.59251338422,trend_continuation_up,neutral,False,True,0,0
2026-05-14 03:29:00+00:00,79302.2,79311.2,79271.1,79281.6,129.55908610750802,79482.59251338422,bearish_pressure,neutral,False,True,0,0
2026-05-14 03:30:00+00:00,79281.6,79300.0,79277.5,79277.5,126.31915138554295,79479.67781014889,inside_bar,neutral,False,True,0,0
2026-05-14 03:31:00+00:00,79277.5,79314.1,79276.0,79310.5,126.31915138554295,79479.67781014889,breakout_up_weak,neutral,False,True,0,0
2026-05-14 03:32:00+00:00,79310.5,79360.2,79310.5,79344.0,126.31915138554295,79479.67781014889,trend_continuation_up,neutral,False,True,0,0
2026-05-14 03:33:00+00:00,79344.0,79350.3,79322.0,79343.3,126.31915138554295,79479.67781014889,trend_continuation_up,neutral,False,True,0,0
2026-05-14 03:34:00+00:00,79343.4,79347.1,79323.4,79335.4,126.31915138554295,79479.67781014889,inside_bar,neutral,False,True,0,0
2026-05-14 03:35:00+00:00,79335.4,79360.8,79333.3,79353.5,134.89635485800375,79473.02874460138,breakout_up_weak,down,False,True,0,0
2026-05-14 03:36:00+00:00,79353.4,79371.4,79328.1,79335.8,134.89635485800375,79473.02874460138,inside_bearish_weak,down,False,True,0,0
2026-05-14 03:37:00+00:00,79335.9,79335.9,79236.7,79249.9,134.89635485800375,79473.02874460138,bearish_pressure,down,False,True,0,0
2026-05-14 03:38:00+00:00,79250.0,79266.5,79193.3,79193.4,134.89635485800375,79473.02874460138,bearish_pressure,down,False,True,0,0
2026-05-14 03:39:00+00:00,79193.3,79199.2,79125.0,79143.9,134.89635485800375,79473.02874460138,trend_continuation_down,down,False,True,0,0
2026-05-14 03:40:00+00:00,79143.9,79163.8,79124.8,79163.7,129.64661522528877,79466.96084866868,bullish_pressure,down,False,True,0,0
2026-05-14 03:41:00+00:00,79163.8,79185.7,79157.0,79168.3,129.64661522528877,79466.96084866868,indecision,down,False,True,0,0
2026-05-14 03:42:00+00:00,79168.4,79171.0,79126.0,79136.1,129.64661522528877,79466.96084866868,bearish_pressure,down,False,True,0,0
2026-05-14 03:43:00+00:00,79136.1,79186.2,79126.3,79172.3,129.64661522528877,79466.96084866868,bullish_pressure,down,False,True,0,0
2026-05-14 03:44:00+00:00,79172.3,79175.2,79158.3,79166.6,129.64661522528877,79466.96084866868,inside_bar,down,False,True,0,0
2026-05-14 03:45:00+00:00,79166.6,79171.5,79147.1,79164.4,131.06471413776814,79458.38340612079,indecision,down,False,True,0,0
2026-05-14 03:46:00+00:00,79164.5,79164.5,79104.1,79139.9,131.06471413776814,79458.38340612079,inside_bearish_weak,down,False,True,0,0
2026-05-14 03:47:00+00:00,79140.0,79149.9,79069.3,79070.7,131.06471413776814,79458.38340612079,breakout_down_weak,down,False,True,0,0
2026-05-14 03:48:00+00:00,79070.8,79107.7,79056.0,79063.9,131.06471413776814,79458.38340612079,trend_continuation_down,down,False,True,0,0
2026-05-14 03:49:00+00:00,79063.9,79075.9,79022.0,79033.8,131.06471413776814,79458.38340612079,breakout_down_weak,down,False,True,0,0
2026-05-14 03:50:00+00:00,79033.8,79055.9,79015.4,79055.8,128.45294884221326,79450.57779411839,exhaustion_down,down,False,True,1,0
2026-05-14 03:51:00+00:00,79055.9,79055.9,78980.3,79000.0,128.45294884221326,79450.57779411839,breakout_down_weak,down,False,True,0,0
2026-05-14 03:52:00+00:00,79000.1,79043.9,79000.0,79038.1,128.45294884221326,79450.57779411839,bullish_pressure,down,False,True,0,0
2026-05-14 03:53:00+00:00,79038.2,79074.8,79038.1,79054.4,128.45294884221326,79450.57779411839,inside_bullish_weak,down,False,True,0,0
2026-05-14 03:54:00+00:00,79054.3,79064.3,79048.8,79064.2,128.45294884221326,79450.57779411839,bullish_pressure,down,False,True,0,0
2026-05-14 03:55:00+00:00,79064.3,79074.8,78925.7,78973.3,133.94916678205578,79441.76041205664,breakout_down_weak,down,False,True,0,0
2026-05-14 03:56:00+00:00,78973.2,78973.3,78900.0,78943.8,133.94916678205578,79441.76041205664,exhaustion_down,down,False,True,1,0
2026-05-14 03:57:00+00:00,78943.8,78986.5,78869.4,78948.1,133.94916678205578,79441.76041205664,exhaustion_down,down,False,True,1,0
2026-05-14 03:58:00+00:00,78948.1,78992.1,78900.1,78989.9,133.94916678205578,79441.76041205664,bullish_pressure,down,False,True,0,0
2026-05-14 03:59:00+00:00,78990.0,79023.4,78980.1,79005.3,133.94916678205578,79441.76041205664,inside_bullish_weak,down,False,True,0,0
2026-05-14 04:00:00+00:00,79005.4,79014.2,78967.6,79002.9,131.75279772619444,79433.76515637233,indecision,down,False,True,0,0
2026-05-14 04:01:00+00:00,79002.9,79002.9,78960.0,78975.4,131.75279772619444,79433.76515637233,bearish_pressure,down,False,True,0,0
2026-05-14 04:02:00+00:00,78975.3,78977.8,78934.8,78971.0,131.75279772619444,79433.76515637233,indecision,down,False,True,0,0
2026-05-14 04:03:00+00:00,78971.0,79030.2,78970.9,79020.8,131.75279772619444,79433.76515637233,bullish_pressure,down,False,True,0,0
2026-05-14 04:04:00+00:00,79020.8,79038.0,79016.8,79038.0,131.75279772619444,79433.76515637233,bullish_pressure,down,False,True,0,0
2026-05-14 04:05:00+00:00,79038.0,79090.0,79030.3,79081.5,135.32045503146605,79429.15594535506,bullish_pressure,down,False,True,0,0
2026-05-14 04:06:00+00:00,79081.5,79136.4,79081.4,79121.9,135.32045503146605,79429.15594535506,bullish_pressure,down,False,True,0,0
2026-05-14 04:07:00+00:00,79122.0,79167.5,79107.8,79166.7,135.32045503146605,79429.15594535506,trend_continuation_up,down,False,True,0,0
2026-05-14 04:08:00+00:00,79166.8,79205.8,79166.8,79184.9,135.32045503146605,79429.15594535506,exhaustion_up,down,False,True,0,1
2026-05-14 04:09:00+00:00,79184.9,79212.0,79184.4,79201.0,135.32045503146605,79429.15594535506,exhaustion_up,down,False,True,0,1
2026-05-14 04:10:00+00:00,79201.0,79228.3,79201.0,79223.0,128.72613681493277,79425.19840188268,trend_continuation_up,down,False,True,0,0
2026-05-14 04:11:00+00:00,79223.0,79223.0,79188.0,79188.0,128.72613681493277,79425.19840188268,bearish_pressure,down,False,True,0,0
2026-05-14 04:12:00+00:00,79188.1,79221.4,79188.0,79207.1,128.72613681493277,79425.19840188268,bullish_pressure,down,False,True,0,0
2026-05-14 04:13:00+00:00,79207.1,79221.5,79207.1,79221.5,128.72613681493277,79425.19840188268,trend_continuation_up,down,False,True,0,0
2026-05-14 04:14:00+00:00,79221.4,79231.0,79221.4,79229.3,128.72613681493277,79425.19840188268,bullish_pressure,down,False,True,0,0
2026-05-14 04:15:00+00:00,79229.3,79262.6,79203.2,79214.5,129.00284132815227,79422.91130481569,inside_bearish_weak,down,False,True,0,0
2026-05-14 04:16:00+00:00,79214.5,79241.6,79213.6,79230.1,129.00284132815227,79422.91130481569,bullish_pressure,down,False,True,0,0
2026-05-14 04:17:00+00:00,79230.1,79255.5,79226.0,79255.5,129.00284132815227,79422.91130481569,bullish_pressure,down,False,True,0,0
2026-05-14 04:18:00+00:00,79255.5,79294.9,79255.4,79294.9,129.00284132815227,79422.91130481569,trend_continuation_up,down,False,True,0,0
2026-05-14 04:19:00+00:00,79294.8,79335.8,79287.7,79309.7,129.00284132815227,79422.91130481569,exhaustion_up,down,False,True,0,1
2026-05-14 04:20:00+00:00,79309.7,79338.0,79292.0,79292.3,125.50263837614139,79420.13088293815,inside_bearish_weak,down,False,True,0,0
2026-05-14 04:21:00+00:00,79292.3,79300.0,79273.6,79273.6,125.50263837614139,79420.13088293815,bearish_pressure,down,False,True,0,0
2026-05-14 04:22:00+00:00,79273.6,79302.4,79264.7,79277.0,125.50263837614139,79420.13088293815,indecision,down,False,True,0,0
2026-05-14 04:23:00+00:00,79277.0,79277.1,79258.0,79263.1,125.50263837614139,79420.13088293815,bearish_pressure,down,False,True,0,0
2026-05-14 04:24:00+00:00,79263.0,79282.6,79260.0,79282.5,125.50263837614139,79420.13088293815,bullish_pressure,down,False,True,0,0
2026-05-14 13:20:00+00:00,79747.2,79780.0,79720.0,79780.0,127.22926382474449,79575.80859145267,bullish_pressure,neutral,True,False,0,0
2026-05-14 13:21:00+00:00,79780.0,79862.0,79780.0,79861.9,127.22926382474449,79575.80859145267,bullish_pressure,neutral,True,False,0,0
2026-05-14 13:22:00+00:00,79862.0,80036.6,79861.9,79988.6,127.22926382474449,79575.80859145267,bullish_pressure,neutral,True,False,0,0
2026-05-14 13:23:00+00:00,79988.6,80042.0,79938.1,79942.0,127.22926382474449,79575.80859145267,exhaustion_up,neutral,True,False,0,0
2026-05-14 13:24:00+00:00,79942.1,80028.8,79925.1,79988.3,127.22926382474449,79575.80859145267,exhaustion_up,neutral,True,False,0,0
2026-05-14 13:25:00+00:00,79988.3,79988.3,79896.8,79926.3,127.32003069440559,79582.40050053282,bearish_pressure,up,True,False,0,0
2026-05-14 13:26:00+00:00,79926.3,79926.4,79875.1,79879.7,127.32003069440559,79582.40050053282,bearish_pressure,up,True,False,0,0
2026-05-14 13:27:00+00:00,79879.7,79897.1,79859.8,79888.1,127.32003069440559,79582.40050053282,inside_bullish_weak,up,True,False,0,0
2026-05-14 13:28:00+00:00,79888.1,79908.0,79861.6,79908.0,127.32003069440559,79582.40050053282,inside_bullish_weak,up,True,False,0,0
2026-05-14 13:29:00+00:00,79908.1,79921.4,79885.6,79908.7,127.32003069440559,79582.40050053282,indecision,up,True,False,0,0
2026-05-14 13:30:00+00:00,79908.8,79922.1,79880.2,79891.0,129.90431421623376,79588.19455002721,inside_bearish_weak,up,True,False,0,0
2026-05-14 13:31:00+00:00,79891.0,79953.4,79856.0,79934.2,129.90431421623376,79588.19455002721,inside_bullish_weak,up,True,False,0,0
2026-05-14 13:32:00+00:00,79934.2,79944.9,79894.3,79905.1,129.90431421623376,79588.19455002721,bearish_pressure,up,True,False,0,0
2026-05-14 13:33:00+00:00,79905.1,79905.1,79789.9,79903.8,129.90431421623376,79588.19455002721,indecision,up,True,False,0,0
2026-05-14 13:34:00+00:00,79903.8,79912.3,79854.5,79875.0,129.90431421623376,79588.19455002721,bearish_pressure,up,True,False,0,0
2026-05-14 13:35:00+00:00,79875.0,79878.1,79700.1,79700.1,136.9182917722175,79592.8778262643,breakout_down_weak,up,True,False,0,0
2026-05-14 13:36:00+00:00,79700.0,79724.8,79650.0,79702.2,136.9182917722175,79592.8778262643,exhaustion_down,up,True,False,1,0
2026-05-14 13:46:00+00:00,79870.5,79913.0,79830.0,79846.2,139.95454749747282,79604.84758114071,inside_bar,up,True,False,0,0
2026-05-14 13:47:00+00:00,79846.2,79913.3,79834.5,79912.0,139.95454749747282,79604.84758114071,bullish_pressure,up,True,False,0,0
2026-05-14 13:48:00+00:00,79912.1,79912.1,79850.0,79900.0,139.95454749747282,79604.84758114071,inside_bar,up,True,False,0,0
2026-05-14 13:49:00+00:00,79899.9,79985.0,79879.0,79976.0,139.95454749747282,79604.84758114071,breakout_up_weak,up,True,False,0,0
2026-05-14 13:50:00+00:00,79976.0,80018.9,79902.3,79913.5,141.81493696193905,79610.95158943496,bearish_pressure,up,True,False,0,0
2026-05-14 13:51:00+00:00,79913.6,79963.7,79900.0,79949.8,141.81493696193905,79610.95158943496,bullish_pressure,up,True,False,0,0
2026-05-14 13:52:00+00:00,79949.7,79955.0,79868.5,79914.3,141.81493696193905,79610.95158943496,inside_bearish_weak,up,True,False,0,0
2026-05-14 13:53:00+00:00,79914.3,79914.4,79852.9,79898.9,141.81493696193905,79610.95158943496,inside_bearish_weak,up,True,False,0,0
2026-05-14 13:54:00+00:00,79898.9,79914.3,79880.7,79913.1,141.81493696193905,79610.95158943496,inside_bar,up,True,False,0,0
2026-05-14 13:55:00+00:00,79913.1,79918.3,79881.6,79908.2,155.328155750372,79611.94066687189,indecision,up,True,False,0,0
2026-05-14 13:56:00+00:00,79908.2,79955.0,79908.2,79922.1,155.328155750372,79611.94066687189,inside_bullish_weak,up,True,False,0,0
2026-05-14 13:57:00+00:00,79922.0,79922.1,79810.4,79838.9,155.328155750372,79611.94066687189,bearish_pressure,up,True,False,0,0
2026-05-14 13:58:00+00:00,79838.9,79862.4,79833.8,79836.0,155.328155750372,79611.94066687189,inside_bar,up,True,False,0,0
2026-05-14 13:59:00+00:00,79836.0,79836.1,79624.0,79660.9,155.328155750372,79611.94066687189,breakout_down_strong,up,True,False,0,0
2026-05-14 14:00:00+00:00,79660.9,79745.6,79580.0,79734.4,162.49757319677377,79614.9695645576,exhaustion_down,up,True,False,1,0
2026-05-14 14:01:00+00:00,79734.3,79835.7,79734.3,79824.0,162.49757319677377,79614.9695645576,bullish_pressure,up,True,False,0,0
2026-05-14 14:02:00+00:00,79823.9,79823.9,79766.4,79778.3,162.49757319677377,79614.9695645576,bearish_pressure,up,True,False,0,0
2026-05-14 14:03:00+00:00,79778.2,79793.1,79720.0,79783.0,162.49757319677377,79614.9695645576,indecision,up,True,False,0,0
2026-05-14 14:04:00+00:00,79782.9,79783.0,79744.0,79764.9,162.49757319677377,79614.9695645576,bearish_pressure,up,True,False,0,0
2026-05-14 14:05:00+00:00,79764.9,79783.0,79665.8,79699.5,170.06917511128992,79617.30878110102,breakout_down_weak,up,True,False,0,0
2026-05-14 14:06:00+00:00,79699.5,79710.0,79557.5,79567.2,170.06917511128992,79617.30878110102,breakout_down_strong,up,True,False,0,0
2026-05-14 14:07:00+00:00,79567.2,79621.6,79514.5,79540.0,170.06917511128992,79617.30878110102,bearish_pressure,up,True,False,0,0
2026-05-14 14:08:00+00:00,79540.1,79664.0,79528.8,79664.0,170.06917511128992,79617.30878110102,bullish_pressure,up,True,False,0,0
2026-05-14 14:09:00+00:00,79664.0,79742.7,79664.0,79733.1,170.06917511128992,79617.30878110102,bullish_pressure,up,True,False,0,0
2026-05-14 14:10:00+00:00,79733.1,79794.4,79725.1,79754.8,173.2713768890545,79623.42345870298,inside_bullish_weak,up,True,False,0,0
2026-05-14 14:11:00+00:00,79754.9,79812.0,79735.9,79807.0,173.2713768890545,79623.42345870298,bullish_pressure,up,True,False,0,0
2026-05-14 14:12:00+00:00,79806.9,79857.8,79790.0,79857.7,173.2713768890545,79623.42345870298,bullish_pressure,up,True,False,0,0
2026-05-14 14:13:00+00:00,79857.8,79940.0,79854.1,79935.7,173.2713768890545,79623.42345870298,trend_continuation_up,up,True,False,0,0
2026-05-14 14:14:00+00:00,79935.6,79935.7,79902.3,79926.1,173.2713768890545,79623.42345870298,trend_continuation_up,up,True,False,0,0
2026-05-14 14:15:00+00:00,79926.0,80019.0,79917.0,80011.9,184.680564254122,79634.65665754054,breakout_up_strong,up,True,False,0,0
2026-05-14 14:16:00+00:00,80011.9,80012.0,79979.0,79999.9,184.680564254122,79634.65665754054,trend_continuation_up,up,True,False,0,0
2026-05-14 14:17:00+00:00,80000.0,80011.9,79974.0,80002.8,184.680564254122,79634.65665754054,trend_continuation_up,up,True,False,0,0
2026-05-14 14:18:00+00:00,80002.7,80147.4,79997.2,80085.6,184.680564254122,79634.65665754054,exhaustion_up,up,True,False,0,1
2026-05-14 14:19:00+00:00,80085.5,80250.0,80085.5,80190.7,184.680564254122,79634.65665754054,exhaustion_up,up,True,False,0,1
2026-05-14 14:20:00+00:00,80190.6,80210.4,80155.1,80155.1,181.11052395025595,79645.30108016351,exhaustion_up,up,True,False,0,1
2026-05-14 14:21:00+00:00,80155.1,80202.4,80082.6,80197.2,181.11052395025595,79645.30108016351,bullish_pressure,up,True,False,0,0
2026-05-14 14:22:00+00:00,80197.1,80217.3,80146.4,80200.0,181.11052395025595,79645.30108016351,bullish_pressure,up,True,False,0,0
2026-05-14 14:23:00+00:00,80200.0,80211.4,80183.6,80200.1,181.11052395025595,79645.30108016351,exhaustion_up,up,True,False,0,1
2026-05-14 14:24:00+00:00,80200.0,80204.6,80164.2,80172.2,181.11052395025595,79645.30108016351,breakout_up_weak,up,True,False,0,0
2026-05-14 14:25:00+00:00,80172.3,80200.0,80150.0,80166.9,178.88834366809482,79654.58818748701,exhaustion_up,up,True,False,0,1
2026-05-14 14:26:00+00:00,80166.8,80170.5,80067.2,80091.7,178.88834366809482,79654.58818748701,bearish_pressure,up,True,False,0,0
2026-05-14 14:27:00+00:00,80091.7,80136.0,80050.1,80056.8,178.88834366809482,79654.58818748701,inside_bearish_weak,up,True,False,0,0
2026-05-14 14:28:00+00:00,80056.8,80086.5,80050.0,80086.5,178.88834366809482,79654.58818748701,bullish_pressure,up,True,False,0,0
2026-05-14 14:29:00+00:00,80086.4,80132.9,80074.0,80114.3,178.88834366809482,79654.58818748701,bullish_pressure,up,True,False,0,0
2026-05-14 14:30:00+00:00,80114.4,80145.3,80070.0,80076.0,172.2034619775168,79663.41020357638,bearish_pressure,up,True,False,0,0
2026-05-14 14:31:00+00:00,80076.0,80140.8,80064.2,80109.0,172.2034619775168,79663.41020357638,inside_bullish_weak,up,True,False,0,0
2026-05-14 14:32:00+00:00,80109.0,80109.0,80080.0,80092.3,172.2034619775168,79663.41020357638,bearish_pressure,up,True,False,0,0
2026-05-14 14:33:00+00:00,80092.3,80111.0,80060.0,80060.0,172.2034619775168,79663.41020357638,bearish_pressure,up,True,False,0,0
2026-05-14 14:34:00+00:00,80060.0,80110.0,80060.0,80100.1,172.2034619775168,79663.41020357638,bullish_pressure,up,True,False,0,0
2026-05-14 14:35:00+00:00,80100.0,80100.1,80070.0,80096.5,172.76035755055133,79674.4832688521,inside_bar,up,True,False,0,0
2026-05-14 14:36:00+00:00,80096.6,80189.0,80096.5,80180.5,172.76035755055133,79674.4832688521,breakout_up_weak,up,True,False,0,0
2026-05-14 14:37:00+00:00,80180.6,80250.0,80180.5,80223.5,172.76035755055133,79674.4832688521,exhaustion_up,up,True,False,0,1
2026-05-14 14:38:00+00:00,80223.5,80240.0,80190.9,80239.9,172.76035755055133,79674.4832688521,trend_continuation_up,up,True,False,0,0
2026-05-14 14:39:00+00:00,80239.9,80245.7,80220.0,80222.6,172.76035755055133,79674.4832688521,trend_continuation_up,up,True,False,0,0
2026-05-14 14:40:00+00:00,80222.6,80354.1,80215.9,80340.0,170.29176058265563,79686.86775857779,breakout_up_strong,up,True,False,0,0
2026-05-14 14:41:00+00:00,80339.9,80347.2,80268.1,80276.3,170.29176058265563,79686.86775857779,trend_continuation_up,up,True,False,0,0
2026-05-14 14:42:00+00:00,80276.4,80350.0,80276.4,80302.5,170.29176058265563,79686.86775857779,exhaustion_up,up,True,False,0,1
2026-05-14 14:49:00+00:00,80600.9,80688.0,80600.9,80656.9,185.84949196960923,79706.07631781387,exhaustion_up,up,True,False,0,1
2026-05-14 14:58:00+00:00,80933.2,80938.8,80865.7,80917.5,185.8880823615514,79751.71400753786,bullish_pressure,up,True,False,0,0
2026-05-14 14:59:00+00:00,80917.5,80945.0,80884.0,80929.5,185.8880823615514,79751.71400753786,bullish_pressure,up,True,False,0,0
2026-05-14 15:00:00+00:00,80929.6,81135.0,80929.5,81067.0,187.28893362144058,79776.25036382422,breakout_up_strong,up,True,False,0,0
2026-05-14 15:01:00+00:00,81067.0,81115.7,81059.7,81081.0,187.28893362144058,79776.25036382422,exhaustion_up,up,True,False,0,1
2026-05-14 15:02:00+00:00,81081.0,81100.0,80972.9,81007.0,187.28893362144058,79776.25036382422,breakout_up_strong,up,True,False,0,0
2026-05-14 15:03:00+00:00,81007.0,81014.8,80939.4,80981.5,187.28893362144058,79776.25036382422,bullish_pressure,up,True,False,0,0
2026-05-14 15:04:00+00:00,80981.5,81000.0,80949.7,80990.8,187.28893362144058,79776.25036382422,bullish_pressure,up,True,False,0,0
2026-05-14 15:05:00+00:00,80990.8,81061.2,80973.8,80984.1,194.35400979133746,79797.71075265939,exhaustion_up,up,True,False,0,1
2026-05-14 15:06:00+00:00,80984.2,81000.0,80880.7,80923.5,194.35400979133746,79797.71075265939,bearish_pressure,up,True,False,0,0
2026-05-14 15:07:00+00:00,80923.5,80943.4,80775.0,80813.2,194.35400979133746,79797.71075265939,bearish_pressure,up,True,False,0,0
2026-05-14 15:08:00+00:00,80813.1,80900.0,80799.9,80865.8,194.35400979133746,79797.71075265939,bullish_pressure,up,True,False,0,0
2026-05-14 15:09:00+00:00,80865.8,80897.5,80816.0,80860.0,194.35400979133746,79797.71075265939,inside_bar,up,True,False,0,0
2026-05-14 15:10:00+00:00,80859.9,80932.0,80859.9,80902.9,187.64300909195578,79820.52638131959,bullish_pressure,up,True,False,0,0
2026-05-14 15:11:00+00:00,80902.9,80908.0,80851.9,80889.0,187.64300909195578,79820.52638131959,inside_bearish_weak,up,True,False,0,0
2026-05-14 15:12:00+00:00,80889.0,80919.1,80884.4,80891.1,187.64300909195578,79820.52638131959,indecision,up,True,False,0,0
2026-05-14 15:13:00+00:00,80891.1,80900.6,80851.3,80898.9,187.64300909195578,79820.52638131959,indecision,up,True,False,0,0
2026-05-14 15:14:00+00:00,80898.9,80951.7,80898.9,80949.9,187.64300909195578,79820.52638131959,bullish_pressure,up,True,False,0,0
2026-05-14 15:15:00+00:00,80949.9,80950.0,80899.1,80915.5,182.68993701395917,79843.51991832316,bearish_pressure,up,True,False,0,0
2026-05-14 15:16:00+00:00,80915.4,80923.0,80879.3,80879.3,182.68993701395917,79843.51991832316,bearish_pressure,up,True,False,0,0
2026-05-14 15:17:00+00:00,80879.3,80900.0,80863.5,80872.0,182.68993701395917,79843.51991832316,inside_bearish_weak,up,True,False,0,0
2026-05-14 15:18:00+00:00,80871.9,80918.7,80871.9,80881.6,182.68993701395917,79843.51991832316,inside_bullish_weak,up,True,False,0,0
2026-05-14 15:19:00+00:00,80881.6,80981.8,80881.5,80981.7,182.68993701395917,79843.51991832316,breakout_up_weak,up,True,False,0,0
2026-05-14 15:20:00+00:00,80981.7,81100.1,80981.7,81074.0,183.93351294153393,79866.34130607914,trend_continuation_up,up,True,False,0,0
2026-05-14 15:21:00+00:00,81074.0,81098.5,81004.0,81027.1,183.93351294153393,79866.34130607914,trend_continuation_up,up,True,False,0,0
2026-05-14 15:22:00+00:00,81027.2,81034.9,80935.9,80935.9,183.93351294153393,79866.34130607914,bearish_pressure,up,True,False,0,0
2026-05-14 15:23:00+00:00,80936.0,80984.7,80900.0,80982.3,183.93351294153393,79866.34130607914,bullish_pressure,up,True,False,0,0
2026-05-14 15:24:00+00:00,80982.2,81018.0,80982.2,80996.0,183.93351294153393,79866.34130607914,inside_bullish_weak,up,True,False,0,0
2026-05-14 15:25:00+00:00,80996.1,81000.3,80957.6,80957.6,175.4454048742819,79887.98405249341,bearish_pressure,up,True,False,0,0
2026-05-14 15:26:00+00:00,80957.6,80966.0,80953.3,80959.9,175.4454048742819,79887.98405249341,indecision,up,True,False,0,0
2026-05-14 15:27:00+00:00,80959.9,81000.0,80951.8,80971.3,175.4454048742819,79887.98405249341,inside_bullish_weak,up,True,False,0,0
2026-05-14 15:28:00+00:00,80971.4,80981.1,80935.2,80980.0,175.4454048742819,79887.98405249341,indecision,up,True,False,0,0
2026-05-14 15:29:00+00:00,80980.0,80980.0,80944.0,80959.3,175.4454048742819,79887.98405249341,bearish_pressure,up,True,False,0,0
2026-05-14 15:30:00+00:00,80959.4,81039.2,80955.6,81021.6,176.24216166897546,79907.922982147,bullish_pressure,up,True,False,0,0
2026-05-14 15:31:00+00:00,81021.6,81021.7,80984.1,80990.9,176.24216166897546,79907.922982147,bearish_pressure,up,True,False,0,0
2026-05-14 15:32:00+00:00,80991.0,81000.0,80946.0,80973.4,176.24216166897546,79907.922982147,inside_bearish_weak,up,True,False,0,0
2026-05-14 15:33:00+00:00,80973.4,80991.2,80919.0,80921.1,176.24216166897546,79907.922982147,bearish_pressure,up,True,False,0,0
2026-05-14 15:34:00+00:00,80921.1,80921.1,80852.6,80894.9,176.24216166897546,79907.922982147,inside_bearish_weak,up,True,False,0,0
2026-05-14 15:35:00+00:00,80895.0,80900.0,80869.0,80896.8,176.60343583547743,79925.92648745103,inside_bar,up,True,False,0,0
2026-05-14 15:36:00+00:00,80896.8,80924.8,80890.0,80894.7,176.60343583547743,79925.92648745103,indecision,up,True,False,0,0
2026-05-14 15:37:00+00:00,80894.7,80907.9,80840.5,80840.5,176.60343583547743,79925.92648745103,bearish_pressure,up,True,False,0,0
2026-05-14 15:38:00+00:00,80840.5,80860.0,80802.0,80802.1,176.60343583547743,79925.92648745103,trend_continuation_down,up,True,False,0,0
2026-05-14 15:39:00+00:00,80802.0,80828.6,80743.5,80817.1,176.60343583547743,79925.92648745103,indecision,up,True,False,0,0
2026-05-14 15:40:00+00:00,80817.0,80885.0,80817.0,80884.9,175.63176184722903,79946.79923027377,bullish_pressure,up,True,False,0,0
2026-05-14 15:41:00+00:00,80885.0,80912.2,80868.3,80899.9,175.63176184722903,79946.79923027377,inside_bullish_weak,up,True,False,0,0
2026-05-14 15:42:00+00:00,80900.0,80944.4,80887.3,80944.4,175.63176184722903,79946.79923027377,bullish_pressure,up,True,False,0,0
2026-05-14 15:43:00+00:00,80944.4,80979.8,80944.3,80971.6,175.63176184722903,79946.79923027377,bullish_pressure,up,True,False,0,0
2026-05-14 15:44:00+00:00,80971.6,80980.0,80943.5,80980.0,175.63176184722903,79946.79923027377,inside_bullish_weak,up,True,False,0,0
2026-05-14 15:45:00+00:00,80979.9,81000.0,80962.0,80988.0,168.5152074295698,79968.40716630795,inside_bullish_weak,up,True,False,0,0
2026-05-14 15:46:00+00:00,80988.0,81021.5,80987.9,81021.5,168.5152074295698,79968.40716630795,bullish_pressure,up,True,False,0,0
2026-05-14 15:47:00+00:00,81021.5,81030.0,80999.9,81029.9,168.5152074295698,79968.40716630795,inside_bullish_weak,up,True,False,0,0
2026-05-14 15:48:00+00:00,81029.9,81030.0,81001.8,81018.0,168.5152074295698,79968.40716630795,inside_bar,up,True,False,0,0
2026-05-14 15:49:00+00:00,81018.0,81038.0,80971.5,81038.0,168.5152074295698,79968.40716630795,inside_bullish_weak,up,True,False,0,0
2026-05-14 15:50:00+00:00,81037.9,81126.1,81008.3,81120.9,174.8212640417436,79993.80504420285,breakout_up_weak,up,True,False,0,0
2026-05-14 15:51:00+00:00,81120.9,81161.7,81073.6,81113.6,174.8212640417436,79993.80504420285,exhaustion_up,up,True,False,0,1
2026-05-14 15:52:00+00:00,81113.7,81230.0,81113.7,81229.9,174.8212640417436,79993.80504420285,breakout_up_strong,up,True,False,0,0
2026-05-14 15:53:00+00:00,81229.9,81240.0,81223.4,81239.9,174.8212640417436,79993.80504420285,bullish_pressure,up,True,False,0,0
2026-05-14 15:54:00+00:00,81240.0,81265.1,81239.9,81251.0,174.8212640417436,79993.80504420285,exhaustion_up,up,True,False,0,1
2026-05-14 15:55:00+00:00,81251.0,81268.0,81240.0,81240.0,164.69117375304765,80018.5910829315,exhaustion_up,up,True,False,0,1
2026-05-14 15:56:00+00:00,81240.0,81257.8,81237.7,81237.7,164.69117375304765,80018.5910829315,exhaustion_up,up,True,False,0,1
2026-05-14 15:57:00+00:00,81237.8,81268.5,81237.7,81267.0,164.69117375304765,80018.5910829315,breakout_up_weak,up,True,False,0,0
2026-05-14 15:58:00+00:00,81267.0,81270.2,81254.0,81270.1,164.69117375304765,80018.5910829315,trend_continuation_up,up,True,False,0,0
2026-05-14 15:59:00+00:00,81270.1,81270.2,81237.2,81245.5,164.69117375304765,80018.5910829315,breakout_up_weak,up,True,False,0,0
2026-05-14 16:00:00+00:00,81245.6,81468.4,81245.5,81443.1,168.84894705640096,80043.80512089324,breakout_up_strong,up,True,False,0,0
2026-05-14 16:01:00+00:00,81443.0,81463.9,81303.5,81315.7,168.84894705640096,80043.80512089324,trend_continuation_up,up,True,False,0,0
2026-05-14 16:02:00+00:00,81315.6,81341.7,81270.0,81285.3,168.84894705640096,80043.80512089324,exhaustion_up,up,True,False,0,1
2026-05-14 16:03:00+00:00,81285.3,81309.7,81265.2,81302.5,168.84894705640096,80043.80512089324,trend_continuation_up,up,True,False,0,0
2026-05-14 16:04:00+00:00,81302.5,81317.4,81274.0,81291.9,168.84894705640096,80043.80512089324,inside_bearish_weak,up,True,False,0,0
2026-05-14 16:05:00+00:00,81292.0,81428.5,81291.9,81381.4,167.02402226665825,80071.14957394486,breakout_up_weak,up,True,False,0,0
2026-05-14 16:06:00+00:00,81381.4,81400.0,81327.8,81331.3,167.02402226665825,80071.14957394486,trend_continuation_up,up,True,False,0,0
2026-05-14 16:07:00+00:00,81331.4,81414.0,81331.3,81411.6,167.02402226665825,80071.14957394486,trend_continuation_up,up,True,False,0,0
2026-05-14 16:08:00+00:00,81411.5,81411.6,81368.6,81396.2,167.02402226665825,80071.14957394486,trend_continuation_up,up,True,False,0,0
2026-05-14 16:09:00+00:00,81396.2,81435.2,81392.8,81424.7,167.02402226665825,80071.14957394486,breakout_up_weak,up,True,False,0,0
2026-05-14 16:10:00+00:00,81424.8,81490.0,81424.6,81466.2,165.15802067618327,80099.5505724806,exhaustion_up,up,True,False,0,1
2026-05-14 16:11:00+00:00,81466.3,81496.4,81424.7,81485.5,165.15802067618327,80099.5505724806,trend_continuation_up,up,True,False,0,0
2026-05-14 16:12:00+00:00,81485.5,81563.6,81422.7,81465.8,165.15802067618327,80099.5505724806,exhaustion_up,up,True,False,0,1
2026-05-14 16:13:00+00:00,81465.8,81494.5,81451.9,81471.0,165.15802067618327,80099.5505724806,exhaustion_up,up,True,False,0,1
2026-05-14 16:14:00+00:00,81470.9,81537.5,81435.6,81505.4,165.15802067618327,80099.5505724806,breakout_up_weak,up,True,False,0,0
2026-05-14 16:15:00+00:00,81505.5,81526.4,81465.1,81479.9,166.64673348502734,80125.51392748098,trend_continuation_up,up,True,False,0,0
2026-05-14 16:16:00+00:00,81479.9,81485.0,81381.6,81388.7,166.64673348502734,80125.51392748098,bearish_pressure,up,True,False,0,0
2026-05-14 16:17:00+00:00,81388.6,81415.8,81340.4,81399.9,166.64673348502734,80125.51392748098,indecision,up,True,False,0,0
2026-05-14 16:18:00+00:00,81400.0,81431.0,81399.9,81428.8,166.64673348502734,80125.51392748098,bullish_pressure,up,True,False,0,0
2026-05-14 16:19:00+00:00,81428.7,81437.2,81369.1,81410.7,166.64673348502734,80125.51392748098,inside_bearish_weak,up,True,False,0,0
2026-05-14 16:20:00+00:00,81410.8,81444.7,81374.0,81389.2,163.6719668075254,80151.5255328774,inside_bearish_weak,up,True,False,0,0
2026-05-14 16:21:00+00:00,81389.3,81448.3,81382.9,81448.0,163.6719668075254,80151.5255328774,bullish_pressure,up,True,False,0,0
2026-05-14 16:22:00+00:00,81447.9,81455.0,81416.0,81442.8,163.6719668075254,80151.5255328774,indecision,up,True,False,0,0
2026-05-14 16:23:00+00:00,81442.8,81499.0,81424.3,81439.4,163.6719668075254,80151.5255328774,indecision,up,True,False,0,0
2026-05-14 16:24:00+00:00,81439.3,81439.4,81405.1,81439.1,163.6719668075254,80151.5255328774,indecision,up,True,False,0,0
2026-05-14 16:25:00+00:00,81439.1,81512.3,81402.5,81512.3,162.195397749845,80178.22601737487,breakout_up_weak,up,True,False,0,0
2026-05-14 16:26:00+00:00,81512.2,81520.0,81468.8,81468.8,162.195397749845,80178.22601737487,bearish_pressure,up,True,False,0,0
2026-05-14 16:27:00+00:00,81468.9,81500.0,81430.0,81499.9,162.195397749845,80178.22601737487,inside_bullish_weak,up,True,False,0,0
2026-05-14 16:28:00+00:00,81499.9,81545.5,81480.0,81545.4,162.195397749845,80178.22601737487,trend_continuation_up,up,True,False,0,0
2026-05-14 16:29:00+00:00,81545.4,81545.5,81479.0,81499.9,162.195397749845,80178.22601737487,bearish_pressure,up,True,False,0,0
2026-05-14 16:30:00+00:00,81500.0,81531.8,81488.6,81525.3,161.58144076771364,80202.47500712982,bullish_pressure,up,True,False,0,0
2026-05-14 16:31:00+00:00,81525.8,81541.5,81478.7,81478.7,161.58144076771364,80202.47500712982,bearish_pressure,up,True,False,0,0
2026-05-14 16:32:00+00:00,81478.8,81505.3,81458.0,81476.2,161.58144076771364,80202.47500712982,indecision,up,True,False,0,0
2026-05-14 16:33:00+00:00,81476.2,81493.7,81416.9,81442.5,161.58144076771364,80202.47500712982,inside_bearish_weak,up,True,False,0,0
2026-05-14 16:34:00+00:00,81442.5,81446.0,81387.9,81402.8,161.58144076771364,80202.47500712982,bearish_pressure,up,True,False,0,0
2026-05-14 16:35:00+00:00,81402.8,81436.0,81383.0,81428.5,161.20419499859145,80226.35867035498,bullish_pressure,up,True,False,0,0
2026-05-14 16:36:00+00:00,81428.5,81428.5,81337.9,81353.8,161.20419499859145,80226.35867035498,bearish_pressure,up,True,False,0,0
2026-05-14 16:37:00+00:00,81353.8,81353.9,81279.7,81331.8,161.20419499859145,80226.35867035498,inside_bearish_weak,up,True,False,0,0
2026-05-14 16:38:00+00:00,81331.9,81397.7,81331.8,81397.5,161.20419499859145,80226.35867035498,bullish_pressure,up,True,False,0,0
2026-05-14 16:39:00+00:00,81397.5,81424.3,81385.2,81408.6,161.20419499859145,80226.35867035498,inside_bullish_weak,up,True,False,0,0
2026-05-14 16:40:00+00:00,81408.5,81500.0,81407.0,81496.3,163.11103821297735,80250.64463727864,bullish_pressure,up,True,False,0,0
2026-05-14 16:41:00+00:00,81496.2,81524.3,81473.5,81524.3,163.11103821297735,80250.64463727864,bullish_pressure,up,True,False,0,0
2026-05-14 16:42:00+00:00,81524.3,81587.2,81483.9,81581.9,163.11103821297735,80250.64463727864,breakout_up_weak,up,True,False,0,0
2026-05-14 16:43:00+00:00,81581.9,81594.9,81500.2,81511.8,163.11103821297735,80250.64463727864,bearish_pressure,up,True,False,0,0
2026-05-14 16:44:00+00:00,81511.8,81517.7,81441.0,81452.8,163.11103821297735,80250.64463727864,bearish_pressure,up,True,False,0,0
2026-05-14 16:45:00+00:00,81452.7,81486.6,81318.7,81394.0,163.45310691205103,80272.07741673847,inside_bearish_weak,up,True,False,0,0
2026-05-14 16:46:00+00:00,81393.9,81399.8,81335.7,81390.0,163.45310691205103,80272.07741673847,inside_bar,up,True,False,0,0
2026-05-14 16:47:00+00:00,81390.1,81429.1,81390.0,81422.7,163.45310691205103,80272.07741673847,bullish_pressure,up,True,False,0,0
2026-05-14 16:48:00+00:00,81422.7,81424.0,81376.9,81387.4,163.45310691205103,80272.07741673847,bearish_pressure,up,True,False,0,0
2026-05-14 16:49:00+00:00,81387.4,81390.0,81333.0,81333.0,163.45310691205103,80272.07741673847,bearish_pressure,up,True,False,0,0
2026-05-14 16:50:00+00:00,81333.0,81373.0,81288.1,81304.2,176.9564564183331,80289.06598274365,trend_continuation_down,up,True,False,0,0
2026-05-14 16:51:00+00:00,81304.3,81317.3,81232.0,81232.0,176.9564564183331,80289.06598274365,breakout_down_weak,up,True,False,0,0
2026-05-14 16:52:00+00:00,81232.1,81243.1,81087.9,81111.1,176.9564564183331,80289.06598274365,bearish_pressure,up,True,False,0,0
2026-05-14 16:53:00+00:00,81111.2,81127.2,81020.5,81040.2,176.9564564183331,80289.06598274365,bearish_pressure,up,True,False,0,0
2026-05-14 16:54:00+00:00,81040.1,81134.5,81025.0,81130.0,176.9564564183331,80289.06598274365,bearish_pressure,up,True,False,0,0
2026-05-14 16:55:00+00:00,81130.0,81231.6,81121.5,81229.5,218.3452809598803,80319.76368605565,bullish_pressure,up,True,False,0,0
2026-05-14 16:56:00+00:00,81229.6,81263.1,81194.7,81262.5,218.3452809598803,80319.76368605565,bullish_pressure,up,True,False,0,0
2026-05-14 16:57:00+00:00,81262.4,81415.3,81262.4,81410.0,218.3452809598803,80319.76368605565,bullish_pressure,up,True,False,0,0
2026-05-14 16:58:00+00:00,81410.0,81580.3,81402.4,81569.0,218.3452809598803,80319.76368605565,bullish_pressure,up,True,False,0,0
2026-05-14 16:59:00+00:00,81569.0,81877.9,81567.0,81839.3,218.3452809598803,80319.76368605565,breakout_up_strong,up,True,False,0,0
2026-05-14 17:00:00+00:00,81839.2,81878.0,81739.0,81788.4,221.92061803417417,80352.28321702484,bullish_pressure,up,True,False,0,0
2026-05-14 17:01:00+00:00,81788.5,81824.4,81711.6,81799.2,221.92061803417417,80352.28321702484,bullish_pressure,up,True,False,0,0
2026-05-14 17:02:00+00:00,81799.1,81910.4,81799.1,81891.0,221.92061803417417,80352.28321702484,breakout_up_strong,up,True,False,0,0
2026-05-14 17:03:00+00:00,81891.0,81974.6,81880.0,81966.3,221.92061803417417,80352.28321702484,bullish_pressure,up,True,False,0,0
2026-05-14 17:04:00+00:00,81966.3,81980.0,81942.6,81962.0,221.92061803417417,80352.28321702484,exhaustion_up,up,True,False,0,1
2026-05-14 17:05:00+00:00,81962.0,81999.0,81953.0,81995.8,217.34771674601845,80382.75681668772,breakout_up_strong,up,True,False,0,0
2026-05-14 17:06:00+00:00,81995.8,81998.6,81913.7,81978.9,217.34771674601845,80382.75681668772,bullish_pressure,up,True,False,0,0
2026-05-14 17:07:00+00:00,81978.9,81978.9,81841.1,81914.2,217.34771674601845,80382.75681668772,breakout_up_strong,up,True,False,0,0
2026-05-14 17:08:00+00:00,81914.1,81929.6,81874.9,81910.3,217.34771674601845,80382.75681668772,bullish_pressure,up,True,False,0,0
2026-05-14 17:09:00+00:00,81910.3,81973.1,81891.1,81891.2,217.34771674601845,80382.75681668772,exhaustion_up,up,True,False,0,1
2026-05-14 17:16:00+00:00,81550.0,81588.0,81460.2,81479.5,228.9375720922296,80427.34696209746,bearish_pressure,up,True,False,0,0
2026-05-14 17:17:00+00:00,81479.5,81558.5,81448.2,81545.0,228.9375720922296,80427.34696209746,trend_continuation_down,up,True,False,0,0
2026-05-14 17:18:00+00:00,81545.1,81579.3,81404.0,81415.7,228.9375720922296,80427.34696209746,breakout_down_strong,up,True,False,0,0
2026-05-14 17:19:00+00:00,81415.8,81441.0,81363.5,81373.1,228.9375720922296,80427.34696209746,bearish_pressure,up,True,False,0,0
2026-05-14 17:20:00+00:00,81373.2,81456.3,81349.9,81456.3,230.72060265706995,80446.50048760048,breakout_down_weak,up,True,False,0,0
2026-05-14 17:21:00+00:00,81456.2,81465.5,81222.9,81271.5,230.72060265706995,80446.50048760048,breakout_down_strong,up,True,False,0,0
2026-05-14 17:22:00+00:00,81271.5,81418.6,81211.6,81410.0,230.72060265706995,80446.50048760048,trend_continuation_down,up,True,False,0,0
2026-05-14 17:23:00+00:00,81410.0,81421.9,81336.5,81375.0,230.72060265706995,80446.50048760048,exhaustion_down,up,True,False,1,0
2026-05-14 17:24:00+00:00,81375.0,81422.5,81340.3,81394.6,230.72060265706995,80446.50048760048,exhaustion_down,up,True,False,1,0
2026-05-14 17:25:00+00:00,81394.6,81394.7,81291.0,81371.3,224.62627389585026,80465.79354725196,exhaustion_down,up,True,False,1,0
2026-05-14 17:26:00+00:00,81371.2,81394.0,81336.9,81384.0,224.62627389585026,80465.79354725196,exhaustion_down,up,True,False,1,0
2026-05-14 17:27:00+00:00,81383.9,81433.0,81383.9,81407.2,224.62627389585026,80465.79354725196,bullish_pressure,up,True,False,0,0
2026-05-14 17:28:00+00:00,81407.2,81436.4,81380.1,81434.1,224.62627389585026,80465.79354725196,bullish_pressure,up,True,False,0,0
2026-05-14 17:29:00+00:00,81434.0,81434.0,81374.0,81420.8,224.62627389585026,80465.79354725196,inside_bearish_weak,up,True,False,0,0
2026-05-14 17:30:00+00:00,81420.8,81448.2,81381.0,81446.3,219.26725433186033,80486.86298195984,inside_bullish_weak,up,True,False,0,0
2026-05-14 17:31:00+00:00,81446.2,81530.4,81446.2,81469.6,219.26725433186033,80486.86298195984,inside_bullish_weak,up,True,False,0,0
2026-05-14 17:32:00+00:00,81469.6,81487.5,81380.8,81394.4,219.26725433186033,80486.86298195984,bearish_pressure,up,True,False,0,0
2026-05-14 17:33:00+00:00,81394.3,81452.3,81394.3,81422.3,219.26725433186033,80486.86298195984,bullish_pressure,up,True,False,0,0
2026-05-14 17:34:00+00:00,81422.3,81529.8,81420.0,81529.8,219.26725433186033,80486.86298195984,bullish_pressure,up,True,False,0,0
2026-05-14 17:35:00+00:00,81529.8,81683.1,81517.2,81668.8,216.62673616529906,80507.45381400024,trend_continuation_up,up,True,False,0,0
2026-05-14 17:36:00+00:00,81668.8,81668.8,81578.6,81585.7,216.62673616529906,80507.45381400024,bearish_pressure,up,True,False,0,0
2026-05-14 17:37:00+00:00,81585.8,81585.8,81525.7,81532.5,216.62673616529906,80507.45381400024,bearish_pressure,up,True,False,0,0
2026-05-14 17:38:00+00:00,81532.6,81554.3,81500.8,81546.0,216.62673616529906,80507.45381400024,inside_bullish_weak,up,True,False,0,0
2026-05-14 17:39:00+00:00,81546.0,81576.4,81520.0,81526.7,216.62673616529906,80507.45381400024,inside_bearish_weak,up,True,False,0,0
2026-05-14 17:40:00+00:00,81526.6,81536.8,81487.3,81508.3,214.69625501063527,80528.93591669331,inside_bearish_weak,up,True,False,0,0
2026-05-14 17:41:00+00:00,81508.2,81519.9,81450.4,81519.9,214.69625501063527,80528.93591669331,indecision,up,True,False,0,0
2026-05-14 17:42:00+00:00,81519.8,81590.0,81513.6,81589.9,214.69625501063527,80528.93591669331,bullish_pressure,up,True,False,0,0
2026-05-14 17:43:00+00:00,81589.9,81640.0,81589.8,81603.9,214.69625501063527,80528.93591669331,inside_bullish_weak,up,True,False,0,0
2026-05-14 17:44:00+00:00,81603.8,81605.4,81566.1,81592.3,214.69625501063527,80528.93591669331,inside_bearish_weak,up,True,False,0,0
2026-05-14 17:45:00+00:00,81592.3,81638.5,81592.3,81604.8,210.41080822416112,80552.18471042217,inside_bullish_weak,up,True,False,0,0
2026-05-14 17:46:00+00:00,81604.7,81698.9,81604.7,81671.6,210.41080822416112,80552.18471042217,breakout_up_weak,up,True,False,0,0
2026-05-14 17:47:00+00:00,81671.7,81727.3,81663.1,81727.3,210.41080822416112,80552.18471042217,trend_continuation_up,up,True,False,0,0
2026-05-14 17:48:00+00:00,81727.3,81736.2,81694.9,81727.8,210.41080822416112,80552.18471042217,trend_continuation_up,up,True,False,0,0
2026-05-14 17:49:00+00:00,81727.7,81747.0,81696.5,81703.0,210.41080822416112,80552.18471042217,exhaustion_up,up,True,False,0,1
2026-05-14 17:50:00+00:00,81703.0,81727.9,81690.0,81696.1,203.46717906529224,80574.676102295,indecision,up,True,False,0,0
2026-05-14 17:51:00+00:00,81696.1,81706.9,81671.9,81683.9,203.46717906529224,80574.676102295,inside_bearish_weak,up,True,False,0,0
2026-05-14 17:52:00+00:00,81683.8,81717.3,81637.4,81637.5,203.46717906529224,80574.676102295,bearish_pressure,up,True,False,0,0
2026-05-14 17:53:00+00:00,81637.4,81655.6,81614.7,81636.8,203.46717906529224,80574.676102295,indecision,up,True,False,0,0
2026-05-14 17:54:00+00:00,81636.7,81688.0,81622.0,81688.0,203.46717906529224,80574.676102295,bullish_pressure,up,True,False,0,0
2026-05-14 17:55:00+00:00,81687.9,81711.0,81687.9,81698.5,196.95523770348586,80595.37558541787,bullish_pressure,up,True,False,0,0
2026-05-14 17:56:00+00:00,81698.5,81717.0,81690.1,81692.3,196.95523770348586,80595.37558541787,inside_bearish_weak,up,True,False,0,0
2026-05-14 17:57:00+00:00,81692.3,81705.0,81660.5,81672.6,196.95523770348586,80595.37558541787,inside_bearish_weak,up,True,False,0,0
2026-05-14 17:58:00+00:00,81672.6,81676.6,81653.1,81676.5,196.95523770348586,80595.37558541787,indecision,up,True,False,0,0
2026-05-14 17:59:00+00:00,81676.6,81680.0,81604.7,81620.0,196.95523770348586,80595.37558541787,bearish_pressure,up,True,False,0,0
2026-05-14 18:00:00+00:00,81620.0,81641.5,81511.1,81511.1,198.30843501037933,80612.23547481555,breakout_down_weak,up,True,False,0,0
2026-05-14 18:01:00+00:00,81511.1,81525.6,81450.0,81469.0,198.30843501037933,80612.23547481555,trend_continuation_down,up,True,False,0,0
2026-05-14 18:02:00+00:00,81468.9,81505.8,81449.9,81501.7,198.30843501037933,80612.23547481555,trend_continuation_down,up,True,False,0,0
2026-05-14 18:03:00+00:00,81501.7,81501.7,81450.0,81460.0,198.30843501037933,80612.23547481555,trend_continuation_down,up,True,False,0,0
2026-05-14 18:04:00+00:00,81459.9,81489.4,81425.6,81446.8,198.30843501037933,80612.23547481555,trend_continuation_down,up,True,False,0,0
2026-05-14 18:05:00+00:00,81446.9,81473.6,81427.6,81462.6,202.88640393820896,80633.49813868057,exhaustion_down,up,True,False,1,0
2026-05-14 18:12:00+00:00,81793.5,81794.9,81735.7,81773.9,197.25880365690873,80656.59718543939,trend_continuation_up,up,True,False,0,0
2026-05-14 18:13:00+00:00,81774.0,81792.3,81773.9,81791.2,197.25880365690873,80656.59718543939,trend_continuation_up,up,True,False,0,0
2026-05-14 18:14:00+00:00,81791.2,81800.0,81791.1,81800.0,197.25880365690873,80656.59718543939,trend_continuation_up,up,True,False,0,0
2026-05-14 18:15:00+00:00,81800.0,81800.0,81739.8,81748.2,193.29031768141502,80679.86456790593,bearish_pressure,up,True,False,0,0
2026-05-14 18:16:00+00:00,81748.3,81785.8,81706.8,81725.0,193.29031768141502,80679.86456790593,inside_bearish_weak,up,True,False,0,0
2026-05-14 18:17:00+00:00,81724.9,81753.7,81694.3,81753.7,193.29031768141502,80679.86456790593,bullish_pressure,up,True,False,0,0
2026-05-14 18:18:00+00:00,81753.6,81780.0,81753.6,81767.4,193.29031768141502,80679.86456790593,bullish_pressure,up,True,False,0,0
2026-05-14 18:19:00+00:00,81767.3,81836.0,81767.3,81831.6,193.29031768141502,80679.86456790593,breakout_up_weak,up,True,False,0,0
2026-05-14 18:20:00+00:00,81831.6,81850.1,81816.7,81850.1,185.183866418457,80703.78804180877,trend_continuation_up,up,True,False,0,0
2026-05-14 18:21:00+00:00,81850.0,81877.2,81828.4,81828.4,185.183866418457,80703.78804180877,exhaustion_up,up,True,False,0,1
2026-05-14 18:22:00+00:00,81828.4,81865.2,81828.4,81865.1,185.183866418457,80703.78804180877,trend_continuation_up,up,True,False,0,0
2026-05-14 18:23:00+00:00,81865.2,81865.2,81808.2,81845.9,185.183866418457,80703.78804180877,inside_bearish_weak,up,True,False,0,0
2026-05-14 18:24:00+00:00,81846.0,81888.0,81838.5,81888.0,185.183866418457,80703.78804180877,breakout_up_weak,up,True,False,0,0
2026-05-14 18:25:00+00:00,81888.0,81912.0,81834.5,81834.6,179.95644738856723,80725.7546152383,bearish_pressure,up,True,False,0,0
2026-05-14 18:26:00+00:00,81834.6,81860.6,81831.0,81858.7,179.95644738856723,80725.7546152383,bullish_pressure,up,True,False,0,0
2026-05-14 18:27:00+00:00,81858.7,81871.6,81833.5,81843.2,179.95644738856723,80725.7546152383,inside_bearish_weak,up,True,False,0,0
2026-05-14 18:28:00+00:00,81843.3,81872.7,81835.8,81841.2,179.95644738856723,80725.7546152383,indecision,up,True,False,0,0
2026-05-14 18:29:00+00:00,81841.2,81865.0,81800.0,81813.1,179.95644738856723,80725.7546152383,inside_bearish_weak,up,True,False,0,0
2026-05-14 18:30:00+00:00,81813.1,81813.2,81780.0,81804.3,191.18812971795506,80741.08224661973,inside_bearish_weak,up,True,False,0,0
2026-05-14 18:31:00+00:00,81804.2,81823.7,81758.7,81783.2,191.18812971795506,80741.08224661973,inside_bearish_weak,up,True,False,0,0
2026-05-14 18:32:00+00:00,81783.2,81791.0,81753.0,81756.0,191.18812971795506,80741.08224661973,bearish_pressure,up,True,False,0,0
2026-05-14 18:33:00+00:00,81756.0,81759.8,81500.0,81516.6,191.18812971795506,80741.08224661973,breakout_down_strong,up,True,False,0,0
2026-05-14 18:34:00+00:00,81515.5,81556.1,81486.5,81499.8,191.18812971795506,80741.08224661973,bearish_pressure,up,True,False,0,0
2026-05-14 18:35:00+00:00,81499.8,81544.7,81490.1,81527.4,183.74612045238683,80756.82913282528,bearish_pressure,up,True,False,0,0
2026-05-14 18:36:00+00:00,81527.4,81530.6,81500.0,81500.0,183.74612045238683,80756.82913282528,bearish_pressure,up,True,False,0,0
2026-05-14 18:37:00+00:00,81500.1,81546.1,81477.4,81546.1,183.74612045238683,80756.82913282528,trend_continuation_down,up,True,False,0,0
2026-05-14 18:38:00+00:00,81546.1,81549.8,81513.9,81520.0,183.74612045238683,80756.82913282528,trend_continuation_down,up,True,False,0,0
2026-05-14 18:39:00+00:00,81520.0,81564.4,81500.0,81536.3,183.74612045238683,80756.82913282528,trend_continuation_down,up,True,False,0,0
2026-05-14 18:40:00+00:00,81536.0,81536.1,81463.7,81470.8,177.1928261343592,80771.29984306637,breakout_down_weak,up,True,False,0,0
2026-05-14 18:41:00+00:00,81470.8,81479.0,81444.3,81445.8,177.1928261343592,80771.29984306637,trend_continuation_down,up,True,False,0,0
2026-05-14 18:42:00+00:00,81445.8,81508.9,81445.8,81500.9,177.1928261343592,80771.29984306637,breakout_down_weak,up,True,False,0,0
2026-05-14 18:43:00+00:00,81500.9,81500.9,81487.5,81500.5,177.1928261343592,80771.29984306637,inside_bar,up,True,False,0,0
2026-05-14 18:44:00+00:00,81500.6,81506.6,81487.6,81487.6,177.1928261343592,80771.29984306637,breakout_down_weak,up,True,False,0,0
2026-05-14 18:45:00+00:00,81487.6,81491.9,81461.9,81462.1,172.15762426761904,80786.15727191654,breakout_down_weak,up,True,False,0,0
2026-05-14 18:46:00+00:00,81462.0,81544.5,81462.0,81541.9,172.15762426761904,80786.15727191654,bullish_pressure,up,True,False,0,0
2026-05-14 18:47:00+00:00,81541.8,81544.0,81521.0,81540.0,172.15762426761904,80786.15727191654,inside_bar,up,True,False,0,0
2026-05-14 18:48:00+00:00,81540.0,81540.0,81454.7,81505.9,172.15762426761904,80786.15727191654,inside_bearish_weak,up,True,False,0,0
2026-05-14 18:49:00+00:00,81506.0,81561.4,81506.0,81521.6,172.15762426761904,80786.15727191654,inside_bullish_weak,up,True,False,0,0
2026-05-14 18:50:00+00:00,81521.6,81521.7,81470.0,81470.0,169.72493681993237,80798.64326653206,bearish_pressure,up,True,False,0,0
2026-05-14 18:51:00+00:00,81470.0,81470.1,81440.4,81446.2,169.72493681993237,80798.64326653206,bearish_pressure,up,True,False,0,0
2026-05-14 18:52:00+00:00,81446.2,81524.1,81446.1,81524.1,169.72493681993237,80798.64326653206,bullish_pressure,up,True,False,0,0
2026-05-14 18:53:00+00:00,81524.1,81524.1,81386.0,81394.4,169.72493681993237,80798.64326653206,trend_continuation_down,up,True,False,0,0
2026-05-14 18:54:00+00:00,81394.3,81433.4,81394.3,81416.7,169.72493681993237,80798.64326653206,trend_continuation_down,up,True,False,0,0
2026-05-14 18:55:00+00:00,81416.7,81500.0,81416.7,81500.0,171.88744133279434,80813.12359788787,bullish_pressure,up,True,False,0,0
2026-05-14 18:56:00+00:00,81500.0,81533.3,81485.1,81533.3,171.88744133279434,80813.12359788787,bullish_pressure,up,True,False,0,0
2026-05-14 18:57:00+00:00,81533.3,81616.7,81514.1,81577.7,171.88744133279434,80813.12359788787,inside_bullish_weak,up,True,False,0,0
2026-05-14 18:58:00+00:00,81577.7,81583.2,81543.3,81547.4,171.88744133279434,80813.12359788787,bearish_pressure,up,True,False,0,0
2026-05-14 18:59:00+00:00,81547.4,81561.7,81528.0,81529.9,171.88744133279434,80813.12359788787,bearish_pressure,up,True,False,0,0
2026-05-14 19:00:00+00:00,81530.0,81544.6,81513.9,81541.8,171.32405266616618,80828.7072890188,inside_bullish_weak,up,True,False,0,0
2026-05-14 19:01:00+00:00,81541.8,81649.4,81541.7,81623.3,171.32405266616618,80828.7072890188,bullish_pressure,up,True,False,0,0
2026-05-14 19:02:00+00:00,81623.3,81677.9,81602.8,81663.2,171.32405266616618,80828.7072890188,trend_continuation_up,up,True,False,0,0
2026-05-14 19:03:00+00:00,81663.1,81663.2,81622.4,81637.4,171.32405266616618,80828.7072890188,bearish_pressure,up,True,False,0,0
2026-05-14 19:04:00+00:00,81637.3,81654.8,81600.0,81600.1,171.32405266616618,80828.7072890188,bearish_pressure,up,True,False,0,0
2026-05-14 19:05:00+00:00,81600.0,81660.6,81600.0,81639.1,166.2723346185833,80843.40417438476,bullish_pressure,up,True,False,0,0
2026-05-14 19:06:00+00:00,81639.0,81650.0,81609.9,81647.1,166.2723346185833,80843.40417438476,inside_bar,up,True,False,0,0
2026-05-14 19:07:00+00:00,81647.2,81647.2,81580.0,81580.0,166.2723346185833,80843.40417438476,bearish_pressure,up,True,False,0,0
2026-05-14 19:08:00+00:00,81580.1,81602.0,81560.0,81601.9,166.2723346185833,80843.40417438476,bullish_pressure,up,True,False,0,0
2026-05-14 19:09:00+00:00,81602.0,81612.6,81560.8,81570.9,166.2723346185833,80843.40417438476,bearish_pressure,up,True,False,0,0
2026-05-14 19:10:00+00:00,81571.0,81580.0,81558.2,81558.2,161.48859643154182,80856.44567588209,bearish_pressure,up,True,False,0,0
2026-05-14 19:11:00+00:00,81558.3,81581.0,81558.3,81580.9,161.48859643154182,80856.44567588209,bullish_pressure,up,True,False,0,0
2026-05-14 19:12:00+00:00,81581.0,81582.0,81550.0,81564.1,161.48859643154182,80856.44567588209,bearish_pressure,up,True,False,0,0
2026-05-14 19:13:00+00:00,81564.1,81564.1,81523.0,81523.0,161.48859643154182,80856.44567588209,bearish_pressure,up,True,False,0,0
2026-05-14 19:14:00+00:00,81523.0,81530.0,81482.7,81502.0,161.48859643154182,80856.44567588209,inside_bearish_weak,up,True,False,0,0
2026-05-14 19:15:00+00:00,81501.9,81501.9,81446.0,81451.1,161.50369668643148,80870.1774446765,breakout_down_weak,up,True,False,0,0
2026-05-14 19:16:00+00:00,81451.1,81475.3,81440.0,81446.0,161.50369668643148,80870.1774446765,indecision,up,True,False,0,0
2026-05-14 19:17:00+00:00,81446.0,81475.0,81446.0,81475.0,161.50369668643148,80870.1774446765,bullish_pressure,up,True,False,0,0
2026-05-14 19:18:00+00:00,81474.9,81601.7,81474.9,81576.7,161.50369668643148,80870.1774446765,bullish_pressure,up,True,False,0,0
2026-05-14 19:19:00+00:00,81576.7,81579.2,81539.1,81549.9,161.50369668643148,80870.1774446765,bearish_pressure,up,True,False,0,0
2026-05-14 19:20:00+00:00,81549.9,81562.8,81549.9,81550.0,163.23914692311516,80880.72046557399,inside_bar,up,True,False,0,0
2026-05-14 19:21:00+00:00,81550.0,81562.4,81531.8,81550.1,163.23914692311516,80880.72046557399,indecision,up,True,False,0,0
2026-05-14 19:22:00+00:00,81550.0,81561.6,81532.8,81561.5,163.23914692311516,80880.72046557399,inside_bar,up,True,False,0,0
2026-05-14 19:23:00+00:00,81561.6,81561.6,81517.1,81517.1,163.23914692311516,80880.72046557399,bearish_pressure,up,True,False,0,0
2026-05-14 19:24:00+00:00,81517.1,81517.1,81377.0,81402.6,163.23914692311516,80880.72046557399,breakout_down_weak,up,True,False,0,0
2026-05-14 19:25:00+00:00,81402.5,81422.0,81335.2,81409.9,163.34349357146385,80888.92600090915,exhaustion_down,up,True,False,1,0
2026-05-14 19:26:00+00:00,81409.9,81414.7,81384.8,81401.5,163.34349357146385,80888.92600090915,exhaustion_down,up,True,False,1,0
2026-05-14 19:27:00+00:00,81401.6,81401.6,81257.3,81342.5,163.34349357146385,80888.92600090915,exhaustion_down,up,True,False,1,0
2026-05-14 19:28:00+00:00,81342.5,81342.5,81302.6,81302.6,163.34349357146385,80888.92600090915,trend_continuation_down,up,True,False,0,0
2026-05-14 19:29:00+00:00,81302.6,81326.4,81290.3,81295.1,163.34349357146385,80888.92600090915,trend_continuation_down,up,True,False,0,0
2026-05-14 19:30:00+00:00,81295.1,81320.0,81280.3,81315.8,163.0832440306448,80899.67598108917,exhaustion_down,up,True,False,1,0
2026-05-14 19:31:00+00:00,81315.9,81369.8,81315.8,81364.9,163.0832440306448,80899.67598108917,bullish_pressure,up,True,False,0,0
2026-05-14 19:32:00+00:00,81364.9,81433.5,81364.8,81433.5,163.0832440306448,80899.67598108917,bullish_pressure,up,True,False,0,0
2026-05-14 19:33:00+00:00,81433.4,81433.5,81400.0,81411.1,163.0832440306448,80899.67598108917,bearish_pressure,up,True,False,0,0
2026-05-14 19:34:00+00:00,81411.2,81440.0,81404.1,81431.8,163.0832440306448,80899.67598108917,bullish_pressure,up,True,False,0,0
2026-05-14 19:35:00+00:00,81431.8,81431.9,81328.0,81328.1,160.7058694570265,80908.39526859234,bearish_pressure,up,True,False,0,0
2026-05-14 19:36:00+00:00,81328.0,81337.1,81303.3,81335.6,160.7058694570265,80908.39526859234,inside_bullish_weak,up,True,False,0,0
2026-05-14 19:37:00+00:00,81335.0,81335.0,81302.1,81310.8,160.7058694570265,80908.39526859234,bearish_pressure,up,True,False,0,0
2026-05-14 19:38:00+00:00,81310.8,81344.6,81310.8,81329.4,160.7058694570265,80908.39526859234,bullish_pressure,up,True,False,0,0
2026-05-14 19:39:00+00:00,81329.3,81350.0,81303.2,81340.0,160.7058694570265,80908.39526859234,inside_bullish_weak,up,True,False,0,0
2026-05-14 19:40:00+00:00,81340.0,81370.4,81337.7,81361.2,155.54116449581096,80917.98942168952,bullish_pressure,up,True,False,0,0
2026-05-14 19:41:00+00:00,81361.1,81374.4,81327.7,81368.3,155.54116449581096,80917.98942168952,indecision,up,True,False,0,0
2026-05-14 19:42:00+00:00,81368.3,81388.0,81368.2,81384.6,155.54116449581096,80917.98942168952,bullish_pressure,up,True,False,0,0
2026-05-14 19:43:00+00:00,81384.6,81384.6,81357.6,81375.2,155.54116449581096,80917.98942168952,inside_bearish_weak,up,True,False,0,0
2026-05-14 19:44:00+00:00,81375.1,81416.1,81375.1,81392.9,155.54116449581096,80917.98942168952,inside_bullish_weak,up,True,False,0,0
2026-05-14 19:45:00+00:00,81392.8,81392.9,81375.4,81377.6,149.2739384603961,80926.66289848775,bearish_pressure,up,True,False,0,0
2026-05-14 19:46:00+00:00,81377.6,81394.5,81369.5,81391.7,149.2739384603961,80926.66289848775,bullish_pressure,up,True,False,0,0
2026-05-14 19:47:00+00:00,81391.7,81397.3,81360.0,81377.4,149.2739384603961,80926.66289848775,inside_bearish_weak,up,True,False,0,0
2026-05-14 19:48:00+00:00,81377.4,81381.5,81329.5,81371.8,149.2739384603961,80926.66289848775,indecision,up,True,False,0,0
2026-05-14 19:49:00+00:00,81371.7,81371.8,81343.7,81356.0,149.2739384603961,80926.66289848775,bearish_pressure,up,True,False,0,0
2026-05-14 19:50:00+00:00,81356.0,81380.4,81336.4,81359.6,146.41151428465432,80936.59828663651,indecision,up,True,False,0,0
2026-05-14 19:51:00+00:00,81359.5,81359.5,81322.9,81332.7,146.41151428465432,80936.59828663651,bearish_pressure,up,True,False,0,0
2026-05-14 19:52:00+00:00,81332.8,81400.0,81332.7,81386.4,146.41151428465432,80936.59828663651,bullish_pressure,up,True,False,0,0
2026-05-14 19:53:00+00:00,81386.4,81427.3,81381.6,81427.3,146.41151428465432,80936.59828663651,bullish_pressure,up,True,False,0,0
2026-05-14 19:54:00+00:00,81427.2,81432.1,81388.1,81428.4,146.41151428465432,80936.59828663651,indecision,up,True,False,0,0
2026-05-14 19:55:00+00:00,81428.5,81428.5,81352.6,81360.6,144.81069183575045,80945.25376610905,bearish_pressure,up,True,False,0,0
2026-05-14 19:56:00+00:00,81360.5,81381.0,81350.0,81371.4,144.81069183575045,80945.25376610905,inside_bullish_weak,up,True,False,0,0
2026-05-14 19:57:00+00:00,81371.5,81372.4,81358.7,81360.5,144.81069183575045,80945.25376610905,bearish_pressure,up,True,False,0,0
2026-05-14 19:58:00+00:00,81360.6,81360.6,81335.1,81342.9,144.81069183575045,80945.25376610905,bearish_pressure,up,True,False,0,0
2026-05-14 19:59:00+00:00,81342.9,81393.4,81304.5,81373.7,144.81069183575045,80945.25376610905,inside_bullish_weak,up,True,False,0,0
2026-05-14 20:00:00+00:00,81373.8,81406.6,81373.8,81400.0,144.752785276054,80956.03685984945,bullish_pressure,up,True,False,0,0
2026-05-14 20:01:00+00:00,81400.0,81432.9,81400.0,81426.3,144.752785276054,80956.03685984945,bullish_pressure,up,True,False,0,0
2026-05-14 20:02:00+00:00,81426.2,81447.3,81426.2,81440.1,144.752785276054,80956.03685984945,bullish_pressure,up,True,False,0,0
2026-05-14 20:03:00+00:00,81440.0,81475.8,81440.0,81469.3,144.752785276054,80956.03685984945,bullish_pressure,up,True,False,0,0
2026-05-14 20:04:00+00:00,81469.3,81517.7,81469.2,81489.8,144.752785276054,80956.03685984945,inside_bullish_weak,up,True,False,0,0
2026-05-14 20:05:00+00:00,81489.8,81507.9,81420.5,81432.5,142.949014899193,80966.57276361481,bearish_pressure,up,True,False,0,0
2026-05-14 20:06:00+00:00,81432.5,81522.7,81429.4,81522.7,142.949014899193,80966.57276361481,trend_continuation_up,up,True,False,0,0
2026-05-14 20:07:00+00:00,81522.7,81540.0,81509.2,81522.2,142.949014899193,80966.57276361481,indecision,up,True,False,0,0
2026-05-14 20:08:00+00:00,81522.2,81522.2,81476.9,81506.2,142.949014899193,80966.57276361481,inside_bearish_weak,up,True,False,0,0
2026-05-14 20:09:00+00:00,81506.2,81506.3,81471.2,81488.1,142.949014899193,80966.57276361481,bearish_pressure,up,True,False,0,0
2026-05-14 20:10:00+00:00,81488.2,81505.6,81480.2,81491.9,148.44551383496557,80972.93171879074,inside_bar,up,True,False,0,0
2026-05-14 20:11:00+00:00,81491.9,81496.0,81467.9,81468.0,148.44551383496557,80972.93171879074,bearish_pressure,up,True,False,0,0
2026-05-14 20:12:00+00:00,81468.0,81468.0,81409.6,81409.6,148.44551383496557,80972.93171879074,bearish_pressure,up,True,False,0,0
2026-05-14 20:13:00+00:00,81409.7,81409.7,81389.4,81389.4,148.44551383496557,80972.93171879074,bearish_pressure,up,True,False,0,0
2026-05-14 20:14:00+00:00,81389.5,81389.5,81285.7,81287.7,148.44551383496557,80972.93171879074,breakout_down_weak,up,True,False,0,0
2026-05-14 20:15:00+00:00,81287.8,81341.3,81273.6,81323.6,145.34226284675373,80978.54495208201,bullish_pressure,up,True,False,0,0
2026-05-14 20:16:00+00:00,81323.6,81361.4,81292.0,81295.1,145.34226284675373,80978.54495208201,trend_continuation_down,up,True,False,0,0
2026-05-14 20:17:00+00:00,81295.0,81314.1,81274.2,81274.2,145.34226284675373,80978.54495208201,trend_continuation_down,up,True,False,0,0
2026-05-14 20:18:00+00:00,81274.2,81295.0,81274.2,81295.0,145.34226284675373,80978.54495208201,bullish_pressure,up,True,False,0,0
2026-05-14 20:19:00+00:00,81295.0,81295.0,81256.4,81256.4,145.34226284675373,80978.54495208201,breakout_down_weak,up,True,False,0,0
2026-05-14 20:20:00+00:00,81256.4,81263.6,81165.0,81234.0,142.46781550055746,80984.2173292685,exhaustion_down,up,True,False,1,0
2026-05-14 20:21:00+00:00,81234.0,81245.5,81206.0,81226.4,142.46781550055746,80984.2173292685,exhaustion_down,up,True,False,1,0
2026-05-14 20:22:00+00:00,81226.4,81255.0,81226.4,81243.5,142.46781550055746,80984.2173292685,bullish_pressure,up,True,False,0,0
2026-05-14 20:23:00+00:00,81243.5,81248.9,81174.1,81227.2,142.46781550055746,80984.2173292685,inside_bearish_weak,up,True,False,0,0
2026-05-14 20:24:00+00:00,81227.2,81270.1,81223.9,81265.0,142.46781550055746,80984.2173292685,bullish_pressure,up,True,False,0,0
2026-05-14 20:25:00+00:00,81265.0,81272.4,81237.7,81237.7,138.89868582194623,80989.13381779783,bearish_pressure,neutral,True,False,0,0
2026-05-14 20:26:00+00:00,81237.8,81237.8,81201.5,81223.2,138.89868582194623,80989.13381779783,inside_bearish_weak,neutral,True,False,0,0
2026-05-14 20:27:00+00:00,81223.1,81228.0,81179.9,81196.3,138.89868582194623,80989.13381779783,bearish_pressure,neutral,True,False,0,0
2026-05-14 20:28:00+00:00,81196.8,81229.6,81196.8,81211.2,138.89868582194623,80989.13381779783,inside_bullish_weak,neutral,True,False,0,0
2026-05-14 20:29:00+00:00,81211.3,81232.5,81211.2,81232.5,138.89868582194623,80989.13381779783,bullish_pressure,neutral,True,False,0,0
2026-05-14 20:30:00+00:00,81232.5,81258.2,81227.1,81237.4,134.95592254894987,80993.11136596024,indecision,neutral,True,False,0,0
2026-05-14 20:31:00+00:00,81237.4,81241.8,81211.0,81219.9,134.95592254894987,80993.11136596024,bearish_pressure,neutral,True,False,0,0
2026-05-14 20:32:00+00:00,81220.0,81263.8,81214.1,81239.9,134.95592254894987,80993.11136596024,inside_bullish_weak,neutral,True,False,0,0
2026-05-14 20:33:00+00:00,81239.9,81240.0,81211.0,81211.1,134.95592254894987,80993.11136596024,bearish_pressure,neutral,True,False,0,0
2026-05-14 20:34:00+00:00,81211.0,81211.1,81180.1,81190.0,134.95592254894987,80993.11136596024,bearish_pressure,neutral,True,False,0,0
2026-05-14 20:35:00+00:00,81189.9,81190.0,81164.2,81173.3,130.68764236688182,80995.78836861449,bearish_pressure,neutral,True,False,0,0
2026-05-14 20:36:00+00:00,81173.4,81185.2,81164.2,81169.6,130.68764236688182,80995.78836861449,inside_bar,neutral,True,False,0,0
2026-05-14 20:37:00+00:00,81169.7,81169.7,81151.0,81156.1,130.68764236688182,80995.78836861449,bearish_pressure,neutral,True,False,0,0
2026-05-14 20:38:00+00:00,81156.1,81183.8,81156.1,81156.3,130.68764236688182,80995.78836861449,indecision,neutral,True,False,0,0
2026-05-14 20:39:00+00:00,81156.3,81156.3,81114.8,81128.3,130.68764236688182,80995.78836861449,bearish_pressure,neutral,True,False,0,0
2026-05-14 20:40:00+00:00,81128.2,81137.3,81127.2,81133.6,127.01709648353332,80999.90741082013,bullish_pressure,neutral,True,False,0,0
2026-05-14 20:41:00+00:00,81133.6,81164.3,81133.6,81139.0,127.01709648353332,80999.90741082013,indecision,neutral,True,False,0,0
2026-05-14 20:42:00+00:00,81138.9,81173.3,81138.9,81173.3,127.01709648353332,80999.90741082013,bullish_pressure,neutral,True,False,0,0
2026-05-14 20:43:00+00:00,81173.2,81187.3,81173.2,81173.3,127.01709648353332,80999.90741082013,indecision,neutral,True,False,0,0
2026-05-14 20:44:00+00:00,81173.3,81206.5,81173.3,81203.8,127.01709648353332,80999.90741082013,bullish_pressure,neutral,True,False,0,0
2026-05-14 20:45:00+00:00,81203.9,81235.5,81203.8,81229.8,125.58016102042338,81006.04785813062,bullish_pressure,neutral,True,False,0,0
2026-05-14 20:46:00+00:00,81229.9,81294.5,81229.8,81281.3,125.58016102042338,81006.04785813062,bullish_pressure,neutral,True,False,0,0
2026-05-14 20:47:00+00:00,81281.3,81310.7,81265.9,81265.9,125.58016102042338,81006.04785813062,inside_bearish_weak,neutral,True,False,0,0
2026-05-14 20:48:00+00:00,81266.0,81300.0,81265.9,81292.7,125.58016102042338,81006.04785813062,bullish_pressure,neutral,True,False,0,0
2026-05-14 20:49:00+00:00,81292.8,81310.1,81292.8,81310.0,125.58016102042338,81006.04785813062,bullish_pressure,neutral,True,False,0,0
2026-05-14 20:50:00+00:00,81309.9,81354.0,81309.9,81327.9,124.65300666182212,81012.93799955379,inside_bullish_weak,neutral,True,False,0,0
2026-05-14 20:51:00+00:00,81327.9,81389.0,81327.9,81379.1,124.65300666182212,81012.93799955379,breakout_up_weak,neutral,True,False,0,0
2026-05-14 20:52:00+00:00,81379.1,81417.1,81379.0,81410.0,124.65300666182212,81012.93799955379,trend_continuation_up,neutral,True,False,0,0
2026-05-14 20:53:00+00:00,81410.0,81422.5,81398.0,81398.1,124.65300666182212,81012.93799955379,exhaustion_up,neutral,True,False,0,0
2026-05-14 20:54:00+00:00,81398.0,81398.0,81354.0,81354.0,124.65300666182212,81012.93799955379,bearish_pressure,neutral,True,False,0,0
2026-05-14 21:00:00+00:00,81372.0,81439.8,81372.0,81393.1,120.01866390738687,81026.38781821652,inside_bullish_weak,neutral,True,False,0,0
2026-05-14 21:01:00+00:00,81393.2,81405.5,81345.1,81345.1,120.01866390738687,81026.38781821652,bearish_pressure,neutral,True,False,0,0
2026-05-14 21:02:00+00:00,81345.1,81345.6,81318.9,81345.6,120.01866390738687,81026.38781821652,indecision,neutral,True,False,0,0
2026-05-14 21:03:00+00:00,81345.6,81373.4,81345.1,81345.2,120.01866390738687,81026.38781821652,indecision,neutral,True,False,0,0
2026-05-14 21:04:00+00:00,81345.2,81345.2,81317.3,81340.3,120.01866390738687,81026.38781821652,indecision,neutral,True,False,0,0
